Code,Description,Abbreviation
A00,Cholera,CHOL
A00.0,"Cholera due to Vibrio cholerae 01, biovar cholerae Classical cholera",CVC
A00.1,"Cholera due to Vibrio cholerae 01, biovar eltor Cholera eltor",CVC
A00.9,"Cholera, unspecified",CHOL NOS
A00–A08,agents noninfective (see noninfectious) diarrhoea (K52.9) noninfective (see noninfectious) diarrhoea: • neonatal (P78.3),AND
A00–A09,• infectious • noninfective (P78.3) ophthalmia neonatorum due to gonococcus (A54.3) tetanus neonatorum (A33),•I•
A00–B99,"and J09–J11, but not itself manifesting that disease",JBN
A00–R99,localized toxic effects classified elsewhere,LTE
A01,Typhoid and paratyphoid fevers,TPF
A01.0,Typhoid fever Infection due to Salmonella typhi,TFI
A01.1,Paratyphoid fever A,PFA
A01.2,Paratyphoid fever B,PFB
A01.3,Paratyphoid fever C,PFC
A01.4,"Paratyphoid fever, unspecified Infection due to Salmonella paratyphi NOS",PFI NOS
A01–A02,• due to Salmonella • jaw (K10.2) • vertebra (M46.2),•S•
A02,Other Salmonella infections,SI
A02.0,Salmonella enteritis Salmonellosis,SES
A02.1,Salmonella sepsis,SS
A02.2,Localized Salmonella infections Salmonella: • arthritis† (M01.3*) • meningitis† (G01*) • osteomyelitis† (M90.2*) • pneumonia† (J17.0*) • renal tubulo-interstitial disease† (N16.0*),LSI
A02.8,Other specified Salmonella infections,SI
A02.9,"Salmonella infection, unspecified",SI NOS
A03,Shigellosis,SHIG
A03.0,Shigellosis due to Shigella dysenteriae Group A shigellosis [Shiga–Kruse dysentery],SSD
A03.1,Shigellosis due to Shigella flexneri Group B shigellosis,SSF
A03.2,Shigellosis due to Shigella boydii Group C shigellosis,SSB
A03.3,Shigellosis due to Shigella sonnei Group D shigellosis,SSS
A03.8,Other shigellosis,SHIG
A03.9,"Shigellosis, unspecified Bacillary dysentery NOS",SBD NOS
A04,Other bacterial intestinal infectionons,BII
A04.0,Enteropathogenic Escherichia coli infection,EEC
A04.1,Enterotoxigenic Escherichia coli infection,EEC
A04.2,Enteroinvasive Escherichia coli infection,EEC
A04.3,Enterohaemorrhagic Escherichia coli infection,EEC
A04.4,Other intestinal Escherichia coli infections Escherichia coli enteritis NOS,IEC NOS
A04.5,Campylobacter enteritis,CE
A04.6,Enteritis due to Yersinia enterocolitica,EYE
A04.7,Enterocolitis due to Clostridium difficile Foodborne intoxication by Clostridium difficile Pseudomembranous colitis,ECD
A04.8,Other specified bacterial intestinal infections,BII
A04.9,"Bacterial intestinal infection, unspecified Bacterial enteritis NOS",BII NOS
A05,"Other bacterial foodborne intoxications, not elsewhere classified",BFI
A05.0,Foodborne staphylococcal intoxication,FSI
A05.1,Botulism Classical foodborne intoxication due to Clostridium botulinum,BCF
A05.2,Foodborne Clostridium perfringens [Clostridium welchii] intoxication Enteritis necroticans Pig-bel,FCP
A05.3,Foodborne Vibrio parahaemolyticus intoxication,FVP
A05.4,Foodborne Bacillus cereus intoxication,FBC
A05.8,Other specified bacterial foodborne intoxications,BFI
A05.9,"Bacterial foodborne intoxication, unspecified",BFI NOS
A06,Amoebiasis,AMOE
A06.0,Acute amoebic dysentery Acute amoebiasis Intestinal amoebiasis NOS,AAD NOS
A06.1,Chronic intestinal amoebiasis,CIA
A06.2,Amoebic nondysenteric colitis,ANC
A06.3,Amoeboma of intestine Amoeboma NOS,AIA NOS
A06.4†,Amoebic liver abscess (K77.0*) Hepatic amoebiasis,ALA
A06.5†,Amoebic lung abscess (J99.8*) Amoebic abscess of lung (and liver),ALA
A06.6†,Amoebic brain abscess (G07*) Amoebic abscess of brain (and liver)(and lung),ABA
A06.7,Cutaneous amoebiasis,CA
A06.8,Amoebic infection of other sites Amoebic: • appendicitis • balanitis† (N51.2*),AIS
A06.9,"Amoebiasis, unspecified",AMOE NOS
A07,Other protozoal intestinal diseases,PID
A07.0,Balantidiasis Balantidial dysentery,BBD
A07.1,Giardiasis [lambliasis],GIAR
A07.2,Cryptosporidiosis,CRYP
A07.3,Isosporiasis Infection due to Isospora belli and Isospora hominis Intestinal coccidiosis Isosporosis,III
A07.8,Other specified protozoal intestinal diseases Intestinal trichomoniasis Sarcocystosis Sarcosporidiosis,PID
A07.9,"Protozoal intestinal disease, unspecified Flagellate diarrhoea Protozoal: • colitis • diarrhoea • dysentery",PID NOS
A08,Viral and other specified intestinal infections,VII
A08.0,Rotaviral enteritis,RE
A08.1,Acute gastroenteropathy due to Norwalk agent Small round structured virus enteritis,AGN
A08.2,Adenoviral enteritis,AE
A08.3,Other viral enteritis,VE
A08.4,"Viral intestinal infection, unspecified Viral: • enteritis NOS • gastroenteritis NOS • gastroenteropathy NOS",VII NOS
A08.5,Other specified intestinal infections,II
A09,Other gastroenteritis and colitis of infectious and unspecified origin,GCI NOS
A09.0,"Other and unspecified gastroenteritis and colitis of infectious origin Catarrh, enteric or intestinal Diarrhoea: • acute bloody • acute haemorrhagic • acute watery • dysenteric • epidemic Infectious or septic: • colitis NOS • enteritis haemorrhagic • gastroenteritis Infectious diarrhoea NOS",GCI NOS
A09.9,Gastroenteritis and colitis of unspecified origin,GCO NOS
A15,"Respiratory tuberculosis, bacteriologically and histologically confirmed",PTB
A15.0,"Tuberculosis of lung, confirmed by sputum microscopy with or without culture Tuberculous: • bronchiectasis confirmed by sputum microscopy with • fibrosis of lung or without culture • pneumonia • pneumothorax",TB
A15.1,"Tuberculosis of lung, confirmed by culture only Conditions listed in A15.0, confirmed by culture only",TB
A15.2,"Tuberculosis of lung, confirmed histologically Conditions listed in A15.0, confirmed histologically",TB
A15.3,"Tuberculosis of lung, confirmed by unspecified means Conditions listed in A15.0, confirmed but unspecified whether bacteriologically or histologically",TB
A15.4,"Tuberculosis of intrathoracic lymph nodes, confirmed bacteriologically and histologically Tuberculosis of lymph nodes: • hilar confirmed bacteriologically and • mediastinal histologically • tracheobronchial",TB
A15.5,"Tuberculosis of larynx, trachea and bronchus, confirmed bacteriologically and histologically Tuberculosis of: • bronchus confirmed bacteriologically and • glottis histologically • larynx • trachea",TB
A15.6,"Tuberculous pleurisy, confirmed bacteriologically and histologically Tuberculosis of pleura confirmed bacteriologically and Tuberculous empyema histologically",TB
A15.7,"Primary respiratory tuberculosis, confirmed bacteriologically and histologically",PTB
A15.8,"Other respiratory tuberculosis, confirmed bacteriologically and histologically Mediastinal tuberculosis Nasopharyngeal tuberculosis confirmed bacteriologically and Tuberculosis of: histologically • nose • sinus [any nasal]",PTB
A15.9,"Respiratory tuberculosis unspecified, confirmed bacteriologically and histologically",PTB
A15–A16,• tuberculous (current disease),•T
A15–A19,tuberculosis,TB
A16,"Respiratory tuberculosis, not confirmed bacteriologically or histologically",PTB
A16.0,"Tuberculosis of lung, bacteriologically and histologically negative Tuberculous: • bronchiectasis • fibrosis of lung bacteriologically and histologically • pneumonia • pneumothorax",TB
A16.1,"Tuberculosis of lung, bacteriological and histological examination not done Conditions listed in A16.0, bacteriological and histological examination not done",TB
A16.2,"Tuberculosis of lung, without mention of bacteriological or histological confirmation Tuberculosis of lung Tuberculous: NOS (without mention of • bronchiectasis bacteriological or histological • fibrosis of lung confirmation) • pneumonia • pneumothorax",TB
A16.3,"Tuberculosis of intrathoracic lymph nodes, without mention of bacteriological or histological confirmation Tuberculosis of lymph nodes: • hilar NOS (without mention of • intrathoracic bacteriological or histological • mediastinal confirmation) • tracheobronchial",TB
A16.4,"Tuberculosis of larynx, trachea and bronchus, without mention of bacteriological or histological confirmation Tuberculosis of: • bronchus NOS (without mention of • glottis bacteriological or histological • larynx confirmation) • trachea",TB
A16.5,"Tuberculous pleurisy, without mention of bacteriological or histological confirmation Tuberculosis of pleura NOS (without mention of Tuberculous: bacteriological or histological • empyema confirmation) • pleurisy",TB
A16.7,Primary respiratory tuberculosis without mention of bacteriological or histological confirmation Primary: • respiratory tuberculosis NOS • tuberculous complex,PTB
A16.8,"Other respiratory tuberculosis, without mention of bacteriological or histological confirmation Mediastinal tuberculosis Nasopharyngeal tuberculosis NOS (without mention of Tuberculosis of: bacteriological or histological • nose confirmation) • sinus [any nasal]",PTB
A16.9,"Respiratory tuberculosis unspecified, without mention of bacteriological or histological confirmation Respiratory tuberculosis NOS Tuberculosis NOS",PTB
A17.0†,Tuberculous meningitis (G01*) Tuberculosis of meninges (cerebral)(spinal) Tuberculous leptomeningitis,TB
A17.1†,Meningeal tuberculoma (G07*) Tuberculoma of meninges,MTT
A17.8†,Other tuberculosis of nervous system Tuberculoma brain (G07*) of Tuberculosis spinal cord (G07*) Tuberculous: • abscess of brain (G07*) • meningoencephalitis (G05.0*) • myelitis (G05.0*) • polyneuropathy (G63.0*),TB
A17.9†,"Tuberculosis of nervous system, unspecified (G99.8*)",TB
A17†,Tuberculosis of nervous system,TB
A18,Tuberculosis of other organs,TB
A18.0†,Tuberculosis of bones and joints Tuberculosis of: • hip (M01.1*) • knee (M01.1*) • vertebral column (M49.0*) Tuberculous: • arthritis (M01.1*) • mastoiditis (H75.0*) • necrosis of bone (M90.0*) • osteitis (M90.0*) • osteomyelitis (M90.0*) • synovitis (M68.0*) • tenosynovitis (M68.0*),TB
A18.1†,Tuberculosis of genitourinary system Tuberculosis of: • bladder (N33.0*) • cervix (N74.0*) • kidney (N29.1*) • male genital organs (N51.-*) • ureter (N29.1*) Tuberculous female pelvic inflammatory disease (N74.1*),TB
A18.2,Tuberculous peripheral lymphadenopathy Tuberculous adenitis,TPL
A18.3,"Tuberculosis of intestines, peritoneum and mesenteric glands Tuberculosis (of): • anus and rectum† (K93.0*) • intestine (large)(small)† (K93.0*) • retroperitoneal (lymph nodes) Tuberculous: • ascites • enteritis† (K93.0*) • peritonitis† (K67.3*)",TB
A18.4,"Tuberculosis of skin and subcutaneous tissue Erythema induratum, tuberculous Lupus: • exedens • vulgaris: – NOS – of eyelid† (H03.1*) Scrofuloderma",TB
A18.5,Tuberculosis of eye Tuberculous: • chorioretinitis† (H32.0*) • episcleritis† (H19.0*) • interstitial keratitis† (H19.2*) • iridocyclitis† (H22.0*) • keratoconjunctivitis (interstitial)(phlyctenular)† (H19.2*),TB
A18.6,Tuberculosis of ear Tuberculous otitis media† (H67.0*),TB
A18.7†,"Tuberculosis of adrenal glands (E35.1*) Addison disease, tuberculous",TB
A18.8,Tuberculosis of other specified organs Tuberculosis of: • endocardium† (I39.8*) • myocardium† (I41.0*) • oesophagus† (K23.0*) • pericardium† (I32.0*) • thyroid gland† (E35.0*) Tuberculous cerebral arteritis† (I68.1*),TB
A19,Miliary tuberculosis,TB
A19.0,Acute miliary tuberculosis of a single specified site,TB
A19.1,Acute miliary tuberculosis of multiple sites,TB
A19.2,"Acute miliary tuberculosis, unspecified",TB
A19.8,Other miliary tuberculosis,TB
A19.9,"Miliary tuberculosis, unspecified Certain zoonotic bacterial diseases (A20–A28)",TB
A20,Plague,PLAG
A20.0,Bubonic plague,BP
A20.1,Cellulocutaneous plague,CP
A20.2,Pneumonic plague,PP
A20.3,Plague meningitis,PM
A20.7,Septicaemic plague,SP
A20.8,Other forms of plague Abortive plague Asymptomatic plague Pestis minor,FPA
A20.9,"Plague, unspecified",PLAG NOS
A20–A28,Certain zoonotic bacterial diseases,CZB
A21,Tularaemia,TULA
A21.0,Ulceroglandular tularaemia,UT
A21.1,Oculoglandular tularaemia Ophthalmic tularaemia,OTO
A21.2,Pulmonary tularaemia,PT
A21.3,Gastrointestinal tularaemia Abdominal tularaemia,GTA
A21.7,Generalized tularaemia,GT
A21.8,Other forms of tularaemia,FT
A21.9,"Tularaemia, unspecified",TULA NOS
A22,Anthrax,ANTH
A22.0,Cutaneous anthrax Malignant: • carbuncle • pustule,CAM
A22.1,Pulmonary anthrax Inhalation anthrax Ragpicker’s disease Woolsorter’s disease,PAI
A22.2,Gastrointestinal anthrax,GA
A22.7,Anthrax sepsis,AS
A22.8,Other forms of anthrax Anthrax meningitis† (G01*),FAA
A22.9,"Anthrax, unspecified",ANTH NOS
A23,Brucellosis,BRUC
A23.0,Brucellosis due to Brucella melitensis,BBM
A23.1,Brucellosis due to Brucella abortus,BBA
A23.2,Brucellosis due to Brucella suis,BBS
A23.3,Brucellosis due to Brucella canis,BBC
A23.8,Other brucellosis,BRUC
A23.9,"Brucellosis, unspecified",BRUC NOS
A24,Glanders and melioidosis,GM
A24.0,Glanders Infection due to Pseudomonas mallei Infection due to Burkholderia mallei Malleus,GIP
A24.1,Acute and fulminating melioidosis Melioidosis: • pneumonia • sepsis,AFM
A24.2,Subacute and chronic melioidosis,SCM
A24.3,Other melioidosis,MELI
A24.4,"Melioidosis, unspecified Infection due to Pseudomonas pseudomallei NOS Infection due to Burkholderia pseudomallei NOS Whitmore’s disease",MIP NOS
A25,Rat-bite fevers,RF
A25.0,Spirillosis Sodoku,SS
A25.1,Streptobacillosis Epidemic arthritic erythema Haverhill fever Streptobacillary rat-bite fever,SEA
A25.9,"Rat-bite fever, unspecified",RF NOS
A26,Erysipeloid,ERYS
A26.0,Cutaneous erysipeloid Erythema migrans,CEE
A26.7,Erysipelothrix sepsis,ES
A26.8,Other forms of erysipeloid,FE
A26.9,"Erysipeloid, unspecified",ERYS NOS
A27,Leptospirosis,LEPT
A27.0,Leptospirosis icterohaemorrhagica Leptospirosis due to Leptospira interrogans serovar icterohaemorrhagiae,LIL
A27.8,Other forms of leptospirosis,FL
A27.9,"Leptospirosis, unspecified",LEPT NOS
A28,"Other zoonotic bacterial diseases, not elsewhere classified",ZBD
A28.0,Pasteurellosis,PAST
A28.1,Cat-scratch disease Cat-scratch fever,CDC
A28.2,Extraintestinal yersiniosis,EY
A28.8,"Other specified zoonotic bacterial diseases, not elsewhere classified",ZBD
A28.9,"Zoonotic bacterial disease, unspecified",ZBD NOS
A30,Leprosy [Hansen disease],LEPR
A30.0,Indeterminate leprosy I leprosy,ILI
A30.1,Tuberculoid leprosy TT leprosy,TLT
A30.2,Borderline tuberculoid leprosy BT leprosy,BTL
A30.3,Borderline leprosy BB leprosy,BLB
A30.4,Borderline lepromatous leprosy BL leprosy,BLL
A30.5,Lepromatous leprosy LL leprosy,LLL
A30.8,Other forms of leprosy,FL
A30.9,"Leprosy, unspecified",LEPR NOS
A30–A49,Other bacterial diseases,BD
A31,Infection due to other mycobacteria,IM
A31.0,Pulmonary mycobacterial infection Infection due to Mycobacterium: • avium • intracellulare [Battey bacillus] • kansasii,PMI
A31.1,Cutaneous mycobacterial infection Buruli ulcer Infection due to Mycobacterium: • marinum • ulcerans,CMI
A31.8,Other mycobacterial infections,MI
A31.9,"Mycobacterial infection, unspecified Atypical Mycobacterium infection NOS Mycobacteriosis NOS",MIA NOS
A32,Listeriosis,LIST
A32.0,Cutaneous listeriosis,CL
A32.1†,Listerial meningitis and meningoencephalitis Listerial: • meningitis (G01*) • meningoencephalitis (G05.0*),LMM
A32.7,Listerial sepsis,LS
A32.8,Other forms of listeriosis Listerial: • cerebral arteritis† (I68.1*) • endocarditis† (I39.8*) Oculoglandular listeriosis,FLL
A32.9,"Listeriosis, unspecified",LIST NOS
A33,Tetanus neonatorum,TN
A34,Obstetrical tetanus,OT
A35,Other tetanus,TETA
A36,Diphtheria,DIPH
A36.0,Pharyngeal diphtheria Diphtheritic membranous angina Tonsillar diphtheria,PDD
A36.1,Nasopharyngeal diphtheria,ND
A36.2,Laryngeal diphtheria Diphtheritic laryngotracheitis,LDD
A36.3,Cutaneous diphtheria,CD
A36.8,Other diphtheria Diphtheritic: • conjunctivitis† (H13.1*) • myocarditis† (I41.0*) • polyneuritis† (G63.0*),DD•
A36.9,"Diphtheria, unspecified",DIPH NOS
A37,Whooping cough,WC
A37.0,Whooping cough due to Bordetella pertussis,WCB
A37.1,Whooping cough due to Bordetella parapertussis,WCB
A37.8,Whooping cough due to other Bordetella species,WCB
A37.9,"Whooping cough, unspecified",WC NOS
A38,Scarlet fever,SF
A39,Meningococcal infection,MI
A39.0†,Meningococcal meningitis (G01*),MM
A39.1†,Waterhouse–Friderichsen syndrome (E35.1*) Meningococcal haemorrhagic adrenalitis Meningococcic adrenal syndrome,WSM
A39.2,Acute meningococcaemia,AM
A39.3,Chronic meningococcaemia,CM
A39.4,"Meningococcaemia, unspecified Meningococcal bacteraemia NOS",MMB NOS
A39.5†,Meningococcal heart disease Meningococcal: • carditis NOS (I52.0*) • endocarditis (I39.8*) • myocarditis (I41.0*) • pericarditis (I32.0*),MHD NOS
A39.8,Other meningococcal infections Meningococcal: • arthritis† (M01.0*) • conjunctivitis† (H13.1*) • encephalitis† (G05.0*) • retrobulbar neuritis† (H48.1*) Postmeningococcal arthritis† (M03.0*),MIM
A39.9,"Meningococcal infection, unspecified Meningococcal disease NOS",MIM NOS
A40,Streptococcal sepsis,SS
A40.0,"Sepsis due to Streptococcus, group A",SSG
A40.1,"Sepsis due to Streptococcus, group B",SSG
A40.2,"Sepsis due to Streptococcus, group D",SSG
A40.3,Sepsis due to Streptococcus pneumoniae Pneumococcal sepsis,SSP
A40.8,Other streptococcal sepsis,SS
A40.9,"Streptococcal sepsis, unspecified",SS NOS
A41,Other sepsis,SEPS
A41.0,Sepsis due to Staphylococcus aureus,SSA
A41.1,Sepsis due to other specified Staphylococcus Sepsis due to coagulase-negative Staphylococcus,SSS
A41.2,Sepsis due to unspecified Staphylococcus,SS NOS
A41.3,Sepsis due to Haemophilus influenzae,SHI
A41.4,Sepsis due to anaerobes,SA
A41.5,Sepsis due to other Gram-negative organisms Gram-negative sepsis NOS,SGO NOS
A41.8,Other specified sepsis,SEPS
A41.9,"Sepsis, unspecified Septicaemia",SS NOS
A42,Actinomycosis,ACTI
A42.0,Pulmonary actinomycosis,PA
A42.1,Abdominal actinomycosis,AA
A42.2,Cervicofacial actinomycosis,CA
A42.7,Actinomycotic sepsis,AS
A42.8,Other forms of actinomycosis,FA
A42.9,"Actinomycosis, unspecified",ACTI NOS
A43,Nocardiosis,NOCA
A43.0,Pulmonary nocardiosis,PN
A43.1,Cutaneous nocardiosis,CN
A43.8,Other forms of nocardiosis,FN
A43.9,"Nocardiosis, unspecified",NOCA NOS
A44,Bartonellosis,BART
A44.0,Systemic bartonellosis Oroya fever,SBO
A44.1,Cutaneous and mucocutaneous bartonellosis Verruga peruana,CMB
A44.8,Other forms of bartonellosis,FB
A44.9,"Bartonellosis, unspecified",BART NOS
A46,Erysipelas,ERYS
A48,"Other bacterial diseases, not elsewhere classified",BDN
A48.0,Gas gangrene Clostridial: • cellulitis • myonecrosis,GGC
A48.1,Legionnaires disease,LD
A48.2,Nonpneumonic Legionnaires disease [Pontiac fever],NLD
A48.3,Toxic shock syndrome,TSS
A48.4,Brazilian purpuric fever Systemic Haemophilus aegyptius infection,BPF
A48.8,Other specified bacterial diseases,BD
A49,Bacterial infection of unspecified site,BIS NOS
A49.0,"Staphylococcal infection, unspecified site",SIS NOS
A49.1,"Streptococcal and enterococcal infection, unspecified site",SEI NOS
A49.2,"Haemophilus influenzae infection, unspecified site",HII NOS
A49.3,"Mycoplasma infection, unspecified site",MIS NOS
A49.8,Other bacterial infections of unspecified site,BIS NOS
A49.9,"Bacterial infection, unspecified Bacteraemia NOS",BIB NOS
A50,Congenital syphilis,CS
A50.0,"Early congenital syphilis, symptomatic Any congenital syphilitic condition specified as early or manifest less than two years after birth. Early congenital syphilis: • cutaneous • mucocutaneous • visceral Early congenital syphilitic: • laryngitis • oculopathy • osteochondropathy • pharyngitis • pneumonia • rhinitis",ECS
A50.1,"Early congenital syphilis, latent Congenital syphilis without clinical manifestations, with positive serological reaction and negative spinal fluid test, less than two years after birth.",ECS
A50.2,"Early congenital syphilis, unspecified Congenital syphilis NOS less than two years after birth.",ECS NOS
A50.3,Late congenital syphilitic oculopathy Late congenital syphilitic interstitial keratitis† (H19.2*) Late congenital syphilitic oculopathy NEC† (H58.8*),LCS
A50.4,Late congenital neurosyphilis [juvenile neurosyphilis] Dementia paralytica juvenilis Juvenile: • general paresis • tabes dorsalis • taboparetic neurosyphilis Late congenital syphilitic: • encephalitis† (G05.0*) • meningitis† (G01*) • polyneuropathy† (G63.0*),LCN
A50.5,"Other late congenital syphilis, symptomatic Any congenital syphilitic condition specified as late or manifest two years or more after birth. Clutton joints† (M03.1*) Hutchinson: • teeth • triad Late congenital: • cardiovascular syphilis† (I98.0*) • syphilitic: – arthropathy† (M03.1*) – osteochondropathy† (M90.2*) Syphilitic saddle nose",LCS NOS
A50.6,"Late congenital syphilis, latent Congenital syphilis without clinical manifestations, with positive serological reaction and negative spinal fluid test, two years or more after birth.",LCS
A50.7,"Late congenital syphilis, unspecified Congenital syphilis NOS two years or more after birth.",LCS NOS
A50.9,"Congenital syphilis, unspecified",CS NOS
A50–A53,syphilis,SYPH
A50–A64,transmission urethrotrigonitis (N30.3),TU
A51,Early syphilis,ES
A51.0,Primary genital syphilis Syphilitic chancre NOS,PGS NOS
A51.1,Primary anal syphilis,PAS
A51.2,Primary syphilis of other sites,PSS
A51.3,Secondary syphilis of skin and mucous membranes Condyloma latum Syphilitic: • alopecia† (L99.8*) • leukoderma† (L99.8*) • mucous patch,SSS
A51.4,Other secondary syphilis Secondary syphilitic: • female pelvic inflammatory disease† (N74.2*) • iridocyclitis† (H22.0*) • lymphadenopathy • meningitis† (G01*) • myositis† (M63.0*) • oculopathy NEC† (H58.8*) • periostitis† (M90.1*),SSS
A51.5,"Early syphilis, latent Syphilis (acquired) without clinical manifestations, with positive serological reaction and negative spinal fluid test, less than two years after infection.",ESL
A51.9,"Early syphilis, unspecified",ES NOS
A52,Late syphilis,LS
A52.0†,"Cardiovascular syphilis Cardiovascular syphilis NOS (I98.0*) Syphilitic: • aneurysm of aorta (I79.0*) • aortic incompetence (I39.1*) • aortitis (I79.1*) • arteritis, cerebral (I68.1*) • endocarditis NOS (I39.8*) • myocarditis (I41.0*) • pericarditis (I32.0*) • pulmonary regurgitation (I39.3*)",CSC NOS
A52.1,Symptomatic neurosyphilis Charcot arthropathy† (M14.6*) Late syphilitic: • acoustic neuritis† (H94.0*) • encephalitis† (G05.0*) • meningitis† (G01*) • optic atrophy† (H48.0*) • polyneuropathy† (G63.0*) • retrobulbar neuritis† (H48.1*) Syphilitic parkinsonism† (G22*) Tabes dorsalis,SNC
A52.2,Asymptomatic neurosyphilis,AN
A52.3,"Neurosyphilis, unspecified Gumma (syphilitic) Syphilis (late) of central nervous system NOS Syphiloma",NGS NOS
A52.7,"Other symptomatic late syphilis Glomerular disease in syphilis† (N08.0*) Gumma (syphilitic) any sites, except those classified to Late or tertiary syphilis A52.0–A52.3 Late syphilitic: • bursitis† (M73.1*) • chorioretinitis† (H32.0*) • episcleritis† (H19.0*) • female pelvic inflammatory disease† (N74.2*) • leukoderma† (L99.8*) • oculopathy NEC† (H58.8*) • peritonitis† (K67.2*) Syphilis [stage unspecified] of: • bone† (M90.2*) • liver† (K77.0*) • lung† (J99.8*) • muscle† (M63.0*) • synovium† (M68.0*)",SLS NOS
A52.8,"Late syphilis, latent Syphilis (acquired) without clinical manifestations, with positive serological reaction and negative spinal fluid test, two years or more after infection.",LSL
A52.9,"Late syphilis, unspecified",LS NOS
A53,Other and unspecified syphilis,SYPH NOS
A53.0,"Latent syphilis, unspecified as early or late Latent syphilis NOS Positive serological reaction for syphilis",LSA NOS
A53.9,"Syphilis, unspecified Infection due to Treponema pallidum NOS Syphilis (acquired) NOS",SIT NOS
A54,Gonococcal infection,GI
A54.0,Gonococcal infection of lower genitourinary tract without periurethral or accessory gland abscess Gonococcal: • cervicitis NOS • cystitis NOS • urethritis NOS • vulvovaginitis NOS,GIL NOS
A54.1,Gonococcal infection of lower genitourinary tract with periurethral and accessory gland abscess Gonococcal Bartholin gland abscess,GIL
A54.2,Gonococcal pelviperitonitis and other gonococcal genitourinary infections Gonococcal: • epididymitis† (N51.1*) • female pelvic inflammatory disease† (N74.3*) • orchitis† (N51.1*) • prostatitis† (N51.0*),GPG
A54.3,Gonococcal infection of eye Gonococcal: • conjunctivitis† (H13.1*) • iridocyclitis† (H22.0*) Ophthalmia neonatorum due to gonococcus,GIE
A54.4†,Gonococcal infection of musculoskeletal system Gonococcal: • arthritis (M01.3*) • bursitis (M73.0*) • osteomyelitis (M90.2*) • synovitis (M68.0*) • tenosynovitis (M68.0*),GIM NOS
A54.5,Gonococcal pharyngitis,GP
A54.6,Gonococcal infection of anus and rectum,GIA
A54.8,Other gonococcal infections Gonococcal: • brain abscess† (G07*) • endocarditis† (I39.8*) • meningitis† (G01*) • myocarditis† (I41.0*) • pericarditis† (I32.0*) • peritonitis† (K67.1*) • pneumonia† (J17.0*) • sepsis • skin lesions,GIG
A54.9,"Gonococcal infection, unspecified",GI NOS
A55,Chlamydial lymphogranuloma (venereum),CL
A55–A56,sexually transmitted chlamydial diseases,STC
A56,Other sexually transmitted chlamydial diseases,STC
A56.0,Chlamydial infection of lower genitourinary tract Chlamydial: • cervicitis • cystitis • urethritis • vulvovaginitis,CIL
A56.1,Chlamydial infection of pelviperitoneum and other genitourinary organs Chlamydial: • epididymitis† (N51.1*) • female pelvic inflammatory disease† (N74.4*) • orchitis† (N51.1*),CIP
A56.2,"Chlamydial infection of genitourinary tract, unspecified",CIG NOS
A56.3,Chlamydial infection of anus and rectum,CIA
A56.4,Chlamydial infection of pharynx,CIP
A56.8,Sexually transmitted chlamydial infection of other sites,STC
A57,Chancroid,CHAN
A58,Granuloma inguinale,GI
A59,Trichomoniasis,TRIC
A59.0,Urogenital trichomoniasis Leukorrhoea (vaginalis) due to Trichomonas (vaginalis) Prostatitis† (N51.0*),UTL
A59.8,Trichomoniasis of other sites,TS
A59.9,"Trichomoniasis, unspecified",TRIC NOS
A60,Anogenital herpesviral [herpes simplex] infection,AHI
A60.0,Herpesviral infection of genitalia and urogenital tract Herpesviral infection of genital tract: • female† (N77.0-N77.1*) • male† (N51.-*),HIG
A60.1,Herpesviral infection of perianal skin and rectum,HIP
A60.9,"Anogenital herpesviral infection, unspecified",AHI NOS
A63,"Other predominantly sexually transmitted diseases, not elsewhere classified",PST
A63.0,Anogenital (venereal) warts,AW
A63.8,Other specified predominantly sexually transmitted diseases,PST
A64,Unspecified sexually transmitted disease,STD NOS
A65,Nonvenereal syphilis,NS
A65–A69,Other spirochaetal diseases,SD
A66,Yaws,YAWS
A66.0,"Initial lesions of yaws Chancre of yaws Framboesia, initial or primary Initial framboesial ulcer Mother yaw",ILY
A66.1,Multiple papillomata and wet crab yaws Framboesioma Pianoma Plantar or palmar papilloma of yaws,MPW
A66.2,"Other early skin lesions of yaws Cutaneous yaws, less than five years after infection Early yaws (cutaneous)(macular)(maculopapular)(micropapular)(papular) Framboeside of early yaws",ESL
A66.3,"Hyperkeratosis of yaws Ghoul hand Hyperkeratosis, palmar or plantar (early)(late) due to yaws Worm-eaten soles",HYG
A66.4,Gummata and ulcers of yaws Gummatous framboeside Nodular late yaws (ulcerated),GUY
A66.5,Gangosa Rhinopharyngitis mutilans,GRM
A66.6,"Bone and joint lesions of yaws Ganglion Hydrarthrosis of yaws (early) (late) Osteitis Periostitis (hypertrophic) Goundou Gumma, bone of yaws (late) Gummatous osteitis or periostitis",BJL
A66.7,Other manifestations of yaws Juxta-articular nodules of yaws Mucosal yaws,MYJ
A66.8,"Latent yaws Yaws without clinical manifestations, with positive serology",LYY
A66.9,"Yaws, unspecified",YAWS NOS
A67,Pinta [carate],PINT
A67.0,Primary lesions of pinta Chancre (primary) of pinta [carate] Papule (primary),PLP
A67.1,Intermediate lesions of pinta Erythematous plaques Hyperchromic lesions of pinta [carate] Hyperkeratosis Pintids,ILP
A67.2,Late lesions of pinta Cardiovascular lesions† (I98.1*) Skin lesions: • achromic of pinta [carate] • cicatricial • dyschromic,LLP
A67.3,Mixed lesions of pinta Achromic with hyperchromic skin lesions of pinta [carate],MLP
A67.9,"Pinta, unspecified",PINT NOS
A68,Relapsing fevers,RF
A68.0,Louse-borne relapsing fever Relapsing fever due to Borrelia recurrentis,LRF
A68.1,Tick-borne relapsing fever Relapsing fever due to any Borrelia species other than Borrelia recurrentis,TRF
A68.9,"Relapsing fever, unspecified",RF NOS
A69,Other spirochaetal infections,SI
A69.0,Necrotizing ulcerative stomatitis Cancrum oris Fusospirochaetal gangrene Noma Stomatitis gangrenosa,NUS NOS
A69.1,Other Vincent infections Fusospirochaetal pharyngitis Necrotizing ulcerative (acute): • gingivitis • gingivostomatitis Spirochaetal stomatitis Trench mouth Vincent: • angina • gingivitis,VIF
A69.2,Lyme disease Erythema chronicum migrans due to Borrelia burgdorferi,LDE
A69.8,Other specified spirochaetal infections,SI
A69.9,"Spirochaetal infection, unspecified Other diseases caused by chlamydiae (A70–A74)",SID NOS
A70,Chlamydia psittaci infection,CPI
A70–A74,Other diseases caused by chlamydiae,DCB
A71,Trachoma,TRAC
A71.0,Initial stage of trachoma Trachoma dubium,IST
A71.1,Active stage of trachoma Granular conjunctivitis (trachomatous) Trachomatous: • follicular conjunctivitis • pannus,AST
A71.9,"Trachoma, unspecified",TRAC NOS
A74,Other diseases caused by chlamydiae,DCB
A74.0†,Chlamydial conjunctivitis (H13.1*) Paratrachoma,CCP
A74.8,Other chlamydial diseases Chlamydial peritonitis† (K67.0*),CDC
A74.9,"Chlamydial infection, unspecified Chlamydiosis NOS Rickettsioses (A75–A79)",CIC NOS
A75,Typhus fever,TF
A75.0,Epidemic louse-borne typhus fever due to Rickettsia prowazekii Classical typhus (fever) Epidemic (louse-borne) typhus,ELT
A75.1,Recrudescent typhus [Brill disease] Brill-Zinsser disease,RTB
A75.2,Typhus fever due to Rickettsia typhi Murine (flea-borne) typhus,TFR
A75.3,Typhus fever due to Rickettsia tsutsugamushi Scrub (mite-borne) typhus Tsutsugamushi fever,TFR
A75.9,"Typhus fever, unspecified Typhus (fever) NOS",TFT NOS
A75–A79,Rickettsioses,RICK
A77,Spotted fever [tick-borne rickettsioses],SF
A77.0,Spotted fever due to Rickettsia rickettsii Rocky Mountain spotted fever Sao Paulo fever,SFR
A77.1,Spotted fever due to Rickettsia conorii African tick typhus Boutonneuse fever India tick typhus Kenya tick typhus Marseilles fever Mediterranean tick fever,SFR
A77.2,Spotted fever due to Rickettsia sibirica North Asian tick fever Siberian tick typhus,SFR
A77.3,Spotted fever due to Rickettsia australis Queensland tick typhus,SFR
A77.8,Other spotted fevers,SF
A77.9,"Spotted fever, unspecified Tick-borne typhus NOS",SFT NOS
A78,Q fever,QF
A79,Other rickettsioses,RICK
A79.0,Trench fever Quintan fever Wolhynian fever,TFQ
A79.1,Rickettsialpox due to Rickettsia akari Kew Garden fever Vesicular rickettsiosis,RRA
A79.8,Other specified rickettsioses Rickettsiosis due to Neorickettsia sennetsu [Ehrlichia sennetsu],RRN
A79.9,"Rickettsiosis, unspecified Rickettsial infection NOS",RRI NOS
A80,Acute poliomyelitis,AP
A80.0,"Acute paralytic poliomyelitis, vaccine-associated",APP
A80.1,"Acute paralytic poliomyelitis, wild virus, imported",APP
A80.2,"Acute paralytic poliomyelitis, wild virus, indigenous",APP
A80.3,"Acute paralytic poliomyelitis, other and unspecified",APP NOS
A80.4,Acute nonparalytic poliomyelitis,ANP
A80.9,"Acute poliomyelitis, unspecified",AP NOS
A80–A89,Viral infections of the central nervous system,VIC
A81,Atypical virus infections of central nervous system,AVI
A81.0,Creutzfeldt–Jakob disease Subacute spongiform encephalopathy,CDS
A81.1,Subacute sclerosing panencephalitis Dawson inclusion body encephalitis Van Bogaert sclerosing leukoencephalopathy,SSP
A81.2,Progressive multifocal leukoencephalopathy Multifocal leukoencephalopathy NOS,PML NOS
A81.8,Other atypical virus infections of central nervous system Kuru,AVI
A81.9,"Atypical virus infection of central nervous system, unspecified Prion disease of central nervous system NOS",AVI NOS
A82,Rabies,RABI
A82.0,Sylvatic rabies,SR
A82.1,Urban rabies,UR
A82.9,"Rabies, unspecified",RABI NOS
A83,Mosquito-borne viral encephalitis,MVE
A83.0,Japanese encephalitis,JE
A83.1,Western equine encephalitis,WEE
A83.2,Eastern equine encephalitis,EEE
A83.3,St Louis encephalitis,SLE
A83.4,Australian encephalitis Kunjin virus disease,AEK
A83.5,California encephalitis California meningoencephalitis La Crosse encephalitis,CEC
A83.6,Rocio virus disease,RVD
A83.8,Other mosquito-borne viral encephalitis,MVE
A83.9,"Mosquito-borne viral encephalitis, unspecified",MVE NOS
A84,Tick-borne viral encephalitis,TVE
A84.0,Far Eastern tick-borne encephalitis [Russian spring–summer encephalitis],FET
A84.1,Central European tick-borne encephalitis,CET
A84.8,Other tick-borne viral encephalitis Louping ill Powassan virus disease,TVE
A84.9,"Tick-borne viral encephalitis, unspecified",TVE NOS
A85,"Other viral encephalitis, not elsewhere classified",VEN
A85.0†,Enteroviral encephalitis (G05.1*) Enteroviral encephalomyelitis,EEE
A85.1†,Adenoviral encephalitis (G05.1*) Adenoviral meningoencephalitis,AEA
A85.2,"Arthropod-borne viral encephalitis, unspecified",AVE NOS
A85.8,Other specified viral encephalitis Encephalitis lethargica Von Economo–Cruchet disease,VEE
A86,Unspecified viral encephalitis,VE NOS
A87,Viral meningitis,VM
A87.0†,Enteroviral meningitis (G02.0*) Coxsackievirus meningitis Echovirus meningitis,EMC
A87.1†,Adenoviral meningitis (G02.0*),AM
A87.2,Lymphocytic choriomeningitis Lymphocytic meningoencephalitis,LCL
A87.8,Other viral meningitis,VM
A87.9,"Viral meningitis, unspecified",VM NOS
A88,"Other viral infections of central nervous system, not elsewhere classified",VIC
A88.0,Enteroviral exanthematous fever [Boston exanthem],EEF
A88.1,Epidemic vertigo,EV
A88.8,Other specified viral infections of central nervous system,VIC
A89,Unspecified viral infection of central nervous system,VIC NOS
A90–A99,Arthropod-borne viral fevers and viral haemorrhagic fevers,AVF
A92,Other mosquito-borne viral fevers,MVF
A92.0,Chikungunya virus disease Chikungunya (haemorrhagic) fever,CVD
A92.1,O’nyong-nyong fever,OF
A92.2,Venezuelan equine fever Venezuelan equine: • encephalitis • encephalomyelitis virus disease,VEF
A92.3,West Nile virus infection West Nile fever,WNV
A92.4,Rift Valley fever,RVF
A92.8,Other specified mosquito-borne viral fevers,MVF
A92.9,"Mosquito-borne viral fever, unspecified",MVF NOS
A93,"Other arthropod-borne viral fevers, not elsewhere classified",AVF
A93.0,Oropouche virus disease Oropouche fever,OVD
A93.1,Sandfly fever Pappataci fever Phlebotomus fever,SFP
A93.2,Colorado tick fever,CTF
A93.8,Other specified arthropod-borne viral fevers Piry virus disease Severe fever with thrombocytopenia syndrome [SFTS] Vesicular stomatitis virus disease [Indiana fever],AVF
A94,Unspecified arthropod-borne viral fever,AVF NOS
A95,Yellow fever,YF
A95.0,Sylvatic yellow fever Jungle yellow fever,SYF
A95.1,Urban yellow fever,UYF
A95.9,"Yellow fever, unspecified",YF NOS
A96,Arenaviral haemorrhagic fever,AHF
A96.0,Junin haemorrhagic fever Argentinian haemorrhagic fever,JHF
A96.1,Machupo haemorrhagic fever Bolivian haemorrhagic fever,MHF
A96.2,Lassa fever,LF
A96.8,Other arenaviral haemorrhagic fevers,AHF
A96.9,"Arenaviral haemorrhagic fever, unspecified",AHF NOS
A97,"Dengue Dengue is a viral disease transmitted by the bite of a mosquito infected by dengue viruses. It is one disease entity with different clinical presentations and often with unpredictable clinical evolution and outcome. Most patients recover following a self-limiting non-severe clinical course like nausea, vomiting, rash, aches and pains, but a small proportion progress to severe disease, mostly characterized by plasma leakage with or without haemorrhage, although severe haemorrhages or severe organ impairment can occur, with or without dengue shock.",DDI
A97.0,Dengue without warning signs,DWW
A97.1,"Dengue with warning signs Clinical warning signs are: abdominal pain or tenderness, mucosal bleeding, lethargy and/or restlessness, rapid decrease in platelet count, increase in haematocrit. Other signs can include: persistent vomiting, visible fluid accumulation, liver enlargement more than 2 cm.",DWS
A97.2,"Severe dengue Clinical signs include: 1. severe plasma leakage leading to shock (dengue shock syndrome – DSS) and/or fluid accumulation with respiratory distress; 2. severe bleeding as evaluated by clinician; 3. severe organ involvement: liver aspartate transaminase (AST) or alanine aminotransferase (ALT) 1000, CNS: impaired consciousness (encephalitis), involvement of other organs, as myocarditis or nephritis",SDC
A97.9,"Dengue, unspecified",DENG NOS
A98,"Other viral haemorrhagic fevers, not elsewhere classified",VHF
A98.0,Crimean-Congo haemorrhagic fever Central Asian haemorrhagic fever,CHF
A98.1,Omsk haemorrhagic fever,OHF
A98.2,Kyasanur Forest disease,KFD
A98.3,Marburg virus disease,MVD
A98.4,Ebola virus disease,EVD
A98.5,Haemorrhagic fever with renal syndrome Haemorrhagic fever: • epidemic • Korean • Russian Hantaanvirus disease Hantaanvirus disease with renal manifestations Nephropathia epidemica,HFR
A98.8,Other specified viral haemorrhagic fevers,VHF
A99,Unspecified viral haemorrhagic fever,VHF NOS
B00,Herpesviral [herpes simplex] infections,HI
B00.0,Eczema herpeticum Kaposi varicelliform eruption,EHK
B00.1,Herpesviral vesicular dermatitis Herpes simplex: • facialis • labialis Vesicular dermatitis of: • ear due to human (alpha) herpes virus 2 • lip,HVD
B00.2,Herpesviral gingivostomatitis and pharyngotonsillitis Herpesviral pharyngitis,HGP
B00.3†,Herpesviral meningitis (G02.0*),HM
B00.4†,Herpesviral encephalitis (G05.1*) Herpesviral meningoencephalitis Simian B disease,HEH
B00.5,"Herpesviral ocular disease Herpesviral: • conjunctivitis† (H13.1*) • dermatitis of eyelid† (H03.1*) • iridocyclitis† (H22.0*) • iritis† (H22.0*) • keratitis† (H19.1*) • keratoconjunctivitis† (H19.1*) • uveitis, anterior† (H22.0*)",HOD
B00.7,Disseminated herpesviral disease Herpesviral sepsis,DHD
B00.8,Other forms of herpesviral infection Herpesviral: • hepatitis† (K77.0*) • whitlow† (L99.8*),FHI
B00.9,"Herpesviral infection, unspecified Herpes simplex infection NOS",HIH NOS
B00–B09,Viral infections characterized by skin and mucous membrane lesions,VIC
B01,Varicella [chickenpox],VARI
B01.0†,Varicella meningitis (G02.0*),VM
B01.1†,Varicella encephalitis (G05.1*) Postchickenpox encephalitis Varicella encephalomyelitis,VEP
B01.2†,Varicella pneumonia (J17.1*),VP
B01.8,Varicella with other complications,VC
B01.9,Varicella without complication Varicella NOS,VWC NOS
B02,Zoster [herpes zoster],ZOST
B02.0†,Zoster encephalitis (G05.1*) Zoster meningoencephalitis,ZEZ
B02.1†,Zoster meningitis (G02.0*),ZM
B02.2†,Zoster with other nervous system involvement Postherpetic: • geniculate ganglionitis (G53.0*) • polyneuropathy (G63.0*) • trigeminal neuralgia (G53.0*),ZNS
B02.3,Zoster ocular disease Zoster: • blepharitis† (H03.1*) • conjunctivitis† (H13.1*) • iridocyclitis† (H22.0*) • iritis† (H22.0*) • keratitis† (H19.2*) • keratoconjunctivitis† (H19.2*) • scleritis† (H19.0*),ZOD
B02.7,Disseminated zoster,DZ
B02.8,Zoster with other complications,ZC
B02.9,Zoster without complication Zoster NOS,ZWC NOS
B03,Smallpox1,SMAL
B04,"Monkeypox 1 In 1980, the 33rd World Health Assembly declared that smallpox had been eradicated. The classification is maintained for surveillance purposes.",M1I
B05,Measles,MEAS
B05.0†,Measles complicated by encephalitis (G05.1*) Postmeasles encephalitis,MCB
B05.1†,Measles complicated by meningitis (G02.0*) Postmeasles meningitis,MCB
B05.2†,Measles complicated by pneumonia (J17.1*) Postmeasles pneumonia,MCB
B05.3†,Measles complicated by otitis media (H67.1*) Postmeasles otitis media,MCB
B05.4,Measles with intestinal complications,MIC
B05.8,Measles with other complications Measles keratitis and keratoconjunctivitis† (H19.2*),MCM
B05.9,Measles without complication Measles NOS,MWC NOS
B06,Rubella [German measles],RUBE
B06.0†,Rubella with neurological complications Rubella: • encephalitis (G05.1*) • meningitis (G02.0*) • meningoencephalitis (G05.1*),RNC
B06.8,Rubella with other complications Rubella: • arthritis† (M01.4*) • pneumonia† (J17.1*),RCR
B06.9,Rubella without complication Rubella NOS,RWC NOS
B07,Viral warts,VW
B08,"Other viral infections characterized by skin and mucous membrane lesions, not elsewhere classified",VIC
B08.0,Other orthopoxvirus infections Cowpox Orf virus disease Pseudocowpox [milker’s node] Vaccinia,OIC
B08.1,Molluscum contagiosum,MC
B08.2,Exanthema subitum [sixth disease],ES
B08.3,Erythema infectiosum [fifth disease],EI
B08.4,"Enteroviral vesicular stomatitis with exanthem Hand, foot and mouth disease",EVS
B08.5,Enteroviral vesicular pharyngitis Herpangina,EVP
B08.8,Other specified viral infections characterized by skin and mucous membrane lesions Enteroviral lymphonodular pharyngitis Foot-and-mouth disease Tanapox virus disease Yaba pox virus disease,VIC
B09,Unspecified viral infection characterized by skin and mucous membrane lesions,VIC NOS
B15,Acute hepatitis A,AHA
B15.0,Hepatitis A with hepatic coma,HAH
B15.9,Hepatitis A without hepatic coma Hepatitis A (acute)(viral) NOS,HAW NOS
B15–B19,• viral toxic liver disease (K71.-),•VT
B16,Acute hepatitis B,AHB
B16.0,Acute hepatitis B with delta-agent (coinfection) with hepatic coma,AHB
B16.1,Acute hepatitis B with delta-agent (coinfection) without hepatic coma,AHB
B16.2,Acute hepatitis B without delta-agent with hepatic coma,AHB
B16.9,Acute hepatitis B without delta-agent and without hepatic coma Acute hepatitis B (viral) NOS,AHB NOS
B17,Other acute viral hepatitis,AVH
B17.0,Acute delta-(super)infection of hepatitis B carrier,ADH
B17.1,Acute hepatitis C,AHC
B17.2,Acute hepatitis E,AHE
B17.8,Other specified acute viral hepatitis Hepatitis non-A non-B (acute)(viral) NEC,AVH
B17.9,"Acute viral hepatitis, unspecified Acute hepatitis NOS Acute infectious hepatitis NOS",AVH NOS
B18,Chronic viral hepatitis,CVH
B18.0,Chronic viral hepatitis B with delta-agent,CVH
B18.1,Chronic viral hepatitis B without delta-agent Hepatitis B (viral) NOS,CVH NOS
B18.2,Chronic viral hepatitis C,CVH
B18.8,Other chronic viral hepatitis,CVH
B18.9,"Chronic viral hepatitis, unspecified",CVH NOS
B19,Unspecified viral hepatitis,VH NOS
B19.0,Unspecified viral hepatitis with hepatic coma,VHH NOS
B19.9,Unspecified viral hepatitis without hepatic coma Viral hepatitis NOS Human immunodeficiency virus [HIV] disease (B20–B24),HIV
B20,Human immunodeficiency virus [HIV] disease resulting in infectious and parasitic diseases,HIV
B20.0,HIV disease resulting in mycobacterial infection HIV disease resulting in tuberculosis,TB
B20.1,HIV disease resulting in other bacterial infections,HIV
B20.2,HIV disease resulting in cytomegaloviral disease,HIV
B20.3,HIV disease resulting in other viral infections,HIV
B20.4,HIV disease resulting in candidiasis,HIV
B20.5,HIV disease resulting in other mycoses,HIV
B20.6,HIV disease resulting in Pneumocystis jirovecii pneumonia HIV disease resulting in Pneumocystis carinii pneumonia,HIV
B20.7,HIV disease resulting in multiple infections,HIV
B20.8,HIV disease resulting in other infectious and parasitic diseases,HIV
B20.9,HIV disease resulting in unspecified infectious or parasitic disease HIV disease resulting in infection NOS,HIV
B20–B24,"human immunodeficiency virus [HIV] disease human immunodeficiency virus [HIV] disease complicating pregnancy, childbirth and the puerperium (O98.7) laboratory evidence of human immunodeficiency virus [HIV] (R75)",HIV
B21,Human immunodeficiency virus [HIV] disease resulting in malignant neoplasms,HIV
B21.0,HIV disease resulting in Kaposi sarcoma,HIV
B21.1,HIV disease resulting in Burkitt lymphoma,HIV
B21.2,HIV disease resulting in other types of non-Hodgkin lymphoma,HIV
B21.3,"HIV disease resulting in other malignant neoplasms of lymphoid, haematopoietic and related tissue",HIV
B21.7,HIV disease resulting in multiple malignant neoplasms,HIV
B21.8,HIV disease resulting in other malignant neoplasms,HIV
B21.9,HIV disease resulting in unspecified malignant neoplasm,HIV
B22,Human immunodeficiency virus [HIV] disease resulting in other specified diseases,HIV
B22.0,HIV disease resulting in encephalopathy HIV dementia,HIV
B22.1,HIV disease resulting in lymphoid interstitial pneumonitis,HIV
B22.2,HIV disease resulting in wasting syndrome HIV disease resulting in failure to thrive Slim disease,HIV
B22.7,HIV disease resulting in multiple diseases classified elsewhere,HIV
B23,Human immunodeficiency virus [HIV] disease resulting in other conditions,HIV
B23.0,Acute HIV infection syndrome,AHI
B23.1,HIV disease resulting in (persistent) generalized lymphadenopathy,HIV
B23.2,"HIV disease resulting in haematological and immunological abnormalities, not elsewhere classified",HIV
B23.8,HIV disease resulting in other specified conditions,HIV
B24,Unspecified human immunodeficiency virus [HIV] disease,HIV
B25,Cytomegaloviral disease,CD
B25.0†,Cytomegaloviral pneumonitis (J17.1*),CP
B25.1†,Cytomegaloviral hepatitis (K77.0*),CH
B25.2†,Cytomegaloviral pancreatitis (K87.1*),CP
B25.8,Other cytomegaloviral diseases,CD
B25.9,"Cytomegaloviral disease, unspecified",CD NOS
B25–B34,Other viral diseases,VD
B26,Mumps,MUMP
B26.0†,Mumps orchitis (N51.1*),MO
B26.1†,Mumps meningitis (G02.0*),MM
B26.2†,Mumps encephalitis (G05.1*),ME
B26.3†,Mumps pancreatitis (K87.1*),MP
B26.8,Mumps with other complications Mumps: • arthritis† (M01.5*) • myocarditis† (I41.1*) • nephritis† (N08.0*) • polyneuropathy† (G63.0*),MCM
B26.9,Mumps without complication Mumps: • NOS • parotitis NOS,MWC NOS
B27,Infectious mononucleosis,IM
B27.0,Gammaherpesviral mononucleosis Mononucleosis due to Epstein–Barr virus,GMM
B27.1,Cytomegaloviral mononucleosis,CM
B27.8,Other infectious mononucleosis,IM
B27.9,"Infectious mononucleosis, unspecified",IM NOS
B30,Viral conjunctivitis,VC
B30.0†,Keratoconjunctivitis due to adenovirus (H19.2*) Epidemic keratoconjunctivitis Shipyard eye,KAE
B30.1†,Conjunctivitis due to adenovirus (H13.1*) Acute adenoviral follicular conjunctivitis Swimming-pool conjunctivitis,CAA
B30.2,Viral pharyngoconjunctivitis,VP
B30.3†,Acute epidemic haemorrhagic conjunctivitis (enteroviral) (H13.1*) Conjunctivitis due to: • coxsackievirus 24 • enterovirus 70 Haemorrhagic conjunctivitis (acute)(epidemic),AEH
B30.8†,Other viral conjunctivitis (H13.1*) Newcastle conjunctivitis,VCN
B30.9,"Viral conjunctivitis, unspecified",VC NOS
B33,"Other viral diseases, not elsewhere classified",VDN
B33.0,Epidemic myalgia Bornholm disease,EMB
B33.1,Ross River disease Epidemic polyarthritis and exanthema Ross River fever,RRD
B33.2,Viral carditis,VC
B33.3,"Retrovirus infections, not elsewhere classified Retrovirus infection NOS",RIN NOS
B33.4†,Hantavirus (cardio-)pulmonary syndrome [HPS][HCPS] (J17.1*) Hantaavirus disease with pulmonary manifestations Sin Nombre virus disease,HPS
B33.8,Other specified viral diseases,VD
B34,Viral infection of unspecified site,VIS NOS
B34.0,"Adenovirus infection, unspecified site",AIS NOS
B34.1,"Enterovirus infection, unspecified site Coxsackievirus infection NOS Echovirus infection NOS",EIS NOS
B34.2,"Coronavirus infection, unspecified site",CIS NOS
B34.3,"Parvovirus infection, unspecified site",PIS NOS
B34.4,"Papovavirus infection, unspecified site",PIS NOS
B34.8,Other viral infections of unspecified site,VIS NOS
B34.9,"Viral infection, unspecified Viraemia NOS Mycoses (B35–B49)",VIV NOS
B35,Dermatophytosis,DERM
B35.0,"Tinea barbae and tinea capitis Beard ringworm Kerion Scalp ringworm Sycosis, mycotic",TBT
B35.1,Tinea unguium Dermatophytic onychia Dermatophytosis of nail Onychomycosis Ringworm of nails,TUD
B35.2,Tinea manuum Dermatophytosis of hand Hand ringworm,TMD
B35.3,Tinea pedis Athlete’s foot Dermatophytosis of foot Foot ringworm,TPA
B35.4,Tinea corporis Ringworm of the body,TCR
B35.5,Tinea imbricata Tokelau,TIT
B35.6,Tinea inguinalis [Tinea cruris] Dhobi itch Groin ringworm Jock itch,TID
B35.8,Other dermatophytoses Dermatophytosis: • disseminated • granulomatous,DD•
B35.9,"Dermatophytosis, unspecified Ringworm NOS",DRN NOS
B35–B49,• mycoses,•M
B36,Other superficial mycoses,SM
B36.0,Pityriasis versicolor Tinea: • flava • versicolor,PVT
B36.1,Tinea nigra Keratomycosis nigricans palmaris Microsporosis nigra Pityriasis nigra,TNK
B36.2,White piedra Tinea blanca,WPT
B36.3,Black piedra,BP
B36.8,Other specified superficial mycoses,SM
B36.9,"Superficial mycosis, unspecified",SM NOS
B37,Candidiasis,CAND
B37.0,Candidal stomatitis Oral thrush,CSO
B37.1,Pulmonary candidiasis,PC
B37.2,Candidiasis of skin and nail Candidal: • onychia • paronychia,CSN
B37.3†,Candidiasis of vulva and vagina (N77.1*) Candidal vulvovaginitis Monilial vulvovaginitis Vaginal thrush,CVV
B37.4,Candidiasis of other urogenital sites Candidal: • balanitis† (N51.2*) • urethritis† (N37.0*),CUS
B37.5†,Candidal meningitis (G02.1*),CM
B37.6†,Candidal endocarditis (I39.8*),CE
B37.7,Candidal sepsis,CS
B37.8,Candidiasis of other sites Candidal: • cheilitis • enteritis,CSC
B37.9,"Candidiasis, unspecified Thrush NOS",CTN NOS
B38,Coccidioidomycosis,COCC
B38.0,Acute pulmonary coccidioidomycosis,APC
B38.1,Chronic pulmonary coccidioidomycosis,CPC
B38.2,"Pulmonary coccidioidomycosis, unspecified",PC NOS
B38.3,Cutaneous coccidioidomycosis,CC
B38.4†,Coccidioidomycosis meningitis (G02.1*),CM
B38.7,Disseminated coccidioidomycosis Generalized coccidioidomycosis,DCG
B38.8,Other forms of coccidioidomycosis,FC
B38.9,"Coccidioidomycosis, unspecified",COCC NOS
B39,Histoplasmosis,HIST
B39.0,Acute pulmonary histoplasmosis capsulati,APH
B39.1,Chronic pulmonary histoplasmosis capsulati,CPH
B39.2,"Pulmonary histoplasmosis capsulati, unspecified",PHC NOS
B39.3,Disseminated histoplasmosis capsulati Generalized histoplasmosis capsulati,DHC
B39.4,"Histoplasmosis capsulati, unspecified American histoplasmosis",HCA NOS
B39.5,Histoplasmosis duboisii African histoplasmosis,HDA
B39.9,"Histoplasmosis, unspecified",HIST NOS
B40,Blastomycosis,BLAS
B40.0,Acute pulmonary blastomycosis,APB
B40.1,Chronic pulmonary blastomycosis,CPB
B40.2,"Pulmonary blastomycosis, unspecified",PB NOS
B40.3,Cutaneous blastomycosis,CB
B40.7,Disseminated blastomycosis Generalized blastomycosis,DBG
B40.8,Other forms of blastomycosis,FB
B40.9,"Blastomycosis, unspecified",BLAS NOS
B41,Paracoccidioidomycosis,PARA
B41.0,Pulmonary paracoccidioidomycosis,PP
B41.7,Disseminated paracoccidioidomycosis Generalized paracoccidioidomycosis,DPG
B41.8,Other forms of paracoccidioidomycosis,FP
B41.9,"Paracoccidioidomycosis, unspecified",PARA NOS
B42,Sporotrichosis,SPOR
B42.0†,Pulmonary sporotrichosis (J99.8*),PS
B42.1,Lymphocutaneous sporotrichosis,LS
B42.7,Disseminated sporotrichosis Generalized sporotrichosis,DSG
B42.8,Other forms of sporotrichosis,FS
B42.9,"Sporotrichosis, unspecified",SPOR NOS
B43,Chromomycosis and phaeomycotic abscess,CPA
B43.0,Cutaneous chromomycosis Dermatitis verrucosa,CCD
B43.1,Phaeomycotic brain abscess Cerebral chromomycosis,PBA
B43.2,Subcutaneous phaeomycotic abscess and cyst,SPA
B43.8,Other forms of chromomycosis,FC
B43.9,"Chromomycosis, unspecified",CHRO NOS
B44,Aspergillosis,ASPE
B44.0,Invasive pulmonary aspergillosis,IPA
B44.1,Other pulmonary aspergillosis,PA
B44.2,Tonsillar aspergillosis,TA
B44.7,Disseminated aspergillosis Generalized aspergillosis,DAG
B44.8,Other forms of aspergillosis,FA
B44.9,"Aspergillosis, unspecified",ASPE NOS
B45,Cryptococcosis,CRYP
B45.0,Pulmonary cryptococcosis,PC
B45.1,Cerebral cryptococcosis Cryptococcal meningitis† (G02.1*) Cryptococcosis meningocerebralis,CCC
B45.2,Cutaneous cryptococcosis,CC
B45.3,Osseous cryptococcosis,OC
B45.7,Disseminated cryptococcosis Generalized cryptococcosis,DCG
B45.8,Other forms of cryptococcosis,FC
B45.9,"Cryptococcosis, unspecified",CRYP NOS
B46,Zygomycosis,ZYGO
B46.0,Pulmonary mucormycosis,PM
B46.1,Rhinocerebral mucormycosis,RM
B46.2,Gastrointestinal mucormycosis,GM
B46.3,Cutaneous mucormycosis Subcutaneous mucormycosis,CMS
B46.4,Disseminated mucormycosis Generalized mucormycosis,DMG
B46.5,"Mucormycosis, unspecified",MUCO NOS
B46.8,Other zygomycoses Entomophthoromycosis,ZE
B46.9,"Zygomycosis, unspecified Phycomycosis NOS",ZPN NOS
B47,Mycetoma,MYCE
B47.0,"Eumycetoma Madura foot, mycotic Maduromycosis",EMF
B47.1,Actinomycetoma,ACTI
B47.9,"Mycetoma, unspecified Madura foot NOS",MMF NOS
B48,"Other mycoses, not elsewhere classified",MNE
B48.0,Lobomycosis Keloidal blastomycosis Lobo disease,LKB
B48.1,Rhinosporidiosis,RHIN NOS
B48.2,Allescheriasis Infection due to Pseudallescheria boydii,AIP
B48.3,Geotrichosis Geotrichum stomatitis,GGS
B48.4,Penicillosis,PENI
B48.7,Opportunistic mycoses Mycoses caused by fungi of low virulence that can establish an infection only as a consequence of factors such as the presence of debilitating disease or the administration of immunosuppressive and other therapeutic agents or radiation therapy. Most of the causal fungi are normally saprophytic in soil and decaying vegetation.,OMM NOS
B48.8,Other specified mycoses Adiaspiromycosis,MA
B49,Unspecified mycosis,MYCO NOS
B50,Plasmodium falciparum malaria,PFM
B50.0,Plasmodium falciparum malaria with cerebral complications Cerebral malaria NOS,PFM NOS
B50.8,Other severe and complicated Plasmodium falciparum malaria Severe or complicated Plasmodium falciparum malaria NOS,SCP NOS
B50.9,"Plasmodium falciparum malaria, unspecified",PFM NOS
B50–B64,Protozoal diseases,PD
B50–B83,• specified parasitic infection,•PI
B51,Plasmodium vivax malaria,PVM
B51.0,Plasmodium vivax malaria with rupture of spleen,PVM
B51.8,Plasmodium vivax malaria with other complications,PVM
B51.9,Plasmodium vivax malaria without complication Plasmodium vivax malaria NOS,PVM NOS
B52,Plasmodium malariae malaria,PMM
B52.0,Plasmodium malariae malaria with nephropathy,PMM
B52.8,Plasmodium malariae malaria with other complications,PMM
B52.9,Plasmodium malariae malaria without complication Plasmodium malariae malaria NOS,PMM NOS
B53,Other parasitologically confirmed malaria,PCM
B53.0,Plasmodium ovale malaria,POM
B53.1,Malaria due to simian plasmodia,MSP
B53.8,"Other parasitologically confirmed malaria, not elsewhere classified Parasitologically confirmed malaria NOS",PCM NOS
B54,Unspecified malaria,MALA NOS
B55,Leishmaniasis,LEIS
B55.0,Visceral leishmaniasis Kala-azar Post-kala-azar dermal leishmaniasis,VLK
B55.1,Cutaneous leishmaniasis,CL
B55.2,Mucocutaneous leishmaniasis,ML
B55.9,"Leishmaniasis, unspecified",LEIS NOS
B56,African trypanosomiasis,AT NOS
B56.0,Gambiense trypanosomiasis Infection due to Trypanosoma brucei gambiense West African sleeping sickness,GTI NOS
B56.1,Rhodesiense trypanosomiasis East African sleeping sickness Infection due to Trypanosoma brucei rhodesiense,RTE NOS
B56.9,"African trypanosomiasis, unspecified Sleeping sickness NOS Trypanosomiasis NOS, in places where African trypanosomiasis is prevalent",ATS NOS
B57,Chagas disease,CD
B57.0†,"Acute Chagas disease with heart involvement (I41.2*, I98.1*) Acute Chagas disease with: • cardiovascular involvement NEC (I98.1*) • myocarditis (I41.2*)",ACD
B57.1,Acute Chagas disease without heart involvement Acute Chagas disease NOS,ACD NOS
B57.2,"Chagas disease (chronic) with heart involvement American trypanosomiasis NOS Chagas disease (chronic)(with): • NOS • cardiovascular involvement NEC† (I98.1*) • myocarditis† (I41.2*) Trypanosomiasis NOS, in places where Chagas disease is prevalent",CDH NOS
B57.3,Chagas disease (chronic) with digestive system involvement,CDD
B57.4,Chagas disease (chronic) with nervous system involvement,CDN
B57.5,Chagas disease (chronic) with other organ involvement,CDO
B58,Toxoplasmosis,TOXO
B58.0†,Toxoplasma oculopathy Toxoplasma chorioretinitis (H32.0*),TOT
B58.1†,Toxoplasma hepatitis (K77.0*),TH
B58.2†,Toxoplasma meningoencephalitis (G05.2*),TM
B58.3†,Pulmonary toxoplasmosis (J17.3*),PT
B58.8,Toxoplasmosis with other organ involvement Toxoplasma: • myocarditis† (I41.2*) • myositis† (M63.1*),TOI
B58.9,"Toxoplasmosis, unspecified",TOXO NOS
B59†,Pneumocystosis (J17.3*),PNEU
B60,"Other protozoal diseases, not elsewhere classified",PDN
B60.0,Babesiosis Piroplasmosis,BP
B60.1,Acanthamoebiasis Conjunctivitis due to Acanthamoeba† (H13.1*) Keratoconjunctivitis due to Acanthamoeba† (H19.2*),ACA
B60.2,Naegleriasis Primary amoebic meningoencephalitis† (G05.2*),NPA
B60.8,Other specified protozoal diseases Microsporidiosis,PDM
B64,Unspecified protozoal disease,PD NOS
B65,Schistosomiasis [bilharziasis],SCHI
B65.0,Schistosomiasis due to Schistosoma haematobium [urinary schistosomiasis],SSH
B65.1,Schistosomiasis due to Schistosoma mansoni [intestinal schistosomiasis],SSM
B65.2,Schistosomiasis due to Schistosoma japonicum Asiatic schistosomiasis,SSJ
B65.3,Cercarial dermatitis Swimmer’s itch,CDS
B65.8,Other schistosomiases Infection due to Schistosoma: • intercalatum • mattheei • mekongi,SIS
B65.9,"Schistosomiasis, unspecified",SCHI NOS
B65–B83,Helminthiases,HELM
B66,Other fluke infections,FI
B66.0,Opisthorchiasis Infection due to: • cat liver fluke • Opisthorchis (felineus)(viverrini),OI•
B66.1,Clonorchiasis Chinese liver fluke disease Infection due to Clonorchis sinensis Oriental liver fluke disease,CCL
B66.2,Dicrocoeliasis Infection due to Dicrocoelium dendriticum Lancet fluke infection,DID
B66.3,Fascioliasis Infection due to Fasciola: • gigantica • hepatica • indica Sheep liver fluke disease,FIF
B66.4,Paragonimiasis Infection due to Paragonimus species Lung fluke disease Pulmonary distomiasis,PIP
B66.5,Fasciolopsiasis Infection due to Fasciolopsis buski Intestinal distomiasis,FIF
B66.8,Other specified fluke infections Echinostomiasis Heterophyiasis Metagonimiasis Nanophyetiasis Watsoniasis,FIE NOS
B66.9,"Fluke infection, unspecified",FI NOS
B67,Echinococcosis,ECHI
B67.0,Echinococcus granulosus infection of liver,EGI
B67.1,Echinococcus granulosus infection of lung,EGI
B67.2,Echinococcus granulosus infection of bone,EGI
B67.3,"Echinococcus granulosus infection, other and multiple sites",EGI
B67.4,"Echinococcus granulosus infection, unspecified Dog tapeworm (infection)",EGI NOS
B67.5,Echinococcus multilocularis infection of liver,EMI
B67.6,"Echinococcus multilocularis infection, other and multiple sites",EMI
B67.7,"Echinococcus multilocularis infection, unspecified",EMI NOS
B67.8,"Echinococcosis, unspecified, of liver",EL NOS
B67.9,"Echinococcosis, other and unspecified Echinococcosis NOS",EEN NOS
B68,Taeniasis,TAEN
B68.0,Taenia solium taeniasis Pork tapeworm (infection),TST
B68.1,Taenia saginata taeniasis Beef tapeworm (infection) Infection due to adult tapeworm Taenia saginata,TST
B68.9,"Taeniasis, unspecified",TAEN NOS
B69,Cysticercosis,CYST
B69.0,Cysticercosis of central nervous system,CCN
B69.1,Cysticercosis of eye,CE
B69.8,Cysticercosis of other sites,CS
B69.9,"Cysticercosis, unspecified",CYST NOS
B70,Diphyllobothriasis and sparganosis,DS NOS
B70.0,Diphyllobothriasis Diphyllobothrium (adult)(latum)(pacificum) infection Fish tapeworm (infection),DDI
B70.1,Sparganosis Infection due to: • Sparganum (mansoni)(proliferum) • Spirometra larvae Larval diphyllobothriasis Spirometrosis,SI• NOS
B71,Other cestode infections,CI
B71.0,Hymenolepiasis Dwarf tapeworm (infection) Rat tapeworm (infection),HDT
B71.1,Dipylidiasis,DIPY
B71.8,Other specified cestode infections Coenurosis,CIC
B71.9,"Cestode infection, unspecified Tapeworm (infection) NOS",CIT NOS
B72,Dracunculiasis,DRAC
B73,Onchocerciasis,ONCH
B74,Filariasis,FILA
B74.0,Filariasis due to Wuchereria bancrofti Bancroftian: • elephantiasis • filariasis,FWB
B74.1,Filariasis due to Brugia malayi,FBM
B74.2,Filariasis due to Brugia timori,FBT
B74.3,Loiasis Calabar swelling Eyeworm disease of Africa Loa loa infection,LCS
B74.4,Mansonelliasis Infection due to Mansonella: • ozzardi • perstans • streptocerca,MIM
B74.8,Other filariases Dirofilariasis,FD
B74.9,"Filariasis, unspecified",FILA NOS
B75,Trichinellosis,TRIC
B76,Hookworm diseases,HD
B76.0,Ancylostomiasis Infection due to Ancylostoma species,AIA
B76.1,Necatoriasis Infection due to Necator americanus,NIN
B76.8,Other hookworm diseases,HD
B76.9,"Hookworm disease, unspecified Cutaneous larva migrans NOS",HDC NOS
B77,Ascariasis,ASCA
B77.0,Ascariasis with intestinal complications,AIC
B77.8,Ascariasis with other complications,AC
B77.9,"Ascariasis, unspecified",ASCA NOS
B78,Strongyloidiasis,STRO
B78.0,Intestinal strongyloidiasis,IS
B78.1,Cutaneous strongyloidiasis,CS
B78.7,Disseminated strongyloidiasis,DS
B78.9,"Strongyloidiasis, unspecified",STRO NOS
B79,Trichuriasis,TRIC
B80,Enterobiasis,ENTE
B81,"Other intestinal helminthiases, not elsewhere classified",IHN
B81.0,Anisakiasis Infection due to Anisakis larvae,AIA
B81.1,Intestinal capillariasis Capillariasis NOS Infection due to Capillaria philippinensis,ICC NOS
B81.2,Trichostrongyliasis,TRIC
B81.3,Intestinal angiostrongyliasis Angiostrongyliasis due to • Angiostrongylus costaricensis • Parastrongylus costaricensis,IAA
B81.4,Mixed intestinal helminthiases Infection due to intestinal helminths classifiable to more than one of the categories B65.0–B81.3 and B81.8 Mixed helminthiasis NOS,MIH NOS
B81.8,Other specified intestinal helminthiases Infection due to: • Oesophagostomum species [oesophagostomiasis] • Ternidens deminutus [ternidensiasis] • Ternidens diminutus [ternidensiasis],IHI
B82,Unspecified intestinal parasitism,IP NOS
B82.0,"Intestinal helminthiasis, unspecified",IH NOS
B82.9,"Intestinal parasitism, unspecified",IP NOS
B83,Other helminthiases,HELM
B83.0,Visceral larva migrans Toxocariasis,VLM
B83.1,Gnathostomiasis Wandering swelling,GWS
B83.2,Angiostrongyliasis due to Parastrongylus cantonensis Angiostrongyliasis due to Angiostrongylus cantonensis Eosinophilic meningoencephalitis† (G05.2*),APC
B83.3,Syngamiasis Syngamosis,SS
B83.4,Internal hirudiniasis,IH
B83.8,Other specified helminthiases Acanthocephaliasis Gongylonemiasis Hepatic capillariasis Metastrongyliasis Thelaziasis,HAG
B83.9,"Helminthiasis, unspecified Worms NOS",HWN NOS
B85,Pediculosis and phthiriasis,PP
B85.0,Pediculosis due to Pediculus humanus capitis Head-louse infestation,PPH
B85.1,Pediculosis due to Pediculus humanus corporis Body-louse infestation,PPH
B85.2,"Pediculosis, unspecified",PEDI NOS
B85.3,Phthiriasis Infestation by: • crab-louse • Phthirus pubis,PIB
B85.4,Mixed pediculosis and phthiriasis Infestation classifiable to more than one of the categories B85.0–B85.3,MPP
B85–B89,"• pediculosis, acariasis and other infestations • viral warts (B07) panniculitis (of): • NOS (M79.3) • lupus (L93.2) • neck and back (M54.0) • relapsing [Weber–Christian] (M35.6) perlèche (due to): • NOS (K13.0) • candidiasis (B37.-) • riboflavin deficiency (E53.0) pyogenic granuloma (L98.0) zoster (B02.-)",•PA NOS
B86,Scabies,SCAB
B87,Myiasis,MYIA
B87.0,Cutaneous myiasis Creeping myiasis,CMC
B87.1,Wound myiasis Traumatic myiasis,WMT
B87.2,Ocular myiasis,OM
B87.3,Nasopharyngeal myiasis Laryngeal myiasis,NML
B87.4,Aural myiasis,AM
B87.8,Myiasis of other sites Genitourinary myiasis Intestinal myiasis,MSG
B87.9,"Myiasis, unspecified",MYIA NOS
B88,Other infestations,INFE
B88.0,Other acariasis Acarine dermatitis Dermatitis due to: • Demodex species • Dermanyssus gallinae • Liponyssoides sanguineus Trombiculosis,AAD
B88.1,Tungiasis [sandflea infestation],TUNG
B88.2,Other arthropod infestations Scarabiasis,AIS
B88.3,External hirudiniasis Leech infestation NOS,EHL NOS
B88.8,Other specified infestations Ichthyoparasitism due to Vandellia cirrhosa Linguatulosis Porocephaliasis,IIV
B88.9,"Infestation, unspecified Infestation (skin) NOS Infestation by mites NOS Skin parasites NOS",IIN NOS
B89,"as the cause of sequelae, which are themselves classified elsewhere. The ‘sequelae’ include conditions specified as such; they also include late effects of diseases classifiable to the above categories if there is evidence that the disease itself is no longer present. For use of these categories, reference should be made to the morbidity or mortality coding rules and guidelines in Volume 2. Not to be used for chronic infections. Code current infections to chronic or active infectious disease as appropriate.",ACS
B90,Sequelae of tuberculosis,TB
B90.0,Sequelae of central nervous system tuberculosis,TB
B90.1,Sequelae of genitourinary tuberculosis,TB
B90.2,Sequelae of tuberculosis of bones and joints,TB
B90.8,Sequelae of tuberculosis of other organs,TB
B90.9,Sequelae of respiratory and unspecified tuberculosis Sequelae of tuberculosis NOS,PTB
B90–B94,Sequelae of infectious and parasitic diseases,SIP
B91,Sequelae of poliomyelitis,SP
B92,Sequelae of leprosy,SL
B94,Sequelae of other and unspecified infectious and parasitic diseases,SIP NOS
B94.0,Sequelae of trachoma,ST
B94.1,Sequelae of viral encephalitis,SVE
B94.2,Sequelae of viral hepatitis,SVH
B94.8,Sequelae of other specified infectious and parasitic diseases,SIP
B94.9,"Sequelae of unspecified infectious or parasitic disease Bacterial, viral and other infectious agents (B95–B98)",SIO NOS
B95,Streptococcus and Staphylococcus as the cause of diseases classified to other chapters,SSA
B95.0,"Streptococcus, group A, as the cause of diseases classified to other chapters",SGA
B95.1,"Streptococcus, group B, as the cause of diseases classified to other chapters",SGB
B95.2,"Streptococcus, group D, and enterococcus as the cause of diseases classified to other chapters",SGD
B95.3,Streptococcus pneumoniae as the cause of diseases classified to other chapters,SPA
B95.4,Other Streptococcus as the cause of diseases classified to other chapters,SAC
B95.5,Unspecified Streptococcus as the cause of diseases classified to other chapters,SAC NOS
B95.6,Staphylococcus aureus as the cause of diseases classified to other chapters,SAA
B95.7,Other Staphylococcus as the cause of diseases classified to other chapters,SAC
B95.8,Unspecified Staphylococcus as the cause of diseases classified to other chapters,SAC NOS
B95–B96,chapters chlamydial infection NOS (A74.9) meningococcal infection NOS (A39.9) rickettsial infection NOS (A79.9) spirochaetal infection NOS (A69.9),CCI NOS
B95–B98,"Bacterial, viral and other infectious agents",BVI
B96,Other specified bacterial agents as the cause of diseases classified to other chapters,BAA
B96.0,Mycoplasma pneumoniae [M. pneumoniae] as the cause of diseases classified to other chapters Pleuro-pneumonia-like-organism [PPLO],MPA
B96.1,Klebsiella pneumoniae [K. pneumoniae] as the cause of diseases classified to other chapters,KPA
B96.2,Escherichia coli [E. coli] as the cause of diseases classified to other chapters,ECA
B96.3,Haemophilus influenzae [H. influenzae] as the cause of diseases classified to other chapters,HIA
B96.4,Proteus (mirabilis)(morganii) as the cause of diseases classified to other chapters,PAC
B96.5,Pseudomonas (aeruginosa) as the cause of diseases classified to other chapters,PAC NOS
B96.6,Bacillus fragilis [B. fragilis] as the cause of diseases classified to other chapters,BFA
B96.7,Clostridium perfringens [C. perfringens] as the cause of diseases classified to other chapters,CPA
B96.8,Other specified bacterial agents as the cause of diseases classified to other chapters,BAA
B97,Viral agents as the cause of diseases classified to other chapters,VAA
B97.0,Adenovirus as the cause of diseases classified to other chapters,AAC
B97.1,Enterovirus as the cause of diseases classified to other chapters Coxsackievirus Echovirus,EAC
B97.2,Coronavirus as the cause of diseases classified to other chapters,CAC
B97.3,Retrovirus as the cause of diseases classified to other chapters Lentivirus Oncovirus,RAC
B97.4,Respiratory syncytial virus as the cause of diseases classified to other chapters,RSV
B97.5,Reovirus as the cause of diseases classified to other chapters,RAC
B97.6,Parvovirus as the cause of diseases classified to other chapters,PAC
B97.7,Papillomavirus as the cause of diseases classified to other chapters,PAC
B97.8,Other viral agents as the cause of diseases classified to other chapters Human metapneumovirus,VAA
B98,Other specified infectious agents as the cause of diseases classified to other chapters,IAA
B98.0,Helicobacter pylori [H.pylori] as the cause of diseases classified to other chapters,HPA
B98.1,Vibrio vulnificus as the cause of diseases classified to other chapters Other infectious diseases (B99),VVA
B99,Other and unspecified infectious diseases,ID NOS
B99–B99,Other infectious diseases,ID
C00,Malignant neoplasm of lip,MNL
C00.0,External upper lip Upper lip: • NOS • lipstick area • vermilion border,EUL NOS
C00.1,External lower lip Lower lip: • NOS • lipstick area • vermilion border,ELL NOS
C00.2,"External lip, unspecified Vermilion border NOS",ELV NOS
C00.3,"Upper lip, inner aspect Upper lip: • buccal aspect • frenulum • mucosa • oral aspect",ULI
C00.4,"Lower lip, inner aspect Lower lip: • buccal aspect • frenulum • mucosa • oral aspect",LLI
C00.5,"Lip, unspecified, inner aspect Lip, not specified whether upper or lower: • buccal aspect • frenulum • mucosa • oral aspect",LIA NOS
C00.6,Commissure of lip,CL
C00.8,Overlapping lesion of lip [See note 5 at the beginning of this chapter],OLL
C00.9,"Lip, unspecified",LIP NOS
C00–C14,"Malignant neoplasms of lip, oral cavity and pharynx",MNL
C00–C75,"Malignant neoplasms, stated or presumed to be primary, of specified sites, except of lymphoid, haematopoietic and related tissue",MNS
C00–C97,Malignant neoplasms,MN
C00–D48,neoplasms tetanus neonatorum (A33) This chapter contains the following blocks:,NTN
C01,Malignant neoplasm of base of tongue,MNB
C02,Malignant neoplasm of other and unspecified parts of tongue,MNP NOS
C02.0,"Dorsal surface of tongue Anterior two-thirds of tongue, dorsal surface",DST
C02.1,Border of tongue Tip of tongue,BTT
C02.2,"Ventral surface of tongue Anterior two-thirds of tongue, ventral surface Frenulum linguae",VST
C02.3,"Anterior two-thirds of tongue, part unspecified Middle one third of tongue NOS Mobile part of tongue NOS",ATT NOS
C02.4,Lingual tonsil,LT
C02.8,Overlapping lesion of tongue [See note 5 at the beginning of this chapter] Malignant neoplasm of tongue whose point of origin cannot be classified to any one of the categories C01–C02.4,OLT
C02.9,"Tongue, unspecified",TONG NOS
C03,Malignant neoplasm of gum,MNG
C03.0,Upper gum,UG
C03.1,Lower gum,LG
C03.9,"Gum, unspecified",GUM NOS
C04,Malignant neoplasm of floor of mouth,MNF
C04.0,Anterior floor of mouth Anterior to the premolar–canine junction,AFM
C04.1,Lateral floor of mouth,LFM
C04.8,Overlapping lesion of floor of mouth [See note 5 at the beginning of this chapter],OLF
C04.9,"Floor of mouth, unspecified",FM NOS
C05,Malignant neoplasm of palate,MNP
C05.0,Hard palate,HP
C05.1,Soft palate,SP
C05.2,Uvula,UVUL
C05.8,Overlapping lesion of palate [See note 5 at the beginning of this chapter],OLP
C05.9,"Palate, unspecified Roof of mouth",PRM NOS
C06,Malignant neoplasm of other and unspecified parts of mouth,MNP NOS
C06.0,Cheek mucosa Buccal mucosa NOS Internal cheek,CMB NOS
C06.1,Vestibule of mouth Buccal sulcus (upper)(lower) Labial sulcus (upper)(lower),VMB
C06.2,Retromolar area,RA
C06.8,Overlapping lesion of other and unspecified parts of mouth [See note 5 at the beginning of this chapter],OLP NOS
C06.9,"Mouth, unspecified Minor salivary gland, unspecified site Oral cavity NOS",MMS NOS
C07,Malignant neoplasm of parotid gland,MNP
C08,Malignant neoplasm of other and unspecified major salivary glands,MNM NOS
C08.0,Submandibular gland Submaxillary gland,SGS
C08.1,Sublingual gland,SG
C08.8,Overlapping lesion of major salivary glands [See note 5 at the beginning of this chapter] Malignant neoplasm of major salivary glands whose point of origin cannot be classified to any one of the categories C07–C08.1,OLM
C08.9,"Major salivary gland, unspecified Salivary gland (major) NOS",MSG NOS
C09,Malignant neoplasm of tonsil,MNT
C09.0,Tonsillar fossa,TF
C09.1,Tonsillar pillar (anterior)(posterior),TP
C09.8,Overlapping lesion of tonsil [See note 5 at the beginning of this chapter],OLT
C09.9,"Tonsil, unspecified Tonsil: • NOS • faucial • palatine",TT• NOS
C10,Malignant neoplasm of oropharynx,MNO
C10.0,Vallecula,VALL
C10.1,"Anterior surface of epiglottis Epiglottis, free border [margin] Glossoepiglottic fold(s)",ASE
C10.2,Lateral wall of oropharynx,LWO
C10.3,Posterior wall of oropharynx,PWO
C10.4,Branchial cleft Branchial cyst [site of neoplasm],BCB
C10.8,Overlapping lesion of oropharynx [See note 5 at the beginning of this chapter] Junctional region of oropharynx,OLO
C10.9,"Oropharynx, unspecified",OROP NOS
C11,Malignant neoplasm of nasopharynx,MNN
C11.0,Superior wall of nasopharynx Roof of nasopharynx,SWN
C11.1,Posterior wall of nasopharynx Adenoid Pharyngeal tonsil,PWN
C11.2,Lateral wall of nasopharynx Fossa of Rosenmüller Opening of auditory tube Pharyngeal recess,LWN
C11.3,Anterior wall of nasopharynx Floor of nasopharynx Nasopharyngeal (anterior)(posterior) surface of soft palate Posterior margin of nasal: • choana • septum,AWN
C11.8,Overlapping lesion of nasopharynx [See note 5 at the beginning of this chapter],OLN
C11.9,"Nasopharynx, unspecified Nasopharyngeal wall NOS",NNW NOS
C12,Malignant neoplasm of piriform sinus,MNP
C13,Malignant neoplasm of hypopharynx,MNH
C13.0,Postcricoid region,PR
C13.1,"Aryepiglottic fold, hypopharyngeal aspect Aryepiglottic fold: • NOS • marginal zone",AFH NOS
C13.2,Posterior wall of hypopharynx,PWH
C13.8,Overlapping lesion of hypopharynx [See note 5 at the beginning of this chapter],OLH
C13.9,"Hypopharynx, unspecified Hypopharyngeal wall NOS",HHW NOS
C14,"Malignant neoplasm of other and ill-defined sites in the lip, oral cavity and pharynx",MNI
C14.0,"Pharynx, unspecified",PHAR NOS
C14.2,Waldeyer’s ring,WR
C14.8,"Overlapping lesion of lip, oral cavity and pharynx [See note 5 at the beginning of this chapter] Malignant neoplasm of lip, oral cavity and pharynx whose point of origin cannot be classified to any one of the categories C00–C14.2 Malignant neoplasms of digestive organs (C15–C26)",OLL
C15,Malignant neoplasm of oesophagus,MNO
C15.0,Cervical part of oesophagus,CPO
C15.1,Thoracic part of oesophagus,TPO
C15.2,Abdominal part of oesophagus,APO
C15.3,Upper third of oesophagus,UTO
C15.4,Middle third of oesophagus,MTO
C15.5,Lower third of oesophagus,LTO
C15.8,Overlapping lesion of oesophagus [See note 5 at the beginning of this chapter],OLO
C15.9,"Oesophagus, unspecified",OESO NOS
C15–C26,Malignant neoplasms of digestive organs,MND
C16,Malignant neoplasm of stomach,MNS
C16.0,Cardia Cardiac orifice Cardio-oesophageal junction Gastro-oesophageal junction Oesophagus and stomach,CCO
C16.1,Fundus of stomach,FS
C16.2,Body of stomach,BS
C16.3,Pyloric antrum Gastric antrum,PAG
C16.4,Pylorus Prepylorus Pyloric canal,PPP
C16.5,"Lesser curvature of stomach, unspecified Lesser curvature of stomach, not classifiable to C16.1–C16.4",LCS NOS
C16.6,"Greater curvature of stomach, unspecified Greater curvature of stomach, not classifiable to C16.0–C16.4",GCS NOS
C16.8,Overlapping lesion of stomach [See note 5 at the beginning of this chapter],OLS
C16.9,"Stomach, unspecified Gastric cancer NOS",SGC NOS
C17,Malignant neoplasm of small intestine,MNS
C17.0,Duodenum,DUOD
C17.1,Jejunum,JEJU
C17.2,Ileum,ILEU
C17.3,Meckel’s diverticulum,MD
C17.8,Overlapping lesion of small intestine [See note 5 at the beginning of this chapter],OLS
C17.9,"Small intestine, unspecified",SI NOS
C18,Malignant neoplasm of colon,MNC
C18.0,Caecum Ileocaecal valve,CIV
C18.1,Appendix,APPE
C18.2,Ascending colon,AC
C18.3,Hepatic flexure,HF
C18.4,Transverse colon,TC
C18.5,Splenic flexure,SF
C18.6,Descending colon,DC
C18.7,Sigmoid colon Sigmoid (flexure),SCS
C18.8,Overlapping lesion of colon [See note 5 at the beginning of this chapter],OLC
C18.9,"Colon, unspecified Large intestine NOS",CLI NOS
C19,Malignant neoplasm of rectosigmoid junction,MNR
C20,Malignant neoplasm of rectum,MNR
C21,Malignant neoplasm of anus and anal canal,MNA
C21.0,"Anus, unspecified",ANUS NOS
C21.1,Anal canal Anal sphincter,ACA
C21.2,Cloacogenic zone,CZ
C21.8,"Overlapping lesion of rectum, anus and anal canal [See note 5 at the beginning of this chapter] Anorectal junction Anorectum Malignant neoplasm of rectum, anus and anal canal whose point of origin cannot be classified to any one of the categories C20–C21.2",OLR
C22,Malignant neoplasm of liver and intrahepatic bile ducts,MNL
C22.0,Liver cell carcinoma Hepatocellular carcinoma Hepatoma,LCC
C22.1,Intrahepatic bile duct carcinoma Cholangiocarcinoma,IBD
C22.2,Hepatoblastoma,HEPA
C22.3,Angiosarcoma of liver Kupffer cell sarcoma,ALK
C22.4,Other sarcomas of liver,SL
C22.7,Other specified carcinomas of liver,CL
C22.9,"Liver, unspecified",LIVE NOS
C23,Malignant neoplasm of gallbladder,MNG
C24,Malignant neoplasm of other and unspecified parts of biliary tract,MNP NOS
C24.0,Extrahepatic bile duct Biliary duct or passage NOS Common bile duct Cystic duct Hepatic duct,EBD NOS
C24.1,Ampulla of Vater,AV
C24.8,Overlapping lesion of biliary tract [See note 5 at the beginning of this chapter] Malignant neoplasm involving both intrahepatic and extrahepatic bile ducts Malignant neoplasm of biliary tract whose point of origin cannot be classified to any one of the categories C22.0–C24.1,OLB
C24.9,"Biliary tract, unspecified",BT NOS
C25,Malignant neoplasm of pancreas,MNP
C25.0,Head of pancreas,HP
C25.1,Body of pancreas,BP
C25.2,Tail of pancreas,TP
C25.3,Pancreatic duct,PD
C25.4,Endocrine pancreas Islets of Langerhans,EPI
C25.7,Other parts of pancreas Neck of pancreas,PPN
C25.8,Overlapping lesion of pancreas [See note 5 at the beginning of this chapter],OLP
C25.9,"Pancreas, unspecified",PANC NOS
C26,Malignant neoplasm of other and ill-defined digestive organs,MNI
C26.0,"Intestinal tract, part unspecified Intestine NOS",ITP NOS
C26.1,Spleen,SPLE
C26.8,Overlapping lesion of digestive system [See note 5 at the beginning of this chapter] Malignant neoplasm of digestive organs whose point of origin cannot be classified to any one of the categories C15–C26.1,OLD
C26.9,Ill-defined sites within the digestive system Alimentary canal or tract NOS Gastrointestinal tract NOS Malignant neoplasms of respiratory and intrathoracic organs (C30–C39),ISW NOS
C30,Malignant neoplasm of nasal cavity and middle ear,MNN
C30.0,"Nasal cavity Cartilage of nose Concha, nasal Internal nose Septum of nose Vestibule of nose",NCC NOS
C30.1,Middle ear Eustachian tube Inner ear Mastoid air cells,MEE
C30–C39,Malignant neoplasms of respiratory and intrathoracic organs,MNR
C31,Malignant neoplasm of accessory sinuses,MNA
C31.0,Maxillary sinus Antrum (Highmore)(maxillary),MSA
C31.1,Ethmoidal sinus,ES
C31.2,Frontal sinus,FS
C31.3,Sphenoidal sinus,SS
C31.8,Overlapping lesion of accessory sinuses [See note 5 at the beginning of this chapter],OLA
C31.9,"Accessory sinus, unspecified",AS NOS
C32,Malignant neoplasm of larynx,MNL
C32.0,Glottis Intrinsic larynx Vocal cord (true) NOS,GIL NOS
C32.1,"Supraglottis Aryepiglottic fold, laryngeal aspect Epiglottis (suprahyoid portion) NOS Extrinsic larynx False vocal cord Posterior (laryngeal) surface of epiglottis Ventricular bands",SAF NOS
C32.2,Subglottis,SUBG
C32.3,Laryngeal cartilage,LC
C32.8,Overlapping lesion of larynx [See note 5 at the beginning of this chapter],OLL
C32.9,"Larynx, unspecified",LARY NOS
C33,Malignant neoplasm of trachea,MNT
C34,Malignant neoplasm of bronchus and lung,MNB
C34.0,Main bronchus Carina Hilus (of lung),MBC
C34.1,"Upper lobe, bronchus or lung",ULB
C34.2,"Middle lobe, bronchus or lung",MLB
C34.3,"Lower lobe, bronchus or lung",LLB
C34.8,Overlapping lesion of bronchus and lung [See note 5 at the beginning of this chapter],OLB
C34.9,"Bronchus or lung, unspecified",BOL NOS
C37,Malignant neoplasm of thymus,MNT
C38,"Malignant neoplasm of heart, mediastinum and pleura",MNH
C38.0,Heart Pericardium,HP
C38.1,Anterior mediastinum,AM
C38.2,Posterior mediastinum,PM
C38.3,"Mediastinum, part unspecified",MP NOS
C38.4,Pleura,PLEU
C38.8,"Overlapping lesion of heart, mediastinum and pleura [See note 5 at the beginning of this chapter]",OLH
C39,Malignant neoplasm of other and ill-defined sites in the respiratory system and intrathoracic organs,MNI
C39.0,"Upper respiratory tract, part unspecified",URT NOS
C39.8,Overlapping lesion of respiratory and intrathoracic organs [See note 5 at the beginning of this chapter] Malignant neoplasm of respiratory and intrathoracic organs whose point of origin cannot be classified to any one of the categories C30–C39.0,OLR
C39.9,Ill-defined sites within the respiratory system Respiratory tract NOS,ISW NOS
C40,Malignant neoplasm of bone and articular cartilage of limbs,MNB
C40.0,Scapula and long bones of upper limb,SLB
C40.1,Short bones of upper limb,SBU
C40.2,Long bones of lower limb,LBL
C40.3,Short bones of lower limb,SBL
C40.8,Overlapping lesion of bone and articular cartilage of limbs [See note 5 at the beginning of this chapter],OLB
C40.9,"Bone and articular cartilage of limb, unspecified",BAC NOS
C40–C41,• articular • larynx (C32.3) • nose (C30.0) connective tissue of breast (C50.-) Kaposi sarcoma (C46.-) mesothelioma (C45.-) peripheral nerves and autonomic nervous system (C47.-) peritoneum (C48.-) retroperitoneum (C48.0),•A• NOS
C41,Malignant neoplasm of bone and articular cartilage of other and unspecified sites,MNB NOS
C41.0,Bones of skull and face Maxilla (superior) Orbital bone,BSF
C41.1,Mandible Lower jaw bone,MLJ
C41.2,Vertebral column,VC
C41.3,"Ribs, sternum and clavicle",RSC
C41.4,"Pelvic bones, sacrum and coccyx",PBS
C41.8,Overlapping lesion of bone and articular cartilage [See note 5 at the beginning of this chapter] Malignant neoplasm of bone and articular cartilage whose point of origin cannot be classified to any one of the categories C40–C41.4,OLB
C41.9,"Bone and articular cartilage, unspecified Melanoma and other malignant neoplasms of skin (C43–C44)",BAC NOS
C43,Malignant melanoma of skin,MMS
C43.0,Malignant melanoma of lip,MML
C43.1,"Malignant melanoma of eyelid, including canthus",MME
C43.2,Malignant melanoma of ear and external auricular canal,MME
C43.3,Malignant melanoma of other and unspecified parts of face,MMP NOS
C43.4,Malignant melanoma of scalp and neck,MMS
C43.5,Malignant melanoma of trunk Anal: • margin • skin Perianal skin Skin of breast,MMT
C43.6,"Malignant melanoma of upper limb, including shoulder",MMU
C43.7,"Malignant melanoma of lower limb, including hip",MML
C43.8,Overlapping malignant melanoma of skin [See note 5 at the beginning of this chapter],OMM
C43.9,"Malignant melanoma of skin, unspecified Melanoma (malignant) NOS",MMS NOS
C43–C44,Melanoma and other malignant neoplasms of skin,MMN
C44,Other malignant neoplasms of skin,MNS
C44.0,Skin of lip Basal cell carcinoma of lip,SLB
C44.1,"Skin of eyelid, including canthus",SEI
C44.2,Skin of ear and external auricular canal,SEE
C44.3,Skin of other and unspecified parts of face,SPF NOS
C44.4,Skin of scalp and neck,SSN
C44.5,Skin of trunk Anal: • margin • skin Perianal skin Skin of breast,STA
C44.6,"Skin of upper limb, including shoulder",SUL
C44.7,"Skin of lower limb, including hip",SLL
C44.8,Overlapping lesion of skin [See note 5 at the beginning of this chapter],OLS
C44.9,"Malignant neoplasm of skin, unspecified Malignant neoplasms of mesothelial and soft tissue (C45–C49)",MNS NOS
C45,Mesothelioma,MESO
C45.0,Mesothelioma of pleura,MP
C45.1,Mesothelioma of peritoneum Mesentery Mesocolon Omentum Peritoneum (parietal)(pelvic),MPM
C45.2,Mesothelioma of pericardium,MP
C45.7,Mesothelioma of other sites,MS
C45.9,"Mesothelioma, unspecified",MESO NOS
C45–C49,Malignant neoplasms of mesothelial and soft tissue,MNM
C46,Kaposi sarcoma,KS
C46.0,Kaposi sarcoma of skin,KSS
C46.1,Kaposi sarcoma of soft tissue,KSS
C46.2,Kaposi sarcoma of palate,KSP
C46.3,Kaposi sarcoma of lymph nodes,KSL
C46.7,Kaposi sarcoma of other sites,KSS
C46.8,Kaposi sarcoma of multiple organs,KSM
C46.9,"Kaposi sarcoma, unspecified",KS NOS
C47,Malignant neoplasm of peripheral nerves and autonomic nervous system,MNP
C47.0,"Peripheral nerves of head, face and neck",PNH
C47.1,"Peripheral nerves of upper limb, including shoulder",PNU
C47.2,"Peripheral nerves of lower limb, including hip",PNL
C47.3,Peripheral nerves of thorax,PNT
C47.4,Peripheral nerves of abdomen,PNA
C47.5,Peripheral nerves of pelvis,PNP
C47.6,"Peripheral nerves of trunk, unspecified",PNT NOS
C47.8,Overlapping lesion of peripheral nerves and autonomic nervous system [See note 5 at the beginning of this chapter],OLP
C47.9,"Peripheral nerves and autonomic nervous system, unspecified",PNA NOS
C48,Malignant neoplasm of retroperitoneum and peritoneum,MNR
C48.0,Retroperitoneum,RETR
C48.1,Specified parts of peritoneum Mesentery Mesocolon Omentum Peritoneum: • parietal • pelvic,PPM
C48.2,"Peritoneum, unspecified",PERI NOS
C48.8,Overlapping lesion of retroperitoneum and peritoneum [See note 5 at the beginning of this chapter],OLR
C49,Malignant neoplasm of other connective and soft tissue,MNC
C49.0,"Connective and soft tissue of head, face and neck Connective tissue of: • ear • eyelid",CST
C49.1,"Connective and soft tissue of upper limb, including shoulder",CST
C49.2,"Connective and soft tissue of lower limb, including hip",CST
C49.3,Connective and soft tissue of thorax Axilla Diaphragm Great vessels,CST
C49.4,Connective and soft tissue of abdomen Abdominal wall Hypochondrium,CST
C49.5,Connective and soft tissue of pelvis Buttock Groin Perineum,CST
C49.6,"Connective and soft tissue of trunk, unspecified Back NOS",CST NOS
C49.8,Overlapping lesion of connective and soft tissue [See note 5 at the beginning of this chapter] Malignant neoplasm of connective and soft tissue whose point of origin cannot be classified to any one of the categories C47–C49.6,OLC
C49.9,"Connective and soft tissue, unspecified Malignant neoplasm of breast (C50)",CST NOS
C50,Malignant neoplasm of breast,MNB
C50.0,Nipple and areola,NA
C50.1,Central portion of breast,CPB
C50.2,Upper-inner quadrant of breast,UQB
C50.3,Lower-inner quadrant of breast,LQB
C50.4,Upper-outer quadrant of breast,UQB
C50.5,Lower-outer quadrant of breast,LQB
C50.6,Axillary tail of breast,ATB
C50.8,Overlapping lesion of breast [See note 5 at the beginning of this chapter],OLB
C50.9,"Breast, unspecified",BREA NOS
C50–C50,Malignant neoplasm of breast,MNB
C51,Malignant neoplasm of vulva,MNV
C51.0,Labium majus Bartholin [greater vestibular] gland,LMB
C51.1,Labium minus,LM
C51.2,Clitoris,CLIT
C51.8,Overlapping lesion of vulva [See note 5 at the beginning of this chapter],OLV
C51.9,"Vulva, unspecified External female genitalia NOS Pudendum",VEF NOS
C51–C58,Malignant neoplasms of female genital organs,MNF
C52,Malignant neoplasm of vagina,MNV
C53,Malignant neoplasm of cervix uteri,MNC
C53.0,Endocervix,ENDO
C53.1,Exocervix,EXOC
C53.8,Overlapping lesion of cervix uteri [See note 5 at the beginning of this chapter],OLC
C53.9,"Cervix uteri, unspecified",CU NOS
C54,Malignant neoplasm of corpus uteri,MNC
C54.0,Isthmus uteri Lower uterine segment,IUL
C54.1,Endometrium,ENDO
C54.2,Myometrium,MYOM
C54.3,Fundus uteri,FU
C54.8,Overlapping lesion of corpus uteri [See note 5 at the beginning of this chapter],OLC
C54.9,"Corpus uteri, unspecified",CU NOS
C55,"Malignant neoplasm of uterus, part unspecified",MNU NOS
C56,Malignant neoplasm of ovary,MNO
C57,Malignant neoplasm of other and unspecified female genital organs,MNF NOS
C57.0,Fallopian tube Oviduct Uterine tube,FTO
C57.1,Broad ligament,BL
C57.2,Round ligament,RL
C57.3,Parametrium Uterine ligament NOS,PUL NOS
C57.4,"Uterine adnexa, unspecified",UA NOS
C57.7,Other specified female genital organs Wolffian body or duct,FGO
C57.8,"Overlapping lesion of female genital organs [See note 5 at the beginning of this chapter] Malignant neoplasm of female genital organs whose point of origin cannot be classified to any one of the categories C51–C57.7, C58 Tubo-ovarian Utero-ovarian",OLF
C57.9,"Female genital organ, unspecified Female genitourinary tract NOS",FGO NOS
C58,Malignant neoplasm of placenta,MNP
C60,Malignant neoplasm of penis,MNP
C60.0,Prepuce Foreskin,PF
C60.1,Glans penis,GP
C60.2,Body of penis Corpus cavernosum,BPC NOS
C60.8,Overlapping lesion of penis [See note 5 at the beginning of this chapter],OLP
C60.9,"Penis, unspecified Skin of penis NOS",PSP NOS
C60–C63,Malignant neoplasms of male genital organs,MNM
C61,Malignant neoplasm of prostate,MNP
C62,Malignant neoplasm of testis,MNT
C62.0,Undescended testis Ectopic testis [site of neoplasm] Retained testis [site of neoplasm],UTE
C62.1,Descended testis Scrotal testis,DTS
C62.9,"Testis, unspecified",TEST NOS
C63,Malignant neoplasm of other and unspecified male genital organs,MNM NOS
C63.0,Epididymis,EPID
C63.1,Spermatic cord,SC
C63.2,Scrotum Skin of scrotum,SSS
C63.7,Other specified male genital organs Seminal vesicle Tunica vaginalis,MGO
C63.8,Overlapping lesion of male genital organs [See note 5 at the beginning of this chapter] Malignant neoplasm of male genital organs whose point of origin cannot be classified to any one of the categories C60–C63.7,OLM
C63.9,"Male genital organ, unspecified Male genitourinary tract NOS Malignant neoplasms of urinary tract (C64–C68)",MGO NOS
C64,"Malignant neoplasm of kidney, except renal pelvis",MNK
C64–C68,Malignant neoplasms of urinary tract,MNU
C65,Malignant neoplasm of renal pelvis,MNR
C66,Malignant neoplasm of ureter,MNU
C67,Malignant neoplasm of bladder,MNB
C67.0,Trigone of bladder,TB
C67.1,Dome of bladder,DB
C67.2,Lateral wall of bladder,LWB
C67.3,Anterior wall of bladder,AWB
C67.4,Posterior wall of bladder,PWB
C67.5,Bladder neck Internal urethral orifice,BNI
C67.6,Ureteric orifice,UO
C67.7,Urachus,URAC
C67.8,Overlapping lesion of bladder [See note 5 at the beginning of this chapter],OLB
C67.9,"Bladder, unspecified",BLAD NOS
C68,Malignant neoplasm of other and unspecified urinary organs,MNU NOS
C68.0,Urethra,URET
C68.1,Paraurethral gland,PG
C68.8,Overlapping lesion of urinary organs [See note 5 at the beginning of this chapter] Malignant neoplasm of urinary organs whose point of origin cannot be classified to any one of the categories C64–C68.1,OLU
C68.9,"Urinary organ, unspecified Urinary system NOS",UOU NOS
C69,Malignant neoplasm of eye and adnexa,MNE
C69.0,Conjunctiva,CONJ
C69.1,Cornea,CORN
C69.2,Retina,RETI
C69.3,Choroid,CHOR
C69.4,Ciliary body,CB
C69.5,Lacrimal gland and duct Lacrimal sac Nasolacrimal duct,LGD
C69.6,Orbit Connective tissue of orbit Extraocular muscle Peripheral nerves of orbit Retrobulbar tissue Retro-ocular tissue,OCT
C69.8,Overlapping lesion of eye and adnexa [See note 5 at the beginning of this chapter],OLE
C69.9,"Eye, unspecified Eyeball",EE NOS
C69–C72,"Malignant neoplasms of eye, brain and other parts of central nervous system",MNE
C70,Malignant neoplasm of meninges,MNM
C70.0,Cerebral meninges,CM
C70.1,Spinal meninges,SM
C70.9,"Meninges, unspecified",MENI NOS
C71,Malignant neoplasm of brain,MNB
C71.0,"Cerebrum, except lobes and ventricles Supratentorial NOS",CEL NOS
C71.1,Frontal lobe,FL
C71.2,Temporal lobe,TL
C71.3,Parietal lobe,PL
C71.4,Occipital lobe,OL
C71.5,Cerebral ventricle,CV
C71.6,Cerebellum,CERE
C71.7,Brain stem Fourth ventricle Infratentorial NOS,BSF NOS
C71.8,Overlapping lesion of brain [See note 5 at the beginning of this chapter],OLB
C71.9,"Brain, unspecified",BRAI NOS
C72,"Malignant neoplasm of spinal cord, cranial nerves and other parts of central nervous system",MNS
C72.0,Spinal cord,SC
C72.1,Cauda equina,CE
C72.2,Olfactory nerve Olfactory bulb,ONO
C72.3,Optic nerve,ON
C72.4,Acoustic nerve,AN
C72.5,Other and unspecified cranial nerves Cranial nerve NOS,CNC NOS
C72.8,Overlapping lesion of brain and other parts of central nervous system [See note 5 at the beginning of this chapter] Malignant neoplasm of brain and other parts of central nervous system whose point of origin cannot be classified to any one of the categories C70–C72.5,OLB
C72.9,"Central nervous system, unspecified Nervous system NOS",CNS NOS
C73,Malignant neoplasm of thyroid gland,MNT
C73–C75,Malignant neoplasms of thyroid and other endocrine glands,MNT
C74,Malignant neoplasm of adrenal gland,MNA
C74.0,Cortex of adrenal gland,CAG
C74.1,Medulla of adrenal gland,MAG
C74.9,"Adrenal gland, unspecified",AG NOS
C75,Malignant neoplasm of other endocrine glands and related structures,MNE
C75.0,Parathyroid gland,PG
C75.1,Pituitary gland,PG
C75.2,Craniopharyngeal duct,CD
C75.3,Pineal gland,PG
C75.4,Carotid body,CB
C75.5,Aortic body and other paraganglia,ABP
C75.8,"Pluriglandular involvement, unspecified",PI NOS
C75.9,"Endocrine gland, unspecified",EG NOS
C76,Malignant neoplasm of other and ill-defined sites,MNI
C76.0,"Head, face and neck Cheek NOS Nose NOS",HFN NOS
C76.1,Thorax Axilla NOS Intrathoracic NOS Thoracic NOS,TAN NOS
C76.2,Abdomen,ABDO
C76.3,"Pelvis Groin NOS Sites overlapping systems within the pelvis, such as: • rectovaginal (septum) • rectovesical (septum)",PGN NOS
C76.4,Upper limb,UL
C76.5,Lower limb,LL
C76.7,Other ill-defined sites,IS
C76.8,Overlapping lesion of other and ill-defined sites [See note 5 at the beginning of this chapter],OLI
C76–C80,"Malignant neoplasms of ill-defined, secondary and unspecified sites",MNI NOS
C77,Secondary and unspecified malignant neoplasm of lymph nodes,SMN NOS
C77.0,"Lymph nodes of head, face and neck Supraclavicular lymph nodes",LNH
C77.1,Intrathoracic lymph nodes,ILN
C77.2,Intra-abdominal lymph nodes,ILN
C77.3,Axillary and upper limb lymph nodes Pectoral lymph nodes,AUL
C77.4,Inguinal and lower limb lymph nodes,ILL
C77.5,Intrapelvic lymph nodes,ILN
C77.8,Lymph nodes of multiple regions,LNM
C77.9,"Lymph node, unspecified",LN NOS
C78,Secondary malignant neoplasm of respiratory and digestive organs,SMN
C78.0,Secondary malignant neoplasm of lung,SMN
C78.1,Secondary malignant neoplasm of mediastinum,SMN
C78.2,Secondary malignant neoplasm of pleura Malignant pleural effusion NOS,SMN NOS
C78.3,Secondary malignant neoplasm of other and unspecified respiratory organs,SMN NOS
C78.4,Secondary malignant neoplasm of small intestine,SMN
C78.5,Secondary malignant neoplasm of large intestine and rectum,SMN
C78.6,Secondary malignant neoplasm of retroperitoneum and peritoneum Malignant ascites NOS,SMN NOS
C78.7,Secondary malignant neoplasm of liver and intrahepatic bile duct,SMN
C78.8,Secondary malignant neoplasm of other and unspecified digestive organs,SMN NOS
C79,Secondary malignant neoplasm of other and unspecified sites,SMN NOS
C79.0,Secondary malignant neoplasm of kidney and renal pelvis,SMN
C79.1,Secondary malignant neoplasm of bladder and other and unspecified urinary organs,SMN NOS
C79.2,Secondary malignant neoplasm of skin,SMN
C79.3,Secondary malignant neoplasm of brain and cerebral meninges,SMN
C79.4,Secondary malignant neoplasm of other and unspecified parts of nervous system,SMN NOS
C79.5,Secondary malignant neoplasm of bone and bone marrow,SMN
C79.6,Secondary malignant neoplasm of ovary,SMN
C79.7,Secondary malignant neoplasm of adrenal gland,SMN
C79.8,Secondary malignant neoplasm of other specified sites,SMN
C79.9,"Secondary malignant neoplasm, unspecified site Carcinomatosis (secondary) Disseminated (secondary): • cancer NOS • malignancy NOS Generalized (secondary): • cancer NOS • malignancy NOS Multiple secondary cancer NOS Sarcomatosis (secondary) NOS",SMN NOS
C80,"Malignant neoplasm, without specification of site",MNW
C80.0,"Malignant neoplasm, primary site unknown, so stated Primary site unknown",MNP
C80.9,"Malignant neoplasm, primary site unspecified Cancer NOS Carcinoma NOS Malignancy NOS Malignant cachexia NOS Multiple cancer NOS",MNP NOS
C81,Hodgkin lymphoma,HL
C81.0,Nodular lymphocyte predominant Hodgkin lymphoma,NLP
C81.1,Nodular sclerosis (classical) Hodgkin lymphoma,NSH
C81.2,Mixed cellularity (classical) Hodgkin lymphoma,MCH
C81.3,Lymphocyte depleted (classical) Hodgkin lymphoma,LDH
C81.4,Lymphocyte-rich (classical) Hodgkin lymphoma,LHL
C81.7,"Other (classical) Hodgkin lymphoma Classic Hodgkin lymphoma, type not specified",HLC
C81.9,"Hodgkin lymphoma, unspecified",HL NOS
C81–C96,"• lymphoid, haematopoietic and related tissue • unspecified site (C80.-)",•LH NOS
C82,Follicular lymphoma,FL
C82.0,Follicular lymphoma grade I,FLG
C82.1,Follicular lymphoma grade II,FLG
C82.2,"Follicular lymphoma grade III, unspecified",FLG NOS
C82.3,Follicular lymphoma grade IIIa,FLG
C82.4,Follicular lymphoma grade IIIb,FLG
C82.5,Diffuse follicle centre lymphoma,DFC
C82.6,Cutaneous follicle centre lymphoma,CFC
C82.7,Other types of follicular lymphoma,TFL
C82.9,"Follicular lymphoma, unspecified Nodular lymphoma NOS",FLN NOS
C83,Non-follicular lymphoma,NL
C83.0,Small cell B-cell lymphoma Lymphoplasmacytic lymphoma Nodal marginal zone lymphoma Non-leukaemic variant of B-CLL Splenic marginal zone lymphoma,SCB
C83.1,Mantle cell lymphoma Centrocytic lymphoma Malignant lymphomatous polyposis,MCL
C83.3,Diffuse large B-cell lymphoma Anaplastic CD30-positive Centroblastic Plasmablastic diffuse large B-cell lymphoma Immunoblastic Subtype not specified T-cell rich,DLB
C83.5,Lymphoblastic (diffuse) lymphoma B-cell precursor lymphoma Lymphoblastic B-cell lymphoma Lymphoblastic lymphoma NOS Lymphoblastic T-cell lymphoma T-cell precursor lymphoma,LLB NOS
C83.7,Burkitt lymphoma Atypical Burkitt lymphoma ‘Burkitt-like’ lymphoma,BLA
C83.8,Other non-follicular lymphoma Primary effusion B-cell lymphoma Intravascular large B-cell lymphoma Lymphoid granulomatosis,NLP
C83.9,"Non-follicular (diffuse) lymphoma, unspecified",NL NOS
C84,Mature T/NK-cell lymphomas,MTL
C84.0,Mycosis fungoides,MF
C84.1,Sézary disease,SD
C84.4,"Peripheral T-cell lymphoma, not elsewhere classified Lennert lymphoma Lymphoepithelioid lymphoma",PTL
C84.5,Other mature T/NK-cell lymphomas,MTL
C84.6,"Anaplastic large cell lymphoma, ALK-positive Anaplastic large cell lymphoma, CD30-positive",ALC
C84.7,"Anaplastic large cell lymphoma, ALK-negative",ALC
C84.8,"Cutaneous T-cell lymphoma, unspecified",CTL NOS
C84.9,"Mature T/NK-cell lymphoma, unspecified NK/T cell lymphoma NOS",MTL NOS
C85,Other and unspecified types of non-Hodgkin lymphoma,TNL NOS
C85.1,"B-cell lymphoma, unspecified",BL NOS
C85.2,Mediastinal (thymic) large B-cell lymphoma,MLB
C85.7,Other specified types of non-Hodgkin lymphoma,TNL
C85.9,"Non-Hodgkin lymphoma, unspecified Lymphoma NOS Malignant lymphoma NOS Non-Hodgkin lymphoma NOS",NLL NOS
C86,Other specified types of T/NK-cell lymphoma,TTL
C86.0,"Extranodal NK/T-cell lymphoma, nasal type",ENL
C86.1,Hepatosplenic T-cell lymphoma Alpha-beta and gamma-delta types,HTL
C86.2,Enteropathy-type (intestinal) T-cell lymphoma Enteropathy associated T-cell lymphoma,ETL
C86.3,Subcutaneous panniculitis-like T-cell lymphoma,SPT
C86.4,Blastic NK-cell lymphoma,BNL
C86.5,Angioimmunoblastic T-cell lymphoma Angioimmunoblastic lymphadenopathy with dysproteinaemia [AILD],ATL
C86.6,Primary cutaneous CD30-positive T-cell proliferations Lymphomatoid papulosis Primary cutaneous anaplastic large-cell lymphoma Primary cutaneous CD30-positive large T-cell lymphoma,PCC
C88,Malignant immunoproliferative diseases,MID
C88.0,Waldenström macroglobulinaemia Lymphoplasmacytic lymphoma with IgM-production Macroglobulinaemia (primary)(idiopathic),WML
C88.2,Other heavy chain disease Franklin disease Gamma heavy chain disease Mu (µ) heavy chain disease,HCD
C88.3,Immunoproliferative small intestinal disease Alpha heavy chain disease Mediterranean lymphoma,ISI
C88.4,Extranodal marginal zone B-cell lymphoma of mucosa- associated lymphoid tissue [MALT-lyphoma],EMZ
C88.7,Other malignant immunoproliferative diseases,MID
C88.9,"Malignant immunoproliferative disease, unspecified Immunoproliferative disease NOS",MID NOS
C90,Multiple myeloma and malignant plasma cell neoplasms,MMM
C90.0,Multiple myeloma Kahler disease Medullary plasmacytoma Myelomatosis Plasma cell myeloma,MMK
C90.1,Plasma cell leukaemia Plasmacytic leukaemia,PCL
C90.2,Extramedullary plasmacytoma,EP
C90.3,Solitary plasmacytoma Localized malignant plasma cell tumour NOS Plasmacytoma NOS Solitary myeloma,SPL NOS
C91,Lymphoid leukaemia,LL
C91.0,Acute lymphoblastic leukaemia [ALL],ALL
C91.1,Chronic lymphocytic leukaemia of B-cell type Lymphoplasmacytic leukaemia Richter syndrome,CLL
C91.3,Prolymphocytic leukaemia of B-cell type,PLB
C91.4,Hairy-cell leukaemia Leukaemic reticuloendotheliosis,HLL
C91.5,Adult T-cell lymphoma/leukaemia [HTLV-1-associated] Acute Chronic variant of adult T-cell lymphoma/ Lymphomatoid leukaemia Smouldering,ATL
C91.6,Prolymphocytic leukaemia of T-cell type,PLT
C91.7,Other lymphoid leukaemia T-cell large granular lymphocytic leukaemia (associated with rheumatoid arthritis),LLT
C91.8,Mature B-cell leukaemia Burkitt-type,MBL
C91.9,"Lymphoid leukaemia, unspecified",LL NOS
C91–C95,• leukaemia • radiation: – gastroenteritis and colitis (K52.0) – pneumonitis (J70.0) – related disorders of the skin and subcutaneous tissue (L55–L59) • sunburn (L55.-),•L•
C92,Myeloid leukaemia,ML
C92.0,"Acute myeloblastic leukaemia [AML] Acute myeloblastic leukaemia, minimal differentiation Acute myeloblastic leukaemia (with maturation) AML1/ETO AML M0 AML M1 AML M2 AML with t(8;21) AML (without a FAB classification) NOS Refractory anaemia with excess blasts in transformation",AML NOS
C92.1,"Chronic myeloid leukaemia [CML], BCR/ABL-positive Chronic myelogenous leukaemia: • Philadelphia chromosome (Ph1) positive • t(9:22)(q34;q11) • with crisis of blast cells",CML
C92.2,"Atypical chronic myeloid leukaemia, BCR/ABL-negative",ACM
C92.3,Myeloid sarcoma,MS
C92.4,Acute promyelocytic leukaemia [PML] AML M3 AML Me with t(15;17) and variants,APL
C92.5,Acute myelomonocytic leukaemia AML M4 AML M4 Eo with inv(16) or t(16;16),AML
C92.6,Acute myeloid leukaemia with 11q23-abnormality Acute myeloid leukaemia with variation of MLL-gene,AML
C92.7,Other myeloid leukaemia,ML
C92.8,Acute myeloid leukaemia with multilineage dysplasia,AML
C92.9,"Myeloid leukaemia, unspecified",ML NOS
C93,Monocytic leukaemia,ML
C93.0,Acute monoblastic/monocytic leukaemia AML M5a AML M5b AML M5,AML
C93.1,Chronic myelomonocytic leukaemia Chronic monocytic leukaemia CMML-1 CMML-2 CMML with eosinophilia,CML
C93.3,Juvenile myelomonocytic leukaemia,JML
C93.7,Other monocytic leukaemia,ML
C93.9,"Monocytic leukaemia, unspecified",ML NOS
C94,Other leukaemias of specified cell type,LCT
C94.0,Acute erythroid leukaemia Acute myeloid leukaemia M6 (a)(b) Erythroleukaemia,AEL
C94.2,"Acute megakaryoblastic leukaemia Acute myeloid leukaemia, M7 Acute megakaryocytic leukaemia",AML
C94.3,Mast cell leukaemia,MCL
C94.4,Acute panmyelosis with myelofibrosis Acute myelofibrosis,APM
C94.6,"Myelodysplastic and myeloproliferative disease, not elsewhere classified",MMD
C94.7,Other specified leukaemias Aggressive NK-cell leukaemia Acute basophilic leukaemia,LAN
C95,Leukaemia of unspecified cell type,LCT NOS
C95.0,Acute leukaemia of unspecified cell type Acute bilineal leukaemia Acute mixed lineage leukaemia Biphenotypic acute leukaemia Stem cell leukaemia of unclear lineage,ALC NOS
C95.1,Chronic leukaemia of unspecified cell type,CLC NOS
C95.7,Other leukaemia of unspecified cell type,LCT NOS
C95.9,"Leukaemia, unspecified",LEUK NOS
C96,"Other and unspecified malignant neoplasms of lymphoid, haematopoietic and related tissue",MNL NOS
C96.0,"Multifocal and multisystemic (disseminated) Langerhans-cell histiocytosis [Letterer–Siwe disease] Histiocytosis X, multisystemic",MML
C96.2,Malignant mast cell tumour Aggressive systemic mastocytosis Mast cell sarcoma,MMC
C96.4,Sarcoma of dendritic cells (accessory cells) Interdigiting dendritic cell sarcoma Langerhans-cell sarcoma Sarcoma of follicular dendritic cells,SDC
C96.5,"Multifocal and unisystemic Langerhans-cell histiocytosis Hand–Schüller–Christian disease Histiocytosis X, multifocal",MUL
C96.6,"Unifocal Langerhans-cell histiocytosis Eosinophilic granuloma Histiocytosis X, unifocal Histiocytosis X NOS Langerhans-cell histiocytosis NOS",ULH NOS
C96.7,"Other specified malignant neoplasms of lymphoid, haematopoietic and related tissue",MNL
C96.8,Histiocytic sarcoma Malignant histiocytosis,HSM
C96.9,"Malignant neoplasm of lymphoid, haematopoietic and related tissue, unspecified Malignant neoplasms of independent (primary) multiple sites (C97)",MNL NOS
C97,Malignant neoplasms of independent (primary) multiple sites,MNI
D00,"Carcinoma in situ of oral cavity, oesophagus and stomach",CIS
D00.0,"Lip, oral cavity and pharynx Aryepiglottic fold: • NOS • hypopharyngeal aspect • marginal zone Vermilion border of lip",LOC NOS
D00.1,Oesophagus,OESO
D00.2,Stomach,STOM
D00–D09,In situ neoplasms,ISN
D01,Carcinoma in situ of other and unspecified digestive organs,CIS NOS
D01.0,Colon,COLO
D01.1,Rectosigmoid junction,RJ
D01.2,Rectum,RECT
D01.3,Anus and anal canal,AAC
D01.4,Other and unspecified parts of intestine,PI NOS
D01.5,"Liver, gallbladder and bile ducts Ampulla of Vater",LGB
D01.7,Other specified digestive organs Pancreas,DOP
D01.9,"Digestive organ, unspecified",DO NOS
D02,Carcinoma in situ of middle ear and respiratory system,CIS
D02.0,"Larynx Aryepiglottic fold, laryngeal aspect Epiglottis (suprahyoid portion)",LAF
D02.1,Trachea,TRAC
D02.2,Bronchus and lung,BL
D02.3,Other parts of respiratory system Accessory sinuses Middle ear Nasal cavities,PRS
D02.4,"Respiratory system, unspecified",RS NOS
D03,Melanoma in situ,MIS
D03.0,Melanoma in situ of lip,MIS
D03.1,"Melanoma in situ of eyelid, including canthus",MIS
D03.2,Melanoma in situ of ear and external auricular canal,MIS
D03.3,Melanoma in situ of other and unspecified parts of face,MIS NOS
D03.4,Melanoma in situ of scalp and neck,MIS
D03.5,Melanoma in situ of trunk Anal: • margin • skin Breast (skin)(soft tissue) Perianal skin,MIS
D03.6,"Melanoma in situ of upper limb, including shoulder",MIS
D03.7,"Melanoma in situ of lower limb, including hip",MIS
D03.8,Melanoma in situ of other sites,MIS
D03.9,"Melanoma in situ, unspecified",MIS NOS
D04,Carcinoma in situ of skin,CIS
D04.0,Skin of lip,SL
D04.1,"Skin of eyelid, including canthus",SEI
D04.2,Skin of ear and external auricular canal,SEE
D04.3,Skin of other and unspecified parts of face,SPF NOS
D04.4,Skin of scalp and neck,SSN
D04.5,Skin of trunk Anal: • margin • skin Perianal skin Skin of breast,STA
D04.6,"Skin of upper limb, including shoulder",SUL
D04.7,"Skin of lower limb, including hip",SLL
D04.8,Skin of other sites,SS
D04.9,"Skin, unspecified",SKIN NOS
D05,Carcinoma in situ of breast,CIS
D05.0,Lobular carcinoma in situ,LCI
D05.1,Intraductal carcinoma in situ,ICI
D05.7,Other carcinoma in situ of breast,CIS
D05.9,"Carcinoma in situ of breast, unspecified",CIS NOS
D06,Carcinoma in situ of cervix uteri,CIS
D06.0,Endocervix,ENDO
D06.1,Exocervix,EXOC
D06.7,Other parts of cervix,PC
D06.9,"Cervix, unspecified",CERV NOS
D07,Carcinoma in situ of other and unspecified genital organs,CIS NOS
D07.0,Endometrium,ENDO
D07.1,"Vulva Vulvar intraepithelial neoplasia [VIN], grade III, with or without mention of severe dysplasia",VVI
D07.2,"Vagina Vaginal intraepithelial neoplasia [VAIN], grade III, with or without mention of severe dysplasia",VVI
D07.3,Other and unspecified female genital organs,FGO NOS
D07.4,Penis Erythroplasia of Queyrat NOS,PEQ NOS
D07.5,Prostate,PROS
D07.6,Other and unspecified male genital organs,MGO NOS
D09,Carcinoma in situ of other and unspecified sites,CIS NOS
D09.0,Bladder,BLAD
D09.1,Other and unspecified urinary organs,UO NOS
D09.2,Eye,EYE
D09.3,Thyroid and other endocrine glands,TEG
D09.7,Carcinoma in situ of other specified sites,CIS
D09.9,"Carcinoma in situ, unspecified",CIS NOS
D10,Benign neoplasm of mouth and pharynx,BNM
D10.0,Lip Lip (frenulum)(inner aspect)(mucosa)(vermilion border),LL
D10.1,Tongue Lingual tonsil,TLT
D10.2,Floor of mouth,FM
D10.3,Other and unspecified parts of mouth Minor salivary gland NOS,PMM NOS
D10.4,Tonsil Tonsil (faucial)(palatine),TT
D10.5,"Other parts of oropharynx Epiglottis, anterior aspect Tonsillar: • fossa • pillars Vallecula",POE
D10.6,Nasopharynx Pharyngeal tonsil Posterior margin of septum and choanae,NPT
D10.7,Hypopharynx,HYPO
D10.9,"Pharynx, unspecified",PHAR NOS
D10–D36,Benign neoplasms,BN
D11,Benign neoplasm of major salivary glands,BNM
D11.0,Parotid gland,PG
D11.7,Other major salivary glands Gland: • sublingual • submandibular,MSG
D11.9,"Major salivary gland, unspecified",MSG NOS
D12,"Benign neoplasm of colon, rectum, anus and anal canal",BNC
D12.0,Caecum Ileocaecal valve,CIV
D12.1,Appendix,APPE
D12.2,Ascending colon,AC
D12.3,Transverse colon Hepatic flexure Splenic flexure,TCH
D12.4,Descending colon,DC
D12.5,Sigmoid colon,SC
D12.6,"Colon, unspecified Adenomatosis of colon Large intestine NOS Polyposis (hereditary) of colon",CAC NOS
D12.7,Rectosigmoid junction,RJ
D12.8,Rectum,RECT
D12.9,Anus and anal canal,AAC
D13,Benign neoplasm of other and ill-defined parts of digestive system,BNI
D13.0,Oesophagus,OESO
D13.1,Stomach,STOM
D13.2,Duodenum,DUOD
D13.3,Other and unspecified parts of small intestine,PSI NOS
D13.4,Liver Intrahepatic bile ducts,LIB
D13.5,Extrahepatic bile ducts,EBD
D13.6,Pancreas,PANC
D13.7,Endocrine pancreas Islet cell tumour Islets of Langerhans,EPI
D13.9,Ill-defined sites within the digestive system Digestive system NOS Intestine NOS Spleen,ISW NOS
D14,Benign neoplasm of middle ear and respiratory system,BNM
D14.0,"Middle ear, nasal cavity and accessory sinuses Cartilage of nose",MEN NOS
D14.1,Larynx Epiglottis (suprahyoid portion),LE
D14.2,Trachea,TRAC
D14.3,Bronchus and lung,BL
D14.4,"Respiratory system, unspecified",RS NOS
D15,Benign neoplasm of other and unspecified intrathoracic organs,BNI NOS
D15.0,Thymus,THYM
D15.1,Heart,HEAR
D15.2,Mediastinum,MEDI
D15.7,Other specified intrathoracic organs,IO
D15.9,"Intrathoracic organ, unspecified",IO NOS
D16,Benign neoplasm of bone and articular cartilage,BNB
D16.0,Scapula and long bones of upper limb,SLB
D16.1,Short bones of upper limb,SBU
D16.2,Long bones of lower limb,LBL
D16.3,Short bones of lower limb,SBL
D16.4,Bones of skull and face Maxilla (superior) Orbital bone,BSF
D16.5,Lower jaw bone,LJB
D16.6,Vertebral column,VC
D16.7,"Ribs, sternum and clavicle",RSC
D16.8,"Pelvic bones, sacrum and coccyx",PBS
D16.9,"Bone and articular cartilage, unspecified",BAC NOS
D17,Benign lipomatous neoplasm,BLN
D17.0,"Benign lipomatous neoplasm of skin and subcutaneous tissue of head, face and neck",BLN
D17.1,Benign lipomatous neoplasm of skin and subcutaneous tissue of trunk,BLN
D17.2,Benign lipomatous neoplasm of skin and subcutaneous tissue of limbs,BLN
D17.3,Benign lipomatous neoplasm of skin and subcutaneous tissue of other and unspecified sites,BLN NOS
D17.4,Benign lipomatous neoplasm of intrathoracic organs,BLN
D17.5,Benign lipomatous neoplasm of intra-abdominal organs,BLN
D17.6,Benign lipomatous neoplasm of spermatic cord,BLN
D17.7,Benign lipomatous neoplasm of other sites Peritoneum Retroperitoneum,BLN
D17.9,"Benign lipomatous neoplasm, unspecified Lipoma NOS",BLN NOS
D18,"Haemangioma and lymphangioma, any site",HLA
D18.0,"Haemangioma, any site Angioma NOS",HAS NOS
D18.1,"Lymphangioma, any site",LAS
D19,Benign neoplasm of mesothelial tissue,BNM
D19.0,Mesothelial tissue of pleura,MTP
D19.1,Mesothelial tissue of peritoneum,MTP
D19.7,Mesothelial tissue of other sites,MTS
D19.9,"Mesothelial tissue, unspecified Benign mesothelioma NOS",MTB NOS
D20,Benign neoplasm of soft tissue of retroperitoneum and peritoneum,BNS
D20.0,Retroperitoneum,RETR
D20.1,Peritoneum,PERI
D21,Other benign neoplasms of connective and other soft tissue,BNC
D21.0,"Connective and other soft tissue of head, face and neck Connective tissue of: • ear • eyelid",CST
D21.1,"Connective and other soft tissue of upper limb, including shoulder",CST
D21.2,"Connective and other soft tissue of lower limb, including hip",CST
D21.3,Connective and other soft tissue of thorax Axilla Diaphragm Great vessels,CST
D21.4,Connective and other soft tissue of abdomen,CST
D21.5,Connective and other soft tissue of pelvis,CST
D21.6,"Connective and other soft tissue of trunk, unspecified Back NOS",CST NOS
D21.9,"Connective and other soft tissue, unspecified",CST NOS
D22,Melanocytic naevi naevus: • NOS • blue • hairy • pigmented,MNN NOS
D22.0,Melanocytic naevi of lip,MNL
D22.1,"Melanocytic naevi of eyelid, including canthus",MNE
D22.2,Melanocytic naevi of ear and external auricular canal,MNE
D22.3,Melanocytic naevi of other and unspecified parts of face,MNP NOS
D22.4,Melanocytic naevi of scalp and neck,MNS
D22.5,Melanocytic naevi of trunk Anal: • margin • skin Perianal skin Skin of breast,MNT
D22.6,"Melanocytic naevi of upper limb, including shoulder",MNU
D22.7,"Melanocytic naevi of lower limb, including hip",MNL
D22.9,"Melanocytic naevi, unspecified",MN NOS
D23,Other benign neoplasms of skin,BNS
D23.0,Skin of lip,SL
D23.1,"Skin of eyelid, including canthus",SEI
D23.2,Skin of ear and external auricular canal,SEE
D23.3,Skin of other and unspecified parts of face,SPF NOS
D23.4,Skin of scalp and neck,SSN
D23.5,Skin of trunk Anal: • margin • skin Perianal skin Skin of breast,STA
D23.6,"Skin of upper limb, including shoulder",SUL
D23.7,"Skin of lower limb, including hip",SLL
D23.9,"Skin, unspecified",SKIN NOS
D24,Benign neoplasm of breast,BNB
D25,Leiomyoma of uterus fibromyoma of uterus,LUF
D25.0,Submucous leiomyoma of uterus,SLU
D25.1,Intramural leiomyoma of uterus,ILU
D25.2,Subserosal leiomyoma of uterus,SLU
D25.9,"Leiomyoma of uterus, unspecified",LU NOS
D26,Other benign neoplasms of uterus,BNU
D26.0,Cervix uteri,CU
D26.1,Corpus uteri,CU
D26.7,Other parts of uterus,PU
D26.9,"Uterus, unspecified",UTER NOS
D27,Benign neoplasm of ovary,BNO
D28,Benign neoplasm of other and unspecified female genital organs,BNF NOS
D28.0,Vulva,VULV
D28.1,Vagina,VAGI
D28.2,Uterine tubes and ligaments Fallopian tube Uterine ligament (broad)(round),UTL
D28.7,Other specified female genital organs,FGO
D28.9,"Female genital organ, unspecified",FGO NOS
D28–D29,skin of genital organs,SGO
D29,Benign neoplasm of male genital organs,BNM
D29.0,Penis,PENI
D29.1,Prostate,PROS
D29.2,Testis,TEST
D29.3,Epididymis,EPID
D29.4,Scrotum Skin of scrotum,SSS
D29.7,Other male genital organs Seminal vesicle Spermatic cord Tunica vaginalis,MGO
D29.9,"Male genital organ, unspecified",MGO NOS
D30,Benign neoplasm of urinary organs,BNU
D30.0,Kidney,KIDN
D30.1,Renal pelvis,RP
D30.2,Ureter,URET
D30.3,Bladder Orifice of bladder: • urethral • ureteric,BOB
D30.4,Urethra,URET
D30.7,Other urinary organs Paraurethral glands,UOP
D30.9,"Urinary organ, unspecified Urinary system NOS",UOU NOS
D31,Benign neoplasm of eye and adnexa,BNE
D31.0,Conjunctiva,CONJ
D31.1,Cornea,CORN
D31.2,Retina,RETI
D31.3,Choroid,CHOR
D31.4,Ciliary body,CB
D31.5,Lacrimal gland and duct Lacrimal sac Nasolacrimal duct,LGD
D31.6,"Orbit, unspecified Connective tissue of orbit Extraocular muscle Peripheral nerves of orbit Retrobulbar tissue Retro-ocular tissue",OCT NOS
D31.9,"Eye, unspecified Eyeball",EE NOS
D32,Benign neoplasm of meninges,BNM
D32.0,Cerebral meninges,CM
D32.1,Spinal meninges,SM
D32.9,"Meninges, unspecified Meningioma NOS",MMN NOS
D33,Benign neoplasm of brain and other parts of central nervous system,BNB
D33.0,"Brain, supratentorial Cerebral ventricle Cerebrum Frontal Occipital lobe Parietal Temporal",BSC
D33.1,"Brain, infratentorial Brain stem Cerebellum Fourth ventricle",BIB
D33.2,"Brain, unspecified",BRAI NOS
D33.3,Cranial nerves Olfactory bulb,CNO
D33.4,Spinal cord,SC
D33.7,Other specified parts of central nervous system,PCN
D33.9,"Central nervous system, unspecified Nervous system (central) NOS",CNS NOS
D34,Benign neoplasm of thyroid gland,BNT
D35,Benign neoplasm of other and unspecified endocrine glands,BNE NOS
D35.0,Adrenal gland,AG
D35.1,Parathyroid gland,PG
D35.2,Pituitary gland,PG
D35.3,Craniopharyngeal duct,CD
D35.4,Pineal gland,PG
D35.5,Carotid body,CB
D35.6,Aortic body and other paraganglia,ABP
D35.7,Other specified endocrine glands,EG
D35.8,Pluriglandular involvement,PI
D35.9,"Endocrine gland, unspecified",EG NOS
D36,Benign neoplasm of other and unspecified sites,BNS NOS
D36.0,Lymph nodes,LN
D36.1,Peripheral nerves and autonomic nervous system,PNA
D36.7,Other specified sites Nose NOS,SNN NOS
D36.9,Benign neoplasm of unspecified site Neoplasms of uncertain or unknown behaviour (D37–D48),BNS NOS
D37,Neoplasm of uncertain or unknown behaviour of oral cavity and digestive organs,NUO
D37.0,"Lip, oral cavity and pharynx Aryepiglottic fold: • NOS • hypopharyngeal aspect • marginal zone Major and minor salivary glands Vermilion border of lip",LOC NOS
D37.1,Stomach,STOM
D37.2,Small intestine,SI
D37.3,Appendix,APPE
D37.4,Colon,COLO
D37.5,Rectum Rectosigmoid junction,RRJ
D37.6,"Liver, gallbladder and bile ducts Ampulla of Vater",LGB
D37.7,Other digestive organs Anal: • canal • sphincter Anus NOS Intestine NOS Oesophagus Pancreas,DOA NOS
D37.9,"Digestive organ, unspecified",DO NOS
D37–D48,"Neoplasms of uncertain or unknown behaviour Notes 1. Primary, ill-defined, secondary and unspecified sites of malignant neoplasms Categories C76−C80 include malignant neoplasms for which there is no clear indication of the original site of the cancer, or the cancer is stated to be ‘disseminated’, ‘scattered’ or ‘spread’ without mention of the primary site. In both cases the primary site is considered to be unknown. 2. Functional activity All neoplasms are classified in this chapter, whether they are functionally active or not. An additional code from Chapter IV may be used, if desired, to identify functional activity associated with any neoplasm. For example, catecholamine-producing malignant phaeochromocytoma of adrenal gland should be coded to C74 with additional code E27.5; basophil adenoma of pituitary gland with Cushing syndrome should be coded to",NUO NOS
D38,Neoplasm of uncertain or unknown behaviour of middle ear and respiratory and intrathoracic organs,NUO
D38.0,"Larynx Aryepiglottic fold, laryngeal aspect Epiglottis (suprahyoid portion)",LAF
D38.1,"Trachea, bronchus and lung",TBL
D38.2,Pleura,PLEU
D38.3,Mediastinum,MEDI
D38.4,Thymus,THYM
D38.5,Other respiratory organs Accessory sinuses Cartilage of nose Middle ear Nasal cavities,ROA NOS
D38.6,"Respiratory organ, unspecified",RO NOS
D39,Neoplasm of uncertain or unknown behaviour of female genital organs,NUO
D39.0,Uterus,UTER
D39.1,Ovary,OVAR
D39.2,Placenta Chorioadenoma destruens Hydatidiform mole: • invasive • malignant,PCD
D39.7,Other female genital organs Skin of female genital organs,FGO
D39.9,"Female genital organ, unspecified",FGO NOS
D40,Neoplasm of uncertain or unknown behaviour of male genital organs,NUO
D40.0,Prostate,PROS
D40.1,Testis,TEST
D40.7,Other male genital organs Skin of male genital organs,MGO
D40.9,"Male genital organ, unspecified",MGO NOS
D41,Neoplasm of uncertain or unknown behaviour of urinary organs,NUO
D41.0,Kidney,KIDN
D41.1,Renal pelvis,RP
D41.2,Ureter,URET
D41.3,Urethra,URET
D41.4,Bladder,BLAD
D41.7,Other urinary organs,UO
D41.9,"Urinary organ, unspecified",UO NOS
D42,Neoplasm of uncertain or unknown behaviour of meninges,NUO
D42.0,Cerebral meninges,CM
D42.1,Spinal meninges,SM
D42.9,"Meninges, unspecified",MENI NOS
D43,Neoplasm of uncertain or unknown behaviour of brain and central nervous system,NUO
D43.0,"Brain, supratentorial Cerebral ventricle Cerebrum Frontal Occipital lobe Parietal Temporal",BSC
D43.1,"Brain, infratentorial Brain stem Cerebellum Fourth ventricle",BIB
D43.2,"Brain, unspecified",BRAI NOS
D43.3,Cranial nerves,CN
D43.4,Spinal cord,SC
D43.7,Other parts of central nervous system,PCN
D43.9,"Central nervous system, unspecified Nervous system (central) NOS",CNS NOS
D44,Neoplasm of uncertain or unknown behaviour of endocrine glands,NUO
D44.0,Thyroid gland,TG
D44.1,Adrenal gland,AG
D44.2,Parathyroid gland,PG
D44.3,Pituitary gland,PG
D44.4,Craniopharyngeal duct,CD
D44.5,Pineal gland,PG
D44.6,Carotid body,CB
D44.7,Aortic body and other paraganglia,ABP
D44.8,Pluriglandular involvement Multiple endocrine adenomatosis,PIM
D44.9,"Endocrine gland, unspecified",EG NOS
D45,Polycythaemia vera,PV
D46,Myelodysplastic syndromes,MS
D46.0,"Refractory anaemia without ringed sideroblasts, so stated",RAW
D46.1,Refractory anaemia with ringed sideroblasts,RAR
D46.2,Refractory anaemia with excess of blasts [RAEB],RAE
D46.4,"Refractory anaemia, unspecified",RA NOS
D46.5,Refractory anaemia with multi-lineage dysplasia,RAM
D46.6,Myelodysplastic syndrome with isolated del(5q) chromosomal abnormality 5q-minus syndrome,MSI
D46.7,Other myelodysplastic syndromes,MS
D46.9,"Myelodysplastic syndrome, unspecified Myelodysplasia NOS Preleukaemia (syndrome) NOS",MSM NOS
D47,"Other neoplasms of uncertain or unknown behaviour of lymphoid, haematopoietic and related tissue",NUO
D47.0,"Histiocytic and mast cell tumours of uncertain and unknown behaviour Indolent systematic mastocytosis Mast cell tumour NOS Mastocytoma NOS Systemic mastocytosis, associated with clonal haematopoietic non-mast- cell disease (SM-AHNMD)",HMC NOS
D47.1,"Chronic myeloproliferative disease Chronic neutrophilic leukaemia Myeloproliferative disease, unspecified",CMD NOS
D47.2,Monoclonal gammopathy of undetermined significance (MGUS),MGU
D47.3,Essential (haemorrhagic) thrombocythaemia Idiopathic haemorrhagic thrombocythaemia,ETI
D47.4,Osteomyelofibrosis Chronic idiopathic myelofibrosis Myelofibrosis (idiopathic) (with myeloid metaplasia) Myelosclerosis (megakaryocytic) with myeloid metaplasia Secondary myelofibrosis in myeloproliferative disease,OCI
D47.5,Chronic eosinophilic leukaemia [hypereosinophilic syndrome],CEL
D47.7,"Other specified neoplasms of uncertain or unknown behaviour of lymphoid, haematopoietic and related tissue Histiocytic tumours of uncertain and unknown behaviour",NUO
D47.9,"Neoplasm of uncertain or unknown behaviour of lymphoid, haematopoietic and related tissue, unspecified Lymphoproliferative disease NOS",NUO NOS
D48,Neoplasm of uncertain or unknown behaviour of other and unspecified sites,NUO NOS
D48.0,Bone and articular cartilage,BAC
D48.1,Connective and other soft tissue Connective tissue of: • ear • eyelid,CST
D48.2,Peripheral nerves and autonomic nervous system,PNA
D48.3,Retroperitoneum,RETR
D48.4,Peritoneum,PERI
D48.5,Skin Anal: • margin • skin Perianal skin Skin of breast,SA•
D48.6,Breast Connective tissue of breast Cystosarcoma phyllodes,BCT
D48.7,Other specified sites Eye Heart Peripheral nerves of orbit,SEH
D48.9,"Neoplasm of uncertain or unknown behaviour, unspecified ‘Growth’ NOS Neoplasm NOS New growth NOS Tumour NOS",NUO NOS
D50,Iron deficiency anaemia,IDA
D50.0,Iron deficiency anaemia secondary to blood loss (chronic) Posthaemorrhagic anaemia (chronic),IDA
D50.1,Sideropenic dysphagia Kelly–Paterson syndrome Plummer–Vinson syndrome,SDK
D50.8,Other iron deficiency anaemias,IDA
D50.9,"Iron deficiency anaemia, unspecified",IDA NOS
D50–D53,nutritional anaemias sequelae of protein-energy malnutrition (E64.0) slim disease (B22.2) starvation (T73.0),NAS
D50–D76,• blood disorders • dermatitis:,•BD
D51,Vitamin B deficiency anaemia,VBD
D51.0,Vitamin B deficiency anaemia due to intrinsic factor,VBD
D51.1,Vitamin B deficiency anaemia due to selective vitamin B 12 12 malabsorption with proteinuria Imerslund(–Gräsbeck) syndrome Megaloblastic hereditary anaemia,VBD
D51.2,Transcobalamin II deficiency,TID
D51.3,Other dietary vitamin B deficiency anaemia,DVB
D51.8,Other vitamin B deficiency anaemias,VBD
D51.9,"Vitamin B deficiency anaemia, unspecified",VBD NOS
D52,Folate deficiency anaemia,FDA
D52.0,Dietary folate deficiency anaemia Nutritional megaloblastic anaemia,DFD
D52.1,Drug-induced folate deficiency anaemia,DFD
D52.8,Other folate deficiency anaemias,FDA
D52.9,"Folate deficiency anaemia, unspecified Folic acid deficiency anaemia NOS",FDA NOS
D53,Other nutritional anaemias,NA
D53.0,Protein deficiency anaemia Amino-acid deficiency anaemia Orotaciduric anaemia,PDA
D53.1,"Other megaloblastic anaemias, not elsewhere classified Megaloblastic anaemia NOS",MAN NOS
D53.2,Scorbutic anaemia,SA
D53.8,Other specified nutritional anaemias Anaemia associated with deficiency of: • copper • molybdenum • zinc,NAA
D53.9,"Nutritional anaemia, unspecified Simple chronic anaemia",NAS NOS
D55,Anaemia due to enzyme disorders,AED
D55.0,Anaemia due to glucose-6-phosphate dehydrogenase [G6PD] deficiency Favism G6PD deficiency anaemia,AGD
D55.1,"Anaemia due to other disorders of glutathione metabolism Anaemia (due to): • enzyme deficiencies, except G6PD, related to the hexose monophosphate [HMP] shunt pathway • haemolytic nonspherocytic (hereditary), type I",ADG
D55.2,"Anaemia due to disorders of glycolytic enzymes Anaemia: • haemolytic nonspherocytic (hereditary), type II • hexokinase deficiency • pyruvate kinase [PK] deficiency • triose-phosphate isomerase deficiency",ADG
D55.3,Anaemia due to disorders of nucleotide metabolism,ADN
D55.8,Other anaemias due to enzyme disorders,AED
D55.9,"Anaemia due to enzyme disorder, unspecified",AED NOS
D55–D58,hereditary haemolytic anaemias,HHA
D55–D59,Haemolytic anaemias,HA
D56,Thalassaemia,THAL
D56.0,Alpha thalassaemia,AT
D56.1,Beta thalassaemia Cooley anaemia Severe beta thalassaemia Thalassaemia: • intermedia • major,BTC
D56.2,Delta-beta thalassaemia,DT
D56.3,Thalassaemia trait,TT
D56.4,Hereditary persistence of fetal haemoglobin [HPFH],HPF
D56.8,Other thalassaemias,THAL
D56.9,"Thalassaemia, unspecified Mediterranean anaemia (with other haemoglobinopathy) Thalassaemia (minor)(mixed)(with other haemoglobinopathy)",TMA NOS
D57,Sickle-cell disorders,SD
D57.0,Sickle-cell anaemia with crisis Hb-SS disease with crisis,SAC
D57.1,Sickle-cell anaemia without crisis Sickle-cell: anaemia disease NOS disorder,SAW NOS
D57.2,Double heterozygous sickling disorders Disease: • Hb-SC • Hb-SD • Hb-SE • sickle-cell thalassaemia,DHS
D57.3,Sickle-cell trait Hb-S trait Heterozygous haemoglobin S [HbAS],STH
D57.8,Other sickle-cell disorders,SD
D58,Other hereditary haemolytic anaemias,HHA
D58.0,Hereditary spherocytosis Acholuric (familial) jaundice Congenital (spherocytic) haemolytic icterus Minkowski–Chauffard syndrome,HSA
D58.1,Hereditary elliptocytosis Elliptocytosis (congenital) Ovalocytosis (congenital)(hereditary),HEE
D58.2,Other haemoglobinopathies Abnormal haemoglobin NOS Congenital Heinz body anaemia Disease: • Hb-C • Hb-D • Hb-E Haemoglobinopathy NOS Unstable haemoglobin haemolytic disease,HAH NOS
D58.8,Other specified hereditary haemolytic anaemias Stomatocytosis,HHA
D58.9,"Hereditary haemolytic anaemia, unspecified",HHA NOS
D59,Acquired haemolytic anaemia,AHA
D59.0,Drug-induced autoimmune haemolytic anaemia,DAH
D59.1,Other autoimmune haemolytic anaemias Autoimmune haemolytic disease (cold type)(warm type) Chronic cold haemagglutinin disease Cold agglutinin: • disease • haemoglobinuria Haemolytic anaemia: • cold type (secondary)(symptomatic) • warm type (secondary)(symptomatic),AHA
D59.2,Drug-induced nonautoimmune haemolytic anaemia Drug-induced enzyme deficiency anaemia,DNH
D59.3,Haemolytic-uraemic syndrome,HS
D59.4,Other nonautoimmune haemolytic anaemias Haemolytic anaemia: • mechanical • microangiopathic • toxic,NHA
D59.5,Paroxysmal nocturnal haemoglobinuria [Marchiafava–Micheli],PNH
D59.6,Haemoglobinuria due to haemolysis from other external causes Haemoglobinuria: • from exertion • march • paroxysmal cold,HHF
D59.8,Other acquired haemolytic anaemias,AHA
D59.9,"Acquired haemolytic anaemia, unspecified Idiopathic haemolytic anaemia, chronic",AHA NOS
D60,Acquired pure red cell aplasia [erythroblastopenia],APR
D60.0,Chronic acquired pure red cell aplasia,CAP
D60.1,Transient acquired pure red cell aplasia,TAP
D60.8,Other acquired pure red cell aplasias,APR
D60.9,"Acquired pure red cell aplasia, unspecified",APR NOS
D60–D64,Aplastic and other anaemias,AA
D61,Other aplastic anaemias,AA
D61.0,"Constitutional aplastic anaemia Aplasia, (pure) red cell (of): • congenital • infants • primary Blackfan–Diamond syndrome Familial hypoplastic anaemia Fanconi anaemia Pancytopenia with malformations",CAA
D61.1,Drug-induced aplastic anaemia,DAA
D61.2,Aplastic anaemia due to other external agents,AAE
D61.3,Idiopathic aplastic anaemia,IAA
D61.8,Other specified aplastic anaemias,AA
D61.9,"Aplastic anaemia, unspecified Hypoplastic anaemia NOS Medullary hypoplasia Panmyelophthisis",AAH NOS
D62,Acute posthaemorrhagic anaemia,APA
D63*,Anaemia in chronic diseases classified elsewhere,AIC
D63.0*,Anaemia in neoplastic disease (C00–D48†),AIN
D63.8*,Anaemia in other chronic diseases classified elsewhere Anaemia in chronic kidney disease ≥stage 3 (N18.3–N18.9†),CKD Stage 3
D64,Other anaemias,ANAE
D64.0,Hereditary sideroblastic anaemia Sex-linked hypochromic sideroblastic anaemia,HSA
D64.1,Secondary sideroblastic anaemia due to disease,SSA
D64.2,Secondary sideroblastic anaemia due to drugs and toxins,SSA
D64.3,Other sideroblastic anaemias Sideroblastic anaemia: • NOS • pyridoxine-responsive NEC,SAS NOS
D64.4,Congenital dyserythropoietic anaemia Dyshaematopoietic anaemia (congenital),CDA
D64.8,Other specified anaemias Infantile pseudoleukaemia Leukoerythroblastic anaemia,AIP
D64.9,"Anaemia, unspecified",ANAE NOS
D65,Disseminated intravascular coagulation [defibrination syndrome],DIC
D65–D68,• coagulation • lipids (E78.-) • platelets and thrombocytes (D69.-),•C•
D65–D69,"Coagulation defects, purpura and other haemorrhagic conditions",CDP
D66,Hereditary factor VIII deficiency,HFV
D67,Hereditary factor IX deficiency,HFI
D68,Other coagulation defects,CD
D68.0,Von Willebrand disease Angiohaemophilia Factor VIII deficiency with vascular defect Vascular haemophilia,VWD
D68.1,Hereditary factor XI deficiency Haemophilia C Plasma thromboplastin antecedent [PTA] deficiency,HFX
D68.2,Hereditary deficiency of other clotting factors Congenital afibrinogenaemia Deficiency: • AC globulin • proaccelerin Deficiency of factor: • I [fibrinogen] • II [prothrombin] • V [labile] • VII [stable] • X [Stuart–Prower] • XII [Hageman] • XIII [fibrin-stabilizing] Dysfibrinogenaemia (congenital) Hypoproconvertinaemia Owren disease,HDC
D68.3,Haemorrhagic disorder due to circulating anticoagulants Haemorrhage during long-term use of anticoagulants Hyperheparinaemia Increase in: • antithrombin • anti-VIIIa • anti-IXa • anti-Xa • anti-XIa,HDC
D68.4,Acquired coagulation factor deficiency Deficiency of coagulation factor due to: • liver disease • vitamin K deficiency,ACF
D68.5,Primary thrombophilia Activated protein C resistance [factor V Leiden mutation] Deficiency: • antithrombin • protein C • protein S Prothrombin gene mutation,PTA
D68.6,Other thrombophilia Anticardiolipin syndrome Antiphospholipid syndrome Presence of the lupus anticoagulant,TAS
D68.8,Other specified coagulation defects,CD
D68.9,"Coagulation defect, unspecified",CD NOS
D69,Purpura and other haemorrhagic conditions,PHC
D69.0,"Allergic purpura Purpura: • anaphylactoid • Henoch(–Schönlein) • nonthrombocytopenic: – haemorrhagic – idiopathic • vascular Vasculitis, allergic",APP
D69.1,Qualitative platelet defects Bernard–Soulier [giant platelet] syndrome Glanzmann’s disease Grey platelet syndrome Thromboasthenia (haemorrhagic)(hereditary) Thrombocytopathy,QPD
D69.2,Other nonthrombocytopenic purpura Purpura: • NOS • senile • simplex,NPP NOS
D69.3,Idiopathic thrombocytopenic purpura Evans syndrome,ITP
D69.4,Other primary thrombocytopenia,PT
D69.5,Secondary thrombocytopenia,ST
D69.6,"Thrombocytopenia, unspecified",THRO NOS
D69.8,Other specified haemorrhagic conditions Capillary fragility (hereditary) Vascular pseudohaemophilia,HCC
D69.9,"Haemorrhagic condition, unspecified Other diseases of blood and blood-forming organs (D70–D77)",HCD NOS
D70,Agranulocytosis,AGRA
D70–D72,• white blood cells classified elsewhere diagnostic abnormal findings classified elsewhere - see Alphabetical Index haemorrhagic and haematological disorders of fetus and newborn (P50–P61),•WB NOS
D70–D77,Other diseases of blood and blood-forming organs,DBB
D71,Functional disorders of polymorphonuclear neutrophils,FDP
D72,Other disorders of white blood cells,DWB
D72.0,Genetic anomalies of leukocytes Anomaly (granulation)(granulocyte) or syndrome: • Alder • May–Hegglin • Pelger–Huët Hereditary: • leukocytic: – hypersegmentation – hyposegmentation • leukomelanopathy,GAL
D72.1,Eosinophilia Eosinophilia: • allergic • hereditary,EE•
D72.8,Other specified disorders of white blood cells Leukaemoid reaction: • lymphocytic • monocytic • myelocytic Leukocytosis Lymphocytosis (symptomatic) Lymphopenia Monocytosis (symptomatic) Plasmacytosis,DWB
D72.9,"Disorder of white blood cells, unspecified",DWB NOS
D73,Diseases of spleen,DS
D73.0,"Hyposplenism Asplenia, postsurgical Atrophy of spleen",HAP
D73.1,Hypersplenism,HYPE
D73.2,Chronic congestive splenomegaly,CCS
D73.3,Abscess of spleen,AS
D73.4,Cyst of spleen,CS
D73.5,"Infarction of spleen Splenic rupture, nontraumatic Torsion of spleen",ISS
D73.8,Other diseases of spleen Fibrosis of spleen NOS Perisplenitis Splenitis NOS,DSF NOS
D73.9,"Disease of spleen, unspecified",DS NOS
D74,Methaemoglobinaemia,METH
D74.0,"Congenital methaemoglobinaemia Congenital NADH-methaemoglobin reductase deficiency Haemoglobin-M [Hb-M] disease Methaemoglobinaemia, hereditary",CMC
D74.8,Other methaemoglobinaemias Acquired methaemoglobinaemia (with sulfhaemoglobinaemia) Toxic methaemoglobinaemia,MAM
D74.9,"Methaemoglobinaemia, unspecified",METH NOS
D75,Other diseases of blood and blood-forming organs,DBB
D75.0,Familial erythrocytosis Polycythaemia: • benign • familial,FEP
D75.1,Secondary polycythaemia Erythrocytosis NOS Polycythaemia: • NOS • acquired • due to: – erythropoietin – fall in plasma volume – high altitude – stress • emotional • hypoxaemic • nephrogenous • relative,SPE NOS
D75.8,Other specified diseases of blood and blood-forming organs Basophilia,DBB
D75.9,"Disease of blood and blood-forming organs, unspecified",DBB NOS
D76,Other specified diseases with participation of lymphoreticular and reticulohistiocytic tissue,DPL
D76.1,Haemophagocytic lymphohistiocytosis Familial haemophagocytic reticulosis Histiocytoses of mononuclear phagocytes,HLF
D76.2,"Haemophagocytic syndrome, infection-associated",HSI
D76.3,Other histiocytosis syndromes Reticulohistiocytoma (giant-cell) Sinus histiocytosis with massive lymphadenopathy Xanthogranuloma,HSR
D77*,Other disorders of blood and blood-forming organs in diseases classified elsewhere,DBB
D80,Immunodeficiency with predominantly antibody defects,IPA
D80.0,Hereditary hypogammaglobulinaemia Autosomal recessive agammaglobulinaemia (Swiss type) X-linked agammaglobulinaemia [Bruton] (with growth hormone deficiency),HHA
D80.1,Nonfamilial hypogammaglobulinaemia Agammaglobulinaemia with immunoglobulin-bearing B-lymphocytes Common variable agammaglobulinaemia [CVAgamma] Hypogammaglobulinaemia NOS,NHA NOS
D80.2,Selective deficiency of immunoglobulin A [IgA],SDI
D80.3,Selective deficiency of immunoglobulin G [IgG] subclasses,SDI
D80.4,Selective deficiency of immunoglobulin M [IgM],SDI
D80.5,Immunodeficiency with increased immunoglobulin M [IgM],III
D80.6,Antibody deficiency with near-normal immunoglobulins or with hyperimmunoglobulinaemia,ADN
D80.7,Transient hypogammaglobulinaemia of infancy,THI
D80.8,Other immunodeficiencies with predominantly antibody defects Kappa light chain deficiency,IPA
D80.9,"Immunodeficiency with predominantly antibody defects, unspecified",IPA NOS
D80–D89,immunity disorders neutropenia (D70) abnormal white blood cells (count) (R72) preleukaemia (syndrome) (D46.9),IDN
D81,Combined immunodeficiencies,CI
D81.0,Severe combined immunodeficiency [SCID] with reticular dysgenesis,SCI
D81.1,Severe combined immunodeficiency [SCID] with low T- and B-cell numbers,SCI
D81.2,Severe combined immunodeficiency [SCID] with low or normal B-cell numbers,SCI
D81.3,Adenosine deaminase [ADA] deficiency,ADD NOS
D81.4,Nezelof syndrome,NS
D81.5,Purine nucleoside phosphorylase [PNP] deficiency,PNP
D81.6,Major histocompatibility complex class I deficiency Bare lymphocyte syndrome,MHC
D81.7,Major histocompatibility complex class II deficiency,MHC
D81.8,Other combined immunodeficiencies Biotin-dependent carboxylase deficiency,CIB
D81.9,"Combined immunodeficiency, unspecified Severe combined immunodeficiency disorder [SCID] NOS",CIS NOS
D82,Immunodeficiency associated with other major defects,IAM
D82.0,Wiskott–Aldrich syndrome Immunodeficiency with thrombocytopenia and eczema,WSI
D82.1,DiGeorge syndrome Pharyngeal pouch syndrome Thymic: • alymphoplasia • aplasia or hypoplasia with immunodeficiency,DSP
D82.2,Immunodeficiency with short-limbed stature,ISS
D82.3,Immunodeficiency following hereditary defective response to Epstein–Barr virus X-linked lymphoproliferative disease,IFH
D82.4,Hyperimmunoglobulin E [IgE] syndrome,HES
D82.8,Immunodeficiency associated with other specified major defects,IAM
D82.9,"Immunodeficiency associated with major defect, unspecified",IAM NOS
D83,Common variable immunodeficiency,CVI
D83.0,Common variable immunodeficiency with predominant abnormalities of B-cell numbers and function,CVI
D83.1,Common variable immunodeficiency with predominant immunoregulatory T-cell disorders,CVI
D83.2,Common variable immunodeficiency with autoantibodies to B- or T-cells,CVI
D83.8,Other common variable immunodeficiencies,CVI
D83.9,"Common variable immunodeficiency, unspecified",CVI NOS
D84,Other immunodeficiencies,IMMU
D84.0,Lymphocyte function antigen-1 [LFA-1] defect,LFA
D84.1,Defects in the complement system C1 esterase inhibitor [C1-INH] deficiency,DIC
D84.8,Other specified immunodeficiencies,IMMU
D84.9,"Immunodeficiency, unspecified",IMMU NOS
D86,Sarcoidosis,SARC
D86.0,Sarcoidosis of lung,SL
D86.1,Sarcoidosis of lymph nodes,SLN
D86.2,Sarcoidosis of lung with sarcoidosis of lymph nodes,SLS
D86.3,Sarcoidosis of skin,SS
D86.8,Sarcoidosis of other and combined sites Iridocyclitis in sarcoidosis† (H22.1*) Multiple cranial nerve palsies in sarcoidosis† (G53.2*) Sarcoid: • arthropathy† (M14.8*) • myocarditis† (I41.8*) • myositis† (M63.3*) Uveoparotid fever [Heerfordt’s],SCS
D86.9,"Sarcoidosis, unspecified",SARC NOS
D89,"Other disorders involving the immune mechanism, not elsewhere classified",DII
D89.0,Polyclonal hypergammaglobulinaemia Benign hypergammaglobulinaemic purpura Polyclonal gammopathy NOS,PHB NOS
D89.1,Cryoglobulinaemia Cryoglobulinaemia: • essential • idiopathic • mixed • primary • secondary Cryoglobulinaemic: • purpura • vasculitis,CC•
D89.2,"Hypergammaglobulinaemia, unspecified",HYPE NOS
D89.3,Immune reconstitution syndrome Immune reconstitution inflammatory syndrome [IRIS],IRS
D89.8,"Other specified disorders involving the immune mechanism, not elsewhere classified",DII
D89.9,"Disorder involving the immune mechanism, unspecified Immune disease NOS",DII NOS
E00,Congenital iodine-deficiency syndrome,CIS
E00.0,"Congenital iodine-deficiency syndrome, neurological type Endemic cretinism, neurological type",CIS
E00.1,"Congenital iodine-deficiency syndrome, myxoedematous type Endemic cretinism: • hypothyroid • myxoedematous type",CIS
E00.2,"Congenital iodine-deficiency syndrome, mixed type Endemic cretinism, mixed type",CIS
E00.9,"Congenital iodine-deficiency syndrome, unspecified Congenital iodine-deficiency hypothyroidism NOS Endemic cretinism NOS",CIS NOS
E00–E02,iodine-deficiency-related thyroid disorders sequelae of malnutrition and other nutritional deficiencies (E64.-),ITD
E00–E07,Disorders of thyroid gland,DTG
E00–E90,"endocrine, nutritional and metabolic diseases injury, poisoning and certain other consequences of external causes (S00–T98)",ENM
E01,Iodine-deficiency-related thyroid disorders and allied conditions,ITD
E01.0,Iodine-deficiency-related diffuse (endemic) goitre,IDG
E01.1,Iodine-deficiency-related multinodular (endemic) goitre Iodine-deficiency-related nodular goitre,IMG
E01.2,"Iodine-deficiency-related (endemic) goitre, unspecified Endemic goitre NOS",IGE NOS
E01.8,Other iodine-deficiency-related thyroid disorders and allied conditions Acquired iodine-deficiency hypothyroidism NOS,ITD NOS
E02,Subclinical iodine-deficiency hypothyroidism,SIH
E03,Other hypothyroidism,HYPO
E03.0,Congenital hypothyroidism with diffuse goitre Goitre (nontoxic) congenital: • NOS • parenchymatous,CHD NOS
E03.1,Congenital hypothyroidism without goitre Aplasia of thyroid (with myxoedema) Congenital: • atrophy of thyroid • hypothyroidism NOS,CHW NOS
E03.2,Hypothyroidism due to medicaments and other exogenous substances,HME
E03.3,Postinfectious hypothyroidism,PH
E03.4,Atrophy of thyroid (acquired),AT
E03.5,Myxoedema coma,MC
E03.8,Other specified hypothyroidism,HYPO
E03.9,"Hypothyroidism, unspecified Myxoedema NOS",HMN NOS
E04,Other nontoxic goitre,NG
E04.0,"Nontoxic diffuse goitre Goitre, nontoxic: • diffuse (colloid) • simple",NDG
E04.1,Nontoxic single thyroid nodule Colloid nodule (cystic)(thyroid) Nontoxic uninodular goitre Thyroid (cystic) nodule NOS,NST NOS
E04.2,Nontoxic multinodular goitre Cystic goitre NOS Multinodular (cystic) goitre NOS,NMG NOS
E04.8,Other specified nontoxic goitre,NG
E04.9,"Nontoxic goitre, unspecified Goitre NOS Nodular goitre (nontoxic) NOS",NGG NOS
E05,Thyrotoxicosis [hyperthyroidism],THYR
E05.0,Thyrotoxicosis with diffuse goitre Exophthalmic or toxic goitre NOS Graves disease Toxic diffuse goitre,TDG NOS
E05.1,Thyrotoxicosis with toxic single thyroid nodule Thyrotoxicosis with toxic uninodular goitre,TTS
E05.2,Thyrotoxicosis with toxic multinodular goitre Toxic nodular goitre NOS,TTM NOS
E05.3,Thyrotoxicosis from ectopic thyroid tissue,TFE
E05.4,Thyrotoxicosis factitia,TF
E05.5,Thyroid crisis or storm,TCO
E05.8,Other thyrotoxicosis Overproduction of thyroid-stimulating hormone,TOT
E05.9,"Thyrotoxicosis, unspecified Hyperthyroidism NOS Thyrotoxic heart disease† (I43.8*)",THN NOS
E06,Thyroiditis,THYR
E06.0,Acute thyroiditis Abscess of thyroid Thyroiditis: • pyogenic • suppurative,ATA
E06.1,Subacute thyroiditis Thyroiditis: • de Quervain • giant-cell • granulomatous • nonsuppurative,STT
E06.2,Chronic thyroiditis with transient thyrotoxicosis,CTT
E06.3,Autoimmune thyroiditis Hashimoto thyroiditis Hashitoxicosis (transient) Lymphadenoid goitre Lymphocytic thyroiditis Struma lymphomatosa,ATH
E06.4,Drug-induced thyroiditis,DT
E06.5,Other chronic thyroiditis Thyroiditis: • chronic: – NOS – fibrous • ligneous • Riedel,CTT NOS
E06.9,"Thyroiditis, unspecified",THYR NOS
E07,Other disorders of thyroid,DT
E07.0,Hypersecretion of calcitonin C-cell hyperplasia of thyroid Hypersecretion of thyrocalcitonin,HCC
E07.1,Dyshormogenetic goitre Familial dyshormogenetic goitre Pendred syndrome,DGF
E07.8,Other specified disorders of thyroid Abnormality of thyroid-binding globulin Haemorrhage of thyroid Infarction Sick-euthyroid syndrome,DTA
E07.9,"Disorder of thyroid, unspecified",DT NOS
E10,Type 1 diabetes mellitus [See before E10 for subdivisions],T1DM
E10–E14,diabetes mellitus hypoglycaemia NOS (E16.2) mucopolysaccharidosis (E76.0–E76.3),DM
E11,Type 2 diabetes mellitus [See before E10 for subdivisions],T2DM
E12,Malnutrition-related diabetes mellitus [See before E10 for subdivisions],DM
E13,Other specified diabetes mellitus [See before E10 for subdivisions],DM
E14,Unspecified diabetes mellitus [See before E10 for subdivisions],DM NOS
E15,Nondiabetic hypoglycaemic coma,NHC
E15–E16,Other disorders of glucose regulation and pancreatic internal secretion,DGR
E16,Other disorders of pancreatic internal secretion,DPI
E16.0,Drug-induced hypoglycaemia without coma,DHW
E16.1,Other hypoglycaemia Functional nonhyperinsulinaemic hypoglycaemia Hyperinsulinism: • NOS • functional Hyperplasia of pancreatic islet beta cells NOS Posthypoglycaemic coma encephalopathy,HFN NOS
E16.2,"Hypoglycaemia, unspecified",HYPO NOS
E16.3,Increased secretion of glucagon Hyperplasia of pancreatic endocrine cells with glucagon excess,ISG
E16.4,Abnormal secretion of gastrin Hypergastrinaemia Zollinger–Ellison syndrome,ASG
E16.8,Other specified disorders of pancreatic internal secretion Increased secretion from endocrine pancreas of: • growth hormone-releasing hormone • pancreatic polypeptide • somatostatin • vasoactive-intestinal polypeptide,DPI
E16.9,"Disorder of pancreatic internal secretion, unspecified Islet-cell hyperplasia NOS Pancreatic endocrine cell hyperplasia NOS",DPI NOS
E20,Hypoparathyroidism,HYPO
E20.0,Idiopathic hypoparathyroidism,IH
E20.1,Pseudohypoparathyroidism,PSEU
E20.8,Other hypoparathyroidism,HYPO
E20.9,"Hypoparathyroidism, unspecified Parathyroid tetany",HPT NOS
E20–E21,parathyroid disorders vitamin D deficiency (E55.-),PDV
E20–E35,Disorders of other endocrine glands,DEG
E21,Hyperparathyroidism and other disorders of parathyroid gland,HDP
E21.0,Primary hyperparathyroidism Hyperplasia of parathyroid Osteitis fibrosa cystica generalisata [von Recklinghausen disease of bone],PHH
E21.1,"Secondary hyperparathyroidism, not elsewhere classified",SHN
E21.2,Other hyperparathyroidism Tertiary hyperparathryoidism,HTH
E21.3,"Hyperparathyroidism, unspecified",HYPE NOS
E21.4,Other specified disorders of parathyroid gland,DPG
E21.5,"Disorder of parathyroid gland, unspecified",DPG NOS
E22,Hyperfunction of pituitary gland,HPG
E22.0,Acromegaly and pituitary gigantism Arthropathy associated with acromegaly† (M14.5*) Overproduction of growth hormone,APG
E22.1,Hyperprolactinaemia,HYPE
E22.2,Syndrome of inappropriate secretion of antidiuretic hormone,SIS
E22.8,Other hyperfunction of pituitary gland Central precocious puberty,HPG
E22.9,"Hyperfunction of pituitary gland, unspecified",HPG NOS
E23,Hypofunction and other disorders of pituitary gland,HDP
E23.0,Hypopituitarism Fertile eunuch syndrome Hypogonadotropic hypogonadism Idiopathic growth hormone deficiency Isolated deficiency of: • gonadotropin • growth hormone • pituitary hormone Kallmann syndrome Lorain–Levi short stature Necrosis of pituitary gland (postpartum) Panhypopituitarism Pituitary: • cachexia • insufficiency NOS • short stature Sheehan syndrome Simmonds disease,HFE NOS
E23.1,Drug-induced hypopituitarism,DH
E23.2,Diabetes insipidus,DI
E23.3,"Hypothalamic dysfunction, not elsewhere classified",HDN
E23.6,Other disorders of pituitary gland Abscess of pituitary Adiposogenital dystrophy,DPG
E23.7,"Disorder of pituitary gland, unspecified",DPG NOS
E24,Cushing syndrome,CS
E24.0,Pituitary-dependent Cushing disease Overproduction of pituitary ACTH Pituitary-dependent hyperadrenocorticism,PCD
E24.1,Nelson syndrome,NS
E24.2,Drug-induced Cushing syndrome,DCS
E24.3,Ectopic ACTH syndrome,EAS
E24.4,Alcohol-induced pseudo-Cushing syndrome,APS
E24.8,Other Cushing syndrome,CS
E24.9,"Cushing syndrome, unspecified",CS NOS
E25,Adrenogenital disorders,AD
E25.0,Congenital adrenogenital disorders associated with enzyme deficiency Congenital adrenal hyperplasia 21-Hydroxylase deficiency Salt-losing congenital adrenal hyperplasia,CAD
E25.8,Other adrenogenital disorders Idiopathic adrenogenital disorder,ADI
E25.9,"Adrenogenital disorder, unspecified Adrenogenital syndrome NOS",ADA NOS
E26,Hyperaldosteronism,HYPE
E26.0,Primary hyperaldosteronism Conn syndrome Primary aldosteronism due to adrenal hyperplasia (bilateral),PHC
E26.1,Secondary hyperaldosteronism,SH
E26.8,Other hyperaldosteronism Bartter syndrome,HBS
E26.9,"Hyperaldosteronism, unspecified",HYPE NOS
E27,Other disorders of adrenal gland,DAG
E27.0,"Other adrenocortical overactivity Overproduction of ACTH, not associated with Cushing disease Premature adrenarche",AOO
E27.1,Primary adrenocortical insufficiency Addison disease Autoimmune adrenalitis,PAI
E27.2,Addisonian crisis Adrenal crisis Adrenocortical crisis,ACA
E27.3,Drug-induced adrenocortical insufficiency,DAI
E27.4,Other and unspecified adrenocortical insufficiency Adrenal: • haemorrhage • infarction Adrenocortical insufficiency NOS Hypoaldosteronism,AIA NOS
E27.5,Adrenomedullary hyperfunction Adrenomedullary hyperplasia Catecholamine hypersecretion,AHA
E27.8,Other specified disorders of adrenal gland Abnormality of cortisol-binding globulin,DAG
E27.9,"Disorder of adrenal gland, unspecified",DAG NOS
E28,Ovarian dysfunction,OD
E28.0,Estrogen excess,EE
E28.1,Androgen excess Hypersecretion of ovarian androgens,AEH
E28.2,Polycystic ovarian syndrome Sclerocystic ovary syndrome Stein–Leventhal syndrome,POS
E28.3,Primary ovarian failure Decreased estrogen Premature menopause NOS Resistant ovary syndrome,POF NOS
E28.8,Other ovarian dysfunction Ovarian hyperfunction NOS,ODO NOS
E28.9,"Ovarian dysfunction, unspecified",OD NOS
E29,Testicular dysfunction,TD
E29.0,Testicular hyperfunction Hypersecretion of testicular hormones,THH
E29.1,Testicular hypofunction 5-Alpha-reductase deficiency (with male pseudohermaphroditism) Defective biosynthesis of testicular androgen NOS Testicular hypogonadism NOS,TH5 NOS
E29.8,Other testicular dysfunction,TD
E29.9,"Testicular dysfunction, unspecified",TD NOS
E30,"Disorders of puberty, not elsewhere classified",DPN
E30.0,Delayed puberty Constitutional delay of puberty Delayed sexual development,DPC
E30.1,Precocious puberty Precocious menstruation,PPP
E30.8,Other disorders of puberty Premature thelarche,DPP
E30.9,"Disorder of puberty, unspecified",DP NOS
E31,Polyglandular dysfunction,PD
E31.0,Autoimmune polyglandular failure Schmidt’s syndrome,APF
E31.1,Polyglandular hyperfunction,PH
E31.8,Other polyglandular dysfunction,PD
E31.9,"Polyglandular dysfunction, unspecified",PD NOS
E32,Diseases of thymus,DT
E32.0,Persistent hyperplasia of thymus Hypertrophy of thymus,PHT
E32.1,Abscess of thymus,AT
E32.8,Other diseases of thymus,DT
E32.9,"Disease of thymus, unspecified",DT NOS
E34,Other endocrine disorders,ED
E34.0,Carcinoid syndrome,CS
E34.1,Other hypersecretion of intestinal hormones,HIH
E34.2,"Ectopic hormone secretion, not elsewhere classified",EHS
E34.3,"Short stature, not elsewhere classified Short stature: • NOS • constitutional • Laron-type • psychosocial",SSN NOS
E34.4,Constitutional tall stature Constitutional gigantism,CTS
E34.5,Androgen resistance syndrome Male pseudohermaphroditism with androgen resistance Peripheral hormonal receptor disorder Reifenstein syndrome Testicular feminization (syndrome),ARS
E34.8,Other specified endocrine disorders Pineal gland dysfunction Progeria,EDP
E34.9,"Endocrine disorder, unspecified Disturbance: • endocrine NOS • hormone NOS",EDD NOS
E35*,Disorders of endocrine glands in diseases classified elsewhere,DEG
E35.0*,Disorders of thyroid gland in diseases classified elsewhere Tuberculosis of thyroid gland (A18.8†),TB
E35.1*,Disorders of adrenal glands in diseases classified elsewhere Tuberculous Addison disease (A18.7†) Waterhouse–Friderichsen syndrome (meningococcal) (A39.1†),DAG
E35.8*,Disorders of other endocrine glands in diseases classified elsewhere,DEG
E40,Kwashiorkor Severe malnutrition with nutritional oedema with dyspigmentation of skin and hair.,KSM
E40–E46,malnutrition,MALN
E40–E64,malnutrition and other nutritional deficiencies,MND
E41,Nutritional marasmus,NM
E42,Marasmic kwashiorkor,MK
E43,"Unspecified severe protein-energy malnutrition Severe loss of weight [wasting] in children or adults, or lack of weight gain in children leading to an observed weight that is at least 3 standard deviations below the mean value for the reference population (or a similar loss expressed through other statistical approaches). When only one measurement is available, there is a high probability of severe wasting when the observed weight is 3 or more standard deviations below the mean of the reference population.",SPM NOS
E44,Protein-energy malnutrition of moderate and mild degree,PMM
E44.0,"Moderate protein-energy malnutrition Weight loss in children or adults, or lack of weight gain in children leading to an observed weight that is 2 or more but less than 3 standard deviations below the mean value for the reference population (or a similar loss expressed through other statistical approaches). When only one measurement is available, there is a high probability of moderate protein-energy malnutrition when the observed weight is 2 or more but less than 3 standard deviations below the mean of the reference population.",MPM
E44.1,"Mild protein-energy malnutrition Weight loss in children or adults, or lack of weight gain in children leading to an observed weight that is 1 or more but less than 2 standard deviations below the mean value for the reference population (or a similar loss expresssed through other statistical approaches). When only one measurement is available, there is a high probability of mild protein-energy malnutrition when the observed weight is 1 or more but less than 2 standard deviations below the mean of the reference population.",MPM
E45,Retarded development following protein-energy malnutrition,RDF
E46,Unspecified protein-energy malnutrition,PM NOS
E50,Vitamin A deficiency,VAD
E50.0,Vitamin A deficiency with conjunctival xerosis,VAD
E50.1,Vitamin A deficiency with Bitot spot and conjunctival xerosis Bitot spot in the young child,VAD
E50.2,Vitamin A deficiency with corneal xerosis,VAD
E50.3,Vitamin A deficiency with corneal ulceration and xerosis,VAD
E50.4,Vitamin A deficiency with keratomalacia,VAD
E50.5,Vitamin A deficiency with night blindness,VAD
E50.6,Vitamin A deficiency with xerophthalmic scars of cornea,VAD
E50.7,Other ocular manifestations of vitamin A deficiency Xerophthalmia NOS,OMV NOS
E50.8,Other manifestations of vitamin A deficiency Follicular keratosis due to vitamin A deficiency† (L86*) Xeroderma,MVA
E50.9,"Vitamin A deficiency, unspecified Hypovitaminosis A NOS",VAD NOS
E50–E64,Other nutritional deficiencies,ND
E51,Thiamine deficiency,TD
E51.1,Beriberi Beriberi: • dry • wet† (I98.8*),BB•
E51.2,Wernicke encephalopathy,WE
E51.8,Other manifestations of thiamine deficiency,MTD
E51.9,"Thiamine deficiency, unspecified",TD NOS
E52,Niacin deficiency [pellagra],ND
E53,Deficiency of other B group vitamins,DBG
E53.0,Riboflavin deficiency Ariboflavinosis,RDA NOS
E53.1,Pyridoxine deficiency Vitamin B deficiency,PDV
E53.8,Deficiency of other specified B group vitamins Deficiency: • biotin • cyanocobalamin • folate • folic acid • pantothenic acid • vitamin B,DBG
E53.9,"Vitamin B deficiency, unspecified",VBD NOS
E54,Ascorbic acid deficiency,AAD
E55,Vitamin D deficiency,VDD
E55.0,"Rickets, active Osteomalacia: • infantile • juvenile",RAO
E55.9,"Vitamin D deficiency, unspecified Avitaminosis D",VDD NOS
E56,Other vitamin deficiencies,VD
E56.0,Deficiency of vitamin E,DVE
E56.1,Deficiency of vitamin K,DVK
E56.8,Deficiency of other vitamins,DV
E56.9,"Vitamin deficiency, unspecified",VD NOS
E58,Dietary calcium deficiency,DCD
E58–E61,nutritional mineral deficiency,NMD
E59,Dietary selenium deficiency,DSD
E60,Dietary zinc deficiency,DZD
E61,Deficiency of other nutrient elements,DNE
E61.0,Copper deficiency,CD
E61.1,Iron deficiency,ID
E61.2,Magnesium deficiency,MD
E61.3,Manganese deficiency,MD
E61.4,Chromium deficiency,CD
E61.5,Molybdenum deficiency,MD
E61.6,Vanadium deficiency,VD
E61.7,Deficiency of multiple nutrient elements,DMN
E61.8,Deficiency of other specified nutrient elements,DNE
E61.9,"Deficiency of nutrient element, unspecified",DNE NOS
E63,Other nutritional deficiencies,ND
E63.0,Essential fatty acid [EFA] deficiency,EFA
E63.1,Imbalance of constituents of food intake,ICF
E63.8,Other specified nutritional deficiencies,ND
E63.9,"Nutritional deficiency, unspecified Nutritional cardiomyopathy NOS† (I43.2*)",NDN NOS
E64,Sequelae of malnutrition and other nutritional deficiencies,SMN
E64.0,Sequelae of protein-energy malnutrition,SPM
E64.1,Sequelae of vitamin A deficiency,SVA
E64.2,Sequelae of vitamin C deficiency,SVC
E64.3,Sequelae of rickets,SR
E64.8,Sequelae of other nutritional deficiencies,SND
E64.9,Sequelae of unspecified nutritional deficiency Obesity and other hyperalimentation (E65–E68),SND NOS
E65,Localized adiposity,LA
E65–E68,Obesity and other hyperalimentation,OH
E66,Obesity,OBES
E66.0,Obesity due to excess calories,OEC
E66.1,Drug-induced obesity,DO
E66.2,Extreme obesity with alveolar hypoventilation Obesity hypoventilation syndrome (OHS) Pickwickian syndrome,EOA
E66.8,Other obesity Morbid obesity,OMO
E66.9,"Obesity, unspecified Simple obesity NOS",OSO NOS
E67,Other hyperalimentation,HYPE
E67.0,Hypervitaminosis A,HA NOS
E67.1,Hypercarotenaemia,HYPE
E67.2,Megavitamin-B syndrome,MS
E67.3,Hypervitaminosis D,HD NOS
E67.8,Other specified hyperalimentation,HYPE
E68,Sequelae of hyperalimentation,SH
E70,Disorders of aromatic amino-acid metabolism,DAA
E70.0,Classical phenylketonuria,CP
E70.1,Other hyperphenylalaninaemias,HYPE
E70.2,Disorders of tyrosine metabolism Alkaptonuria Hypertyrosinaemia Ochronosis Tyrosinaemia Tyrosinosis,DTM NOS
E70.3,Albinism Albinism: • ocular • oculocutaneous Syndrome: • Chediak(–Steinbrinck)–Higashi • Cross • Hermansky–Pudlak,AA•
E70.8,Other disorders of aromatic amino-acid metabolism Disorders of: • histidine metabolism • tryptophan metabolism,DAA
E70.9,"Disorder of aromatic amino-acid metabolism, unspecified",DAA NOS
E70–E72,• amino-acid metabolism,•AM
E70–E90,metabolic disorders myositis (M60.-),MDM
E71,Disorders of branched-chain amino-acid metabolism and fatty-acid metabolism,DBA
E71.0,Maple-syrup-urine disease,MD
E71.1,Other disorders of branched-chain amino-acid metabolism Hyperleucine-isoleucinaemia Hypervalinaemia Isovaleric acidaemia Methylmalonic acidaemia Propionic acidaemia,DBA
E71.2,"Disorder of branched-chain amino-acid metabolism, unspecified",DBA NOS
E71.3,Disorders of fatty-acid metabolism Adrenoleukodystrophy [Addison–Schilder] Muscle carnitine palmityltransferase deficiency Very long chain acyl-CoA dehydrogenase (VLCAD) deficiency,DFM
E72,Other disorders of amino-acid metabolism,DAM
E72.0,Disorders of amino-acid transport Cystine storage disease† (N29.8*) Cystinosis Cystinuria Fanconi(–de Toni)(–Debré) syndrome Hartnup disease Lowe syndrome,DAT NOS
E72.1,Disorders of sulfur-bearing amino-acid metabolism Cystathioninuria Homocystinuria Methioninaemia Sulfite oxidase deficiency,DSA
E72.2,Disorders of urea cycle metabolism Argininaemia Argininosuccinic aciduria Citrullinaemia Hyperammonaemia,DUC NOS
E72.3,Disorders of lysine and hydroxylysine metabolism Glutaric aciduria Hydroxylysinaemia Hyperlysinaemia,DLH
E72.4,"Disorders of ornithine metabolism Ornithinaemia (types I, II)",DOM
E72.5,"Disorders of glycine metabolism Hyperhydroxyprolinaemia Hyperprolinaemia (types I, II) Non-ketotic hyperglycinaemia Sarcosinaemia",DGM
E72.8,Other specified disorders of amino-acid metabolism Disorders of: • beta-amino-acid metabolism • gamma-glutamyl cycle,DAM
E72.9,"Disorder of amino-acid metabolism, unspecified",DAM NOS
E73,Lactose intolerance,LI
E73.0,Congenital lactase deficiency,CLD
E73.1,Secondary lactase deficiency,SLD
E73.8,Other lactose intolerance,LI
E73.9,"Lactose intolerance, unspecified",LI NOS
E73–E74,• carbohydrate metabolism,•CM
E74,Other disorders of carbohydrate metabolism,DCM
E74.0,Glycogen storage disease Cardiac glycogenosis Disease: • Andersen • Cori • Forbes • Hers • McArdle • Pompe • Tarui • Tauri • von Gierke Liver phosphorylase deficiency,GSD NOS
E74.1,"Disorders of fructose metabolism Essential fructosuria Fructose-1,6-diphosphatase deficiency Hereditary fructose intolerance",DFM
E74.2,Disorders of galactose metabolism Galactokinase deficiency Galactosaemia,DGM
E74.3,Other disorders of intestinal carbohydrate absorption Glucose-galactose malabsorption Sucrase deficiency,DIC
E74.4,Disorders of pyruvate metabolism and gluconeogenesis Deficiency of: • phosphoenolpyruvate carboxykinase • pyruvate: – carboxylase – dehydrogenase,DPM
E74.8,Other specified disorders of carbohydrate metabolism Essential pentosuria Oxalosis Oxaluria Renal glycosuria,DCM
E74.9,"Disorder of carbohydrate metabolism, unspecified",DCM NOS
E75,Disorders of sphingolipid metabolism and other lipid storage disorders,DSM
E75.0,GM gangliosidosis,GG
E75.1,Other gangliosidosis Gangliosidosis: • NOS • GM,GG• NOS
E75.2,Other sphingolipidosis Disease: • Fabry(–Anderson) • Gaucher • Krabbe • Niemann-–Pick Farber syndrome Metachromatic leukodystrophy Sulfatase deficiency,SD•
E75.3,"Sphingolipidosis, unspecified",SPHI NOS
E75.4,Neuronal ceroid lipofuscinosis Disease: • Batten • Bielschowsky–Jansky • Kufs • Spielmeyer–Vogt,NCL NOS
E75.5,Other lipid storage disorders Cerebrotendinous cholesterosis [van Bogaert–Scherer–Epstein] Wolman disease,LSD
E75.6,"Lipid storage disorder, unspecified",LSD NOS
E76,Disorders of glycosaminoglycan metabolism,DGM
E76.0,"Mucopolysaccharidosis, type I Syndrome: • Hurler • Hurler–Scheie • Scheie",MTI
E76.1,"Mucopolysaccharidosis, type II Hunter syndrome",MTI
E76.2,"Other mucopolysaccharidoses Beta-glucuronidase deficiency Mucopolysaccharidosis, types III, IV, VI, VII Syndrome: • Maroteaux–Lamy (mild)(severe) • Morquio(-like)(classic) • Sanfilippo (type B)(type C)(type D)",MBD
E76.3,"Mucopolysaccharidosis, unspecified",MUCO NOS
E76.8,Other disorders of glucosaminoglycan metabolism,DGM
E76.9,"Disorder of glucosaminoglycan metabolism, unspecified",DGM NOS
E77,Disorders of glycoprotein metabolism,DGM
E77.0,Defects in post-translational modification of lysosomal enzymes Mucolipidosis II [I-cell disease] Mucolipidosis III [pseudo-Hurler polydystrophy],DIP
E77.1,Defects in glycoprotein degradation Aspartylglucosaminuria Fucosidosis Mannosidosis Sialidosis [mucolipidosis I],DIG NOS
E77.8,Other disorders of glycoprotein metabolism,DGM
E77.9,"Disorder of glycoprotein metabolism, unspecified",DGM NOS
E78,Disorders of lipoprotein metabolism and other lipidaemias,DLM
E78.0,"Pure hypercholesterolaemia Familial hypercholesterolaemia Fredrickson hyperlipoproteinaemia, type IIa Hyperbetalipoproteinaemia Hyperlipidaemia, group A Low-density-lipoprotein-type [LDL] hyperlipoproteinaemia",PHF
E78.1,"Pure hyperglyceridaemia Endogenous hyperglyceridaemia Fredrickson hyperlipoproteinaemia, type IV Hyperlipidaemia, group B Hyperprebetalipoproteinaemia Very-low-density-lipoprotein-type [VLDL] hyperlipoproteinaemia",PHE
E78.2,"Mixed hyperlipidaemia Broad- or floating-betalipoproteinaemia Fredrickson hyperlipoproteinaemia, type IIb or III Hyperbetalipoproteinaemia with prebetalipoproteinaemia Hypercholesterolaemia with endogenous hyperglyceridaemia Hyperlipidaemia, group C Tubero-eruptive xanthoma Xanthoma tuberosum",MHB
E78.3,"Hyperchylomicronaemia Fredrickson hyperlipoproteinaemia, type I or V Hyperlipidaemia, group D Mixed hyperglyceridaemia",HFH
E78.4,Other hyperlipidaemia Familial combined hyperlipidaemia,HFC
E78.5,"Hyperlipidaemia, unspecified",HYPE NOS
E78.6,Lipoprotein deficiency Abetalipoproteinaemia High-density lipoprotein deficiency Hypoalphalipoproteinaemia Hypobetalipoproteinaemia (familial) Lecithin cholesterol acyltransferase deficiency Tangier disease,LDA
E78.8,Other disorders of lipoprotein metabolism,DLM
E78.9,"Disorder of lipoprotein metabolism, unspecified",DLM NOS
E79,Disorders of purine and pyrimidine metabolism,DPP
E79.0,Hyperuricaemia without signs of inflammatory arthritis and tophaceous disease Asymptomatic hyperuricaemia,HWS
E79.1,Lesch–Nyhan syndrome,LS
E79.8,Other disorders of purine and pyrimidine metabolism Hereditary xanthinuria,DPP
E79.9,"Disorder of purine and pyrimidine metabolism, unspecified",DPP NOS
E80,Disorders of porphyrin and bilirubin metabolism,DPB
E80.0,Hereditary erythropoietic porphyria Congenital erythropoietic porphyria Erythropoietic protoporphyria,HEP
E80.1,Porphyria cutanea tarda,PCT
E80.2,Other porphyria Hereditary coproporphyria Porphyria: • NOS • acute intermittent (hepatic),PHC NOS
E80.3,Defects of catalase and peroxidase Acatalasia [Takahara],DCP
E80.4,Gilbert syndrome,GS
E80.5,Crigler–Najjar syndrome,CS
E80.6,Other disorders of bilirubin metabolism Dubin–Johnson syndrome Rotor syndrome,DBM
E80.7,"Disorder of bilirubin metabolism, unspecified",DBM NOS
E83,Disorders of mineral metabolism,DMM
E83.0,Disorders of copper metabolism Menkes (kinky hair)(steely hair) disease Wilson disease,DCM
E83.1,Disorders of iron metabolism Haemochromatosis,DIM
E83.2,Disorders of zinc metabolism Acrodermatitis enteropathica,DZM
E83.3,Disorders of phosphorus metabolism and phosphatases Acid phosphatase deficiency Familial hypophosphataemia Hypophosphatasia Vitamin-D-resistant: • osteomalacia • rickets,DPM
E83.4,Disorders of magnesium metabolism Hypermagnesaemia Hypomagnesaemia,DMM
E83.5,Disorders of calcium metabolism Familial hypocalciuric hypercalcaemia Idiopathic hypercalciuria,DCM
E83.8,Other disorders of mineral metabolism,DMM
E83.9,"Disorder of mineral metabolism, unspecified",DMM NOS
E84,Cystic fibrosis,CF
E84.0,Cystic fibrosis with pulmonary manifestations,CFP
E84.1,Cystic fibrosis with intestinal manifestations Distal intestinal obstruction syndromev Meconium ileus in cystic fibrosis† (P75*),CFI
E84.8,Cystic fibrosis with other manifestations,CFM
E84.9,"Cystic fibrosis, unspecified",CF NOS
E85,Amyloidosis,AMYL
E85.0,Non-neuropathic heredofamilial amyloidosis Familial Mediterranean fever Hereditary amyloid nephropathy,NHA
E85.1,Neuropathic heredofamilial amyloidosis Amyloid polyneuropathy (Portuguese),NHA
E85.2,"Heredofamilial amyloidosis, unspecified",HA NOS
E85.3,Secondary systemic amyloidosis Haemodialysis-associated amyloidosis,SSA
E85.4,Organ-limited amyloidosis Localized amyloidosis,OAL
E85.8,Other amyloidosis,AMYL
E85.9,"Amyloidosis, unspecified",AMYL NOS
E86,Volume depletion,VD
E86–E87,• disorders of fluid and electrolyte balance • functional disturbances following cardiac surgery (I97.0–I97.1) • postgastric surgery syndromes (K91.1) • postlaminectomy syndrome NEC (M96.1) • postmastectomy lymphoedema syndrome (I97.2) • postsurgical blind-loop syndrome (K91.2),•DF
E87,"Other disorders of fluid, electrolyte and acid–base balance",DFE
E87.0,Hyperosmolality and hypernatraemia Sodium [Na] excess Sodium [Na] overload,HHS
E87.1,Hypo-osmolality and hyponatraemia Sodium [Na] deficiency,HHS
E87.2,Acidosis Acidosis: • NOS • lactic • metabolic • respiratory,AA• NOS
E87.3,Alkalosis Alkalosis: • NOS • metabolic • respiratory,AA• NOS
E87.4,Mixed disorder of acid–base balance,MDA
E87.5,Hyperkalaemia Potassium [K] excess Potassium [K] overload,HPE
E87.6,Hypokalaemia Potassium [K] deficiency,HPD
E87.7,Fluid overload,FO
E87.8,"Other disorders of electrolyte and fluid balance, not elsewhere classified Electrolyte imbalance NOS Hyperchloraemia Hypochloraemia",DEF NOS
E88,Other metabolic disorders,MD
E88.0,"Disorders of plasma-protein metabolism, not elsewhere classified Alpha-1-antitrypsin deficiency Bisalbuminaemia",DPM
E88.1,"Lipodystrophy, not elsewhere classified Lipodystrophy NOS",LNE NOS
E88.2,"Lipomatosis, not elsewhere classified Lipomatosis: • NOS • dolorosa [Dercum]",LNE NOS
E88.3,Tumour lysis syndrome Tumour lysis (following antineoplastic drug therapy)(spontaneous),TLS
E88.8,Other specified metabolic disorders Launois–Bensaude adenolipomatosis Trimethylaminuria,MDL
E88.9,"Metabolic disorder, unspecified",MD NOS
E89,"Postprocedural endocrine and metabolic disorders, not elsewhere classified",PEM
E89.0,Postprocedural hypothyroidism Postirradiation hypothyroidism Postsurgical hypothyroidism,PHP
E89.1,Postprocedural hypoinsulinaemia Postpancreatectomy hyperglycaemia Postsurgical hypoinsulinaemia,PHP
E89.2,Postprocedural hypoparathyroidism Parathyroprival tetany,PHP
E89.3,Postprocedural hypopituitarism Postirradiation hypopituitarism,PHP
E89.4,Postprocedural ovarian failure,POF
E89.5,Postprocedural testicular hypofunction,PTH
E89.6,Postprocedural adrenocortical(-medullary) hypofunction,PAH
E89.8,Other postprocedural endocrine and metabolic disorders,PEM
E89.9,"Postprocedural endocrine and metabolic disorder, unspecified",PEM NOS
E90*,Nutritional and metabolic disorders in diseases classified elsewhere,NMD
F00*,Dementia in Alzheimer disease (G30.-†) Alzheimer disease is a primary degenerative cerebral disease of unknown etiology with characteristic neuropathological and neurochemical features. The disorder is usually insidious in onset and develops slowly but steadily over a period of several years.,DIA
F00.0*,"Dementia in Alzheimer disease with early onset (G30.0†) Dementia in Alzheimer disease with onset before the age of 65 years, with a relatively rapid deteriorating course and with marked multiple disorders of the higher cortical functions. Alzheimer disease, type 2 Presenile dementia, Alzheimer type Primary degenerative dementia of the Alzheimer type, presenile onset",DIA
F00.1*,"Dementia in Alzheimer disease with late onset (G30.1†) Dementia in Alzheimer disease with onset after the age of 65 years, usually in the late 70s or thereafter, with a slow progression, and with memory impairment as the principal feature. Alzheimer disease, type 1 Primary degenerative dementia of the Alzheimer type, senile onset Senile dementia, Alzheimer type",DIA
F00.2*,"Dementia in Alzheimer disease, atypical or mixed type (G30.8†) Atypical dementia, Alzheimer type",DIA
F00.9*,"Dementia in Alzheimer disease, unspecified (G30.9†)",DIA NOS
F00–F03,"None of these symptoms is so severe that a diagnosis of either dementia or delirium (F05.-) can be made. This diagnosis should be made only in association with a specified physical disorder, and should not be made in the presence of any of the mental or behavioural disorders classified to F10–F99. The disorder may precede, accompany or follow a wide variety of infections and physical disorders, both cerebral and systemic, but direct evidence of cerebral involvement is not necessarily present. It can be differentiated from postencephalitic syndrome (F07.1) and postconcussional syndrome (F07.2) by its different etiology, more restricted range of generally milder symptoms and usually shorter duration.",NTS NOS
F00–F09,organic mental disorders shoplifting as the reason for observation for suspected mental disorder (Z03.2),OMD
F00–F95,stereotypies that are part of a broader psychiatric condition thumb-sucking (F98.8) tic disorders (F95.-) trichotillomania (F63.3),STA
F01,"Vascular dementia Vascular dementia is the result of infarction of the brain due to vascular disease, including hypertensive cerebrovascular disease. The infarcts are usually small but cumulative in their effect. Onset is usually in later life.",VDV
F01.0,"Vascular dementia of acute onset Usually develops rapidly after a succession of strokes from cerebrovascular thrombosis, embolism or haemorrhage. In rare cases, a single large infarction may be the cause.",CVA
F01.1,"Multi-infarct dementia Gradual in onset, following a number of transient ischaemic episodes that produce an accumulation of infarcts in the cerebral parenchyma. Predominantly cortical dementia",MDG
F01.2,"Subcortical vascular dementia Includes cases with a history of hypertension and foci of ischaemic destruction in the deep white matter of the cerebral hemispheres. The cerebral cortex is usually preserved and this contrasts with the clinical picture, which may closely resemble that of dementia in Alzheimer disease.",HTN
F01.3,Mixed cortical and subcortical vascular dementia,MCS
F01.8,Other vascular dementia,VD
F01.9,"Vascular dementia, unspecified",VD NOS
F02*,"Dementia in other diseases classified elsewhere Cases of dementia due, or presumed to be due, to causes other than Alzheimer disease or cerebrovascular disease. Onset may be at any time in life, though rarely in old age.",DID
F02.0*,"Dementia in Pick disease (G31.0†) A progressive dementia, commencing in middle age, characterized by early, slowly progressing changes of character and social deterioration, followed by impairment of intellect, memory and language functions, with apathy, euphoria and, occasionally, extrapyramidal phenomena.",DIP
F02.1*,"Dementia in Creutzfeldt–Jakob disease (A81.0†) A progressive dementia with extensive neurological signs, due to specific neuropathological changes that are presumed to be caused by a transmissible agent. Onset is usually in middle or later life, but may be at any adult age. The course is subacute, leading to death within one to two years.",DIC
F02.2*,"Dementia in Huntington disease (G10†) A dementia occurring as part of a widespread degeneration of the brain. The disorder is transmitted by a single autosomal dominant gene. Symptoms typically emerge in the third and fourth decade. Progression is slow, leading to death, usually within 10 to 15 years. Dementia in Huntington chorea",DIH
F02.3*,Dementia in Parkinson disease (G20†) A dementia developing in the course of established Parkinson disease. No particular distinguishing clinical features have yet been demonstrated. Dementia in: • paralysis agitans • parkinsonism,DIP
F02.4*,"Dementia in human immunodeficiency virus [HIV] disease (B22.0†) Dementia developing in the course of HIV disease, in the absence of a concurrent illness or condition other than HIV infection that could explain the clinical features.",HIV
F02.8*,"Dementia in other specified diseases classified elsewhere Dementia (in): • cerebral lipidosis (E75.-†) • epilepsy (G40.-†) • hepatolenticular degeneration (E83.0†) • hypercalcaemia (E83.5†) • hypothyroidism, acquired (E01.-† , E03.-†) • intoxications (T36-T65†) • Lewy body (ies) (disease) (G31.8†) • multiple sclerosis (G35†) • neurosyphilis (A52.1†) • niacin deficiency [pellagra] (E52†) • polyarteritis nodosa (M30.0†) • systemic lupus erythematosus (M32.-†) • trypanosomiasis (B56.-† , B57.-†) • uraemia (N18.5†) • vitamin B deficiency (E53.8†)",DID NOS
F03,Unspecified dementia,DEME NOS
F04,"Organic amnesic syndrome, not induced by alcohol and other psychoactive substances A syndrome of prominent impairment of recent and remote memory while immediate recall is preserved, with reduced ability to learn new material and disorientation in time. Confabulation may be a marked feature, but perception and other cognitive functions, including the intellect, are usually intact. The prognosis depends on the course of the underlying lesion.",OAS NOS
F05,"Delirium, not induced by alcohol and other psychoactive substances An etiologically nonspecific organic cerebral syndrome characterized by concurrent disturbances of consciousness and attention, perception, thinking, memory, psychomotor behaviour, emotion and the sleep–wake schedule. The duration is variable and the degree of severity ranges from mild to very severe.",DNI
F05.0,"Delirium not superimposed on dementia, so described",DNS
F05.1,Delirium superimposed on dementia Conditions meeting the above criteria but developing in the course of a dementia (F00–F03).,DSO
F05.8,Other delirium Delirium of mixed origin Postoperative delirium,DDM
F05.9,"Delirium, unspecified",DELI NOS
F06,"Other mental disorders due to brain damage and dysfunction and to physical disease Includes miscellaneous conditions causally related to brain disorder due to primary cerebral disease, to systemic disease affecting the brain secondarily, to exogenous toxic substances or hormones, to endocrine disorders or to other somatic illnesses.",MDB
F06.0,"Organic hallucinosis A disorder of persistent or recurrent hallucinations, usually visual or auditory, that occur in clear consciousness and may or may not be recognized by the subject as such. Delusional elaboration of the hallucinations may occur, but delusions do not dominate the clinical picture; insight may be preserved. Organic hallucinatory state (nonalcoholic)",OHA NOS
F06.1,Organic catatonic disorder A disorder of diminished (stupor) or increased (excitement) psychomotor activity associated with catatonic symptoms. The extremes of psychomotor disturbance may alternate.,OCD
F06.2,"Organic delusional [schizophrenia-like] disorder A disorder in which persistent or recurrent delusions dominate the clinical picture. The delusions may be accompanied by hallucinations. Some features suggestive of schizophrenia, such as bizarre hallucinations or thought disorder, may be present. Paranoid and paranoid-hallucinatory organic states Schizophrenia-like psychosis in epilepsy",ODD
F06.3,"Organic mood [affective] disorders Disorders characterized by a change in mood or affect, usually accompanied by a change in the overall level of activity, depressive, hypomanic, manic or bipolar (see F30–F38), but arising as a consequence of an organic disorder.",OMD
F06.4,"Organic anxiety disorder A disorder characterized by the essential descriptive features of a generalized anxiety disorder (F41.1), a panic disorder (F41.0) or a combination of both, but arising as a consequence of an organic disorder.",OAD
F06.5,"Organic dissociative disorder A disorder characterized by a partial or complete loss of the normal integration between memories of the past, awareness of identity and immediate sensations, and control of bodily movements (see F44.-), but arising as a consequence of an organic disorder.",ODD
F06.6,"Organic emotionally labile [asthenic] disorder A disorder characterized by emotional incontinence or lability, fatigability and a variety of unpleasant physical sensations (e.g. dizziness) and pains, but arising as a consequence of an organic disorder.",OEL
F06.7,"Mild cognitive disorder A disorder characterized by impairment of memory, learning difficulties and reduced ability to concentrate on a task for more than brief periods. There is often a marked feeling of mental fatigue when mental tasks are attempted, and new learning is found to be subjectively difficult, even when objectively successful.",MCD
F06.8,Other specified mental disorders due to brain damage and dysfunction and to physical disease Epileptic psychosis NOS,MDB NOS
F06.9,Unspecified mental disorder due to brain damage and dysfunction and to physical disease Organic: • brain syndrome NOS • mental disorder NOS,MDB NOS
F07,"Personality and behavioural disorders due to brain disease, damage and dysfunction Alteration of personality and behaviour can be a residual or concomitant disorder of brain disease, damage or dysfunction.",PBD
F07.0,"Organic personality disorder A disorder characterized by a significant alteration of the habitual patterns of behaviour displayed by the subject premorbidly, involving the expression of emotions, needs and impulses. Impairment of cognitive and thought functions and altered sexuality may also be part of the clinical picture. Organic: • pseudopsychopathic personality • pseudoretarded personality Syndrome: • frontal lobe • limbic epilepsy personality • lobotomy • postleucotomy",OPD
F07.1,Postencephalitic syndrome Residual nonspecific and variable behavioural change following recovery from either viral or bacterial encephalitis. The principal difference between this disorder and the organic personality disorders is that it is reversible.,PSR
F07.2,"Postconcussional syndrome A syndrome that occurs following head trauma (usually sufficiently severe to result in loss of consciousness) and includes a number of disparate symptoms such as headache, dizziness, fatigue, irritability, difficulty in concentration and performing mental tasks, impairment of memory, insomnia and reduced tolerance to stress, emotional excitement or alcohol. Postcontusional syndrome (encephalopathy) Post-traumatic brain syndrome, nonpsychotic",PSA
F07.8,"Other organic personality and behavioural disorders due to brain disease, damage and dysfunction Right hemispheric organic affective disorder",OPB
F07.9,"Unspecified organic personality and behavioural disorder due to brain disease, damage and dysfunction Organic psychosyndrome",OPB NOS
F09,Unspecified organic or symptomatic mental disorder,OOS NOS
F10,Mental and behavioural disorders due to use of alcohol [See before F10 for subdivisions],MBD
F10–F19,intoxication meaning inebriation methaqualone (T42.6) psychodysleptics [hallucinogens] (T40.7–T40.9),IMI
F11,Mental and behavioural disorders due to use of opioids [See before F10 for subdivisions],MBD
F12,Mental and behavioural disorders due to use of cannabinoids [See before F10 for subdivisions],MBD
F13,Mental and behavioural disorders due to use of sedatives or hypnotics [See before F10 for subdivisions],MBD
F14,Mental and behavioural disorders due to use of cocaine [See before F10 for subdivisions],MBD
F15,"Mental and behavioural disorders due to use of other stimulants, including caffeine [See before F10 for subdivisions]",MBD
F16,Mental and behavioural disorders due to use of hallucinogens [See before F10 for subdivisions],MBD
F17,Mental and behavioural disorders due to use of tobacco [See before F10 for subdivisions],MBD
F18,Mental and behavioural disorders due to use of volatile solvents [See before F10 for subdivisions],MBD
F19,"Mental and behavioural disorders due to multiple drug use and use of other psychoactive substances [See before F10 for subdivisions] This category should be used when two or more psychoactive substances are known to be involved, but it is impossible to assess which substance is contributing most to the disorders. It should also be used when the exact identity of some or even all the psychoactive substances being used is uncertain or unknown, since many multiple drug users themselves often do not know the details of what they are taking.",MBD
F20,"Schizophrenia The schizophrenic disorders are characterized in general by fundamental and characteristic distortions of thinking and perception, and affects that are inappropriate or blunted. Clear consciousness and intellectual capacity are usually maintained, although certain cognitive deficits may evolve in the course of time. The most important psychopathological phenomena include thought echo; thought insertion or withdrawal; thought broadcasting; delusional perception and delusions of control; influence or passivity; hallucinatory voices commenting or discussing the patient in the third person; thought disorders; and negative symptoms. The course of schizophrenic disorders can be either continuous, or episodic with progressive or stable deficit, or there can be one or more episodes with complete or incomplete remission. The diagnosis of schizophrenia should not be made in the presence of extensive depressive or manic symptoms unless it is clear that schizophrenic symptoms antedate the affective disturbance. Nor should schizophrenia be diagnosed in the presence of overt brain disease or during states of drug intoxication or withdrawal. Similar disorders developing in the presence of epilepsy or other brain disease should be classified under F06.2, and those induced by psychoactive substances under F10–F19 with common fourth character .5.",SSD NOS
F20.0,"Paranoid schizophrenia Paranoid schizophrenia is dominated by relatively stable, often paranoid delusions, usually accompanied by hallucinations, particularly of the auditory variety, and perceptual disturbances. Disturbances of affect, volition and speech, and catatonic symptoms, are either absent or relatively inconspicuous. Paraphrenic schizophrenia",PSP
F20.1,"Hebephrenic schizophrenia A form of schizophrenia in which affective changes are prominent, delusions and hallucinations fleeting and fragmentary, behaviour irresponsible and unpredictable, and mannerisms common. The mood is shallow and inappropriate, thought is disorganized, and speech is incoherent. There is a tendency to social isolation. Usually the prognosis is poor because of the rapid development of ‘negative’ symptoms, particularly flattening of affect and loss of volition. Hebephrenia should normally be diagnosed only in adolescents or young adults. Disorganized schizophrenia Hebephrenia",HSA NOS
F20.2,"Catatonic schizophrenia Catatonic schizophrenia is dominated by prominent psychomotor disturbances that may alternate between extremes such as hyperkinesis and stupor, or automatic obedience and negativism. Constrained attitudes and postures may be maintained for long periods. Episodes of violent excitement may be a striking feature of the condition. The catatonic phenomena may be combined with a dream-like (oneiroid) state with vivid scenic hallucinations. Catatonic stupor Schizophrenic: • catalepsy • catatonia • flexibilitas cerea",CSC
F20.3,"Undifferentiated schizophrenia Psychotic conditions meeting the general diagnostic criteria for schizophrenia but not conforming to any of the subtypes in F20.0–F20.2, or exhibiting the features of more than one of them without a clear predominance of a particular set of diagnostic characteristics. Atypical schizophrenia",USP NOS
F20.4,"Post-schizophrenic depression A depressive episode, which may be prolonged, arising in the aftermath of a schizophrenic illness. Some schizophrenic symptoms, either ‘positive’ or ‘negative’, must still be present but they no longer dominate the clinical picture. These depressive states are associated with an increased risk of suicide. If the patient no longer has any schizophrenic symptoms, a depressive episode should be diagnosed (F32.-). If schizophrenic symptoms are still florid and prominent, the diagnosis should remain that of the appropriate schizophrenic subtype (F20.0– F20.3).",PDA NOS
F20.5,"Residual schizophrenia A chronic stage in the development of a schizophrenic illness in which there has been a clear progression from an early stage to a later stage characterized by long- term, though not necessarily irreversible, ‘negative’ symptoms, e.g. psychomotor slowing; underactivity; blunting of affect; passivity and lack of initiative; poverty of quantity or content of speech; poor nonverbal communication by facial expression, eye contact, voice modulation and posture; poor self-care and social performance. Chronic undifferentiated schizophrenia Restzustand (schizophrenic) Schizophrenic residual state",RSA
F20.6,"Simple schizophrenia A disorder in which there is an insidious but progressive development of oddities of conduct, inability to meet the demands of society, and decline in total performance. The characteristic negative features of residual schizophrenia (e.g. blunting of affect and loss of volition) develop without being preceded by any overt psychotic symptoms.",SSA
F20.8,Other schizophrenia Cenesthopathic schizophrenia Schizophreniform: • disorder NOS • psychosis NOS,SCS NOS
F20.9,"Schizophrenia, unspecified",SCHI NOS
F20–F29,"Schizophrenia, schizotypal and delusional disorders",SSD
F21,"Schizotypal disorder A disorder characterized by eccentric behaviour and anomalies of thinking and affect that resemble those seen in schizophrenia, though no definite and characteristic schizophrenic anomalies occur at any stage. The symptoms may include a cold or inappropriate affect; anhedonia; odd or eccentric behaviour; a tendency to social withdrawal; paranoid or bizarre ideas not amounting to true delusions; obsessive ruminations; thought disorder and perceptual disturbances; occasional transient quasi-psychotic episodes with intense illusions, auditory or other hallucinations and delusion-like ideas, usually occurring without external provocation. There is no definite onset and evolution and course are usually those of a personality disorder.",SDA
F22,"Persistent delusional disorders Includes a variety of disorders in which long-standing delusions constitute the only, or the most conspicuous, clinical characteristic and that cannot be classified as organic, schizophrenic or affective. Delusional disorders that have lasted for less than a few months should be classified, at least temporarily, under F23.-.",PDD
F22.0,"Delusional disorder A disorder characterized by the development either of a single delusion or of a set of related delusions that are usually persistent and sometimes lifelong. The content of the delusion or delusions is very variable. Clear and persistent auditory hallucinations (voices), schizophrenic symptoms such as delusions of control and marked blunting of affect, and definite evidence of brain disease are all incompatible with this diagnosis. However, the presence of occasional or transitory auditory hallucinations, particularly in elderly patients, does not rule out this diagnosis, provided that they are not typically schizophrenic and form only a small part of the overall clinical picture. Paranoia Paranoid: • psychosis • state Paraphrenia (late) Sensitiver beziehungswahn",DDA NOS
F22.8,Other persistent delusional disorders Disorders in which the delusion or delusions are accompanied by persistent hallucinatory voices or by schizophrenic symptoms that do not justify a diagnosis of schizophrenia (F20.-). Delusional dysmorphophobia Involutional paranoid state Paranoia querulans,PDD NOS
F22.9,"Persistent delusional disorder, unspecified",PDD NOS
F23,"Acute and transient psychotic disorders A heterogeneous group of disorders characterized by the acute onset of psychotic symptoms such as delusions, hallucinations and perceptual disturbances, and by the severe disruption of ordinary behaviour. Acute onset is defined as a crescendo development of a clearly abnormal clinical picture in about two weeks or less. For these disorders, there is no evidence of organic causation. Perplexity and puzzlement are often present but disorientation for time, place and person is not persistent or severe enough to justify a diagnosis of organically caused delirium (F05.-). Complete recovery usually occurs within a few months, often within a few weeks or even days. If the disorder persists, a change in classification will be necessary. The disorder may or may not be associated with acute stress, defined as usually stressful events preceding the onset by one to two weeks.",ATP NOS
F23.0,"Acute polymorphic psychotic disorder without symptoms of schizophrenia An acute psychotic disorder in which hallucinations, delusions or perceptual disturbances are obvious but markedly variable, changing from day to day or even from hour to hour. Emotional turmoil with intense transient feelings of happiness or ecstasy, or anxiety and irritability, is also frequently present. The polymorphism and instability are characteristic for the overall clinical picture and the psychotic features do not justify a diagnosis of schizophrenia (F20.-). These disorders often have an abrupt onset, developing rapidly within a few days, and they frequently show a rapid resolution of symptoms with no recurrence. If the symptoms persist, the diagnosis should be changed to persistent delusional disorder (F22.-). Bouffée délirante without symptoms of schizophrenia or unspecified Cycloid psychosis without symptoms of schizophrenia or unspecified",APP NOS
F23.1,"Acute polymorphic psychotic disorder with symptoms of schizophrenia An acute psychotic disorder in which the polymorphic and unstable clinical picture is present, as described in F23.0; despite this instability, however, some symptoms typical of schizophrenia are also in evidence for the majority of the time. If the schizophrenic symptoms persist, the diagnosis should be changed to schizophrenia (F20.-). Bouffée délirante with symptoms of schizophrenia Cycloid psychosis with symptoms of schizophrenia",APP NOS
F23.2,"Acute schizophrenia-like psychotic disorder An acute psychotic disorder in which the psychotic symptoms are comparatively stable and justify a diagnosis of schizophrenia, but have lasted for less than about one month; the polymorphic unstable features, as described in F23.0, are absent. If the schizophrenic symptoms persist, the diagnosis should be changed to schizophrenia (F20.-). Acute (undifferentiated) schizophrenia Brief schizophreniform: • disorder • psychosis Oneirophrenia Schizophrenic reaction",ASP NOS
F23.3,"Other acute predominantly delusional psychotic disorders Acute psychotic disorders in which comparatively stable delusions or hallucinations are the main clinical features, but do not justify a diagnosis of schizophrenia (F20.-). If the delusions persist, the diagnosis should be changed to persistent delusional disorder (F22.-). Paranoid reaction Psychogenic paranoid psychosis",APD NOS
F23.8,Other acute and transient psychotic disorders Any other specified acute psychotic disorders for which there is no evidence of organic causation and that do not justify classification to F23.0–F23.3.,ATP
F23.9,"Acute and transient psychotic disorder, unspecified Brief reactive psychosis NOS Reactive psychosis",ATP NOS
F24,Induced delusional disorder A delusional disorder shared by two or more people with close emotional links. Only one of the people suffers from a genuine psychotic disorder; the delusions are induced in the other(s) and usually disappear when the people are separated.,IDD
F25,"Schizoaffective disorders Episodic disorders in which both affective and schizophrenic symptoms are prominent but that do not justify a diagnosis of either schizophrenia or depressive or manic episodes. Other conditions in which affective symptoms are superimposed on a pre-existing schizophrenic illness, or coexist or alternate with persistent delusional disorders of other kinds, are classified under F20–F29. Mood- incongruent psychotic symptoms in affective disorders do not justify a diagnosis of schizoaffective disorder.",SDE NOS
F25.0,"Schizoaffective disorder, manic type A disorder in which both schizophrenic and manic symptoms are prominent, so that the episode of illness does not justify a diagnosis of either schizophrenia or a manic episode. This category should be used for both a single episode and a recurrent disorder in which the majority of episodes are schizoaffective, manic type. Schizoaffective psychosis, manic type Schizophreniform psychosis, manic type",SDM NOS
F25.1,"Schizoaffective disorder, depressive type A disorder in which both schizophrenic and depressive symptoms are prominent, so that the episode of illness does not justify a diagnosis of either schizophrenia or a depressive episode. This category should be used for both a single episode and a recurrent disorder in which the majority of episodes are schizoaffective, depressive type. Schizoaffective psychosis, depressive type Schizophreniform psychosis, depressive type",SDD NOS
F25.2,"Schizoaffective disorder, mixed type Cyclic schizophrenia Mixed schizophrenic and affective psychosis",SDM
F25.8,Other schizoaffective disorders,SD
F25.9,"Schizoaffective disorder, unspecified Schizoaffective psychosis NOS",SDS NOS
F28,"Other nonorganic psychotic disorders Delusional or hallucinatory disorders that do not justify a diagnosis of schizophrenia (F20.-), persistent delusional disorders (F22.-), acute and transient psychotic disorders (F23.-), psychotic types of manic episode (F30.2) or severe depressive episode (F32.3).",NPD NOS
F29,Unspecified nonorganic psychosis,NP NOS
F30,"Manic episode All the subdivisions of this category should be used only for a single episode. Hypomanic or manic episodes in individuals who have had one or more previous affective episodes (depressive, hypomanic, manic or mixed) should be coded as bipolar affective disorder (F31.-).",MEA
F30.0,"Hypomania A disorder characterized by a persistent mild elevation of mood, increased energy and activity, and usually marked feelings of well-being and both physical and mental efficiency. Increased sociability, talkativeness, over-familiarity, increased sexual energy and a decreased need for sleep are often present but not to the extent that they lead to severe disruption of work or result in social rejection. Irritability, conceit and boorish behaviour may take the place of the more usual euphoric sociability. The disturbances of mood and behaviour are not accompanied by hallucinations or delusions.",HAD
F30.1,"Mania without psychotic symptoms Mood is elevated out of keeping with the patient’s circumstances and may vary from carefree joviality to almost uncontrollable excitement. Elation is accompanied by increased energy, resulting in overactivity, pressure of speech and a decreased need for sleep. Attention cannot be sustained, and there is often marked distractibility. Self-esteem is often inflated, with grandiose ideas and overconfidence. Loss of normal social inhibitions may result in behaviour that is reckless, foolhardy or inappropriate to the circumstances, and out of character.",MWP
F30.2,"Mania with psychotic symptoms In addition to the clinical picture described in F30.1, delusions (usually grandiose) or hallucinations (usually of voices speaking directly to the patient) are present, or the excitement, excessive motor activity and flight of ideas are so extreme that the subject is incomprehensible or inaccessible to ordinary communication. Mania with: • mood-congruent psychotic symptoms • mood-incongruent psychotic symptoms Manic stupor",MPS
F30.8,Other manic episodes,ME
F30.9,"Manic episode, unspecified Mania NOS",MEM NOS
F30–F39,mood [affective] disorders pervasive developmental disorders (F84.-) schizophrenia (F20.-),MDP
F31,Bipolar affective disorder A disorder characterized by two or more episodes in which the patient’s mood and activity levels are significantly disturbed this disturbance consisting on some occasions of an elevation of mood and increased energy and activity (hypomania or mania) and on others of a lowering of mood and decreased energy and activity (depression). Repeated episodes of hypomania or mania only are classified as bipolar.,BAD
F31.0,"Bipolar affective disorder, current episode hypomanic The patient is currently hypomanic and has had at least one other affective episode (hypomanic, manic, depressive or mixed) in the past.",BAD
F31.1,"Bipolar affective disorder, current episode manic without psychotic symptoms The patient is currently manic, without psychotic symptoms (as in F30.1) and has had at least one other affective episode (hypomanic, manic, depressive or mixed) in the past.",BAD
F31.2,"Bipolar affective disorder, current episode manic with psychotic symptoms The patient is currently manic, with psychotic symptoms (as in F30.2), and has had at least one other affective episode (hypomanic, manic, depressive or mixed) in the past.",BAD
F31.3,"Bipolar affective disorder, current episode mild or moderate depression The patient is currently depressed, as in a depressive episode of either mild or moderate severity (F32.0 or F32.1), and has had at least one authenticated hypomanic, manic or mixed affective episode in the past.",BAD
F31.4,"Bipolar affective disorder, current episode severe depression without psychotic symptoms The patient is currently depressed, as in severe depressive episode without psychotic symptoms (F32.2), and has had at least one authenticated hypomanic, manic or mixed affective episode in the past.",BAD
F31.5,"Bipolar affective disorder, current episode severe depression with psychotic symptoms The patient is currently depressed, as in severe depressive episode with psychotic symptoms (F32.3), and has had at least one authenticated hypomanic, manic or mixed affective episode in the past.",BAD
F31.6,"Bipolar affective disorder, current episode mixed The patient has had at least one authenticated hypomanic, manic, depressive or mixed affective episode in the past, and currently exhibits either a mixture or a rapid alteration of manic and depressive symptoms.",BAD
F31.7,"Bipolar affective disorder, currently in remission The patient has had at least one authenticated hypomanic, manic or mixed affective episode in the past, and at least one other affective episode (hypomanic, manic, depressive or mixed) in addition, but is not currently suffering from any significant mood disturbance, and has not done so for several months. Periods of remission during prophylactic treatment should be coded here.",BAD
F31.8,Other bipolar affective disorders Bipolar II disorder Recurrent manic episodes NOS,BAD NOS
F31.9,"Bipolar affective disorder, unspecified Manic depression NOS",BAD NOS
F31–F33,• depressive • dissociative (F44.2) • manic (F30.2),•D•
F32,"Depressive episode In typical mild, moderate or severe depressive episodes, the patient suffers from lowering of mood, reduction of energy and decrease in activity. Capacity for enjoyment, interest and concentration is reduced, and marked tiredness after even minimum effort is common. Sleep is usually disturbed and appetite diminished. Self- esteem and self-confidence are almost always reduced and, even in the mild form, some ideas of guilt or worthlessness are often present. The lowered mood varies little from day to day, is unresponsive to circumstances and may be accompanied by so-called ‘somatic’ symptoms, such as loss of interest and pleasurable feelings, waking in the morning several hours before the usual time, depression worst in the morning, marked psychomotor retardation, agitation, loss of appetite, weight loss, and loss of libido. Depending upon the number and severity of the symptoms, a depressive episode may be specified as mild, moderate or severe.",DEI
F32.0,Mild depressive episode Two or three of the above symptoms are usually present. The patient is usually distressed by these but will probably be able to continue with most activities.,MDE
F32.1,Moderate depressive episode Four or more of the above symptoms are usually present and the patient is likely to have great difficulty in continuing with ordinary activities.,MDE
F32.2,"Severe depressive episode without psychotic symptoms An episode of depression in which several of the above symptoms are marked and distressing, typically loss of self-esteem and ideas of worthlessness or guilt. Suicidal thoughts and acts are common and a number of ‘somatic’ symptoms are usually present. Agitated depression single episode without psychotic Major depression symptoms Vital depression",SDE
F32.3,"Severe depressive episode with psychotic symptoms An episode of depression as described in F32.2, but with the presence of hallucinations, delusions, psychomotor retardation or stupor so severe that ordinary social activities are impossible; there may be danger to life from suicide, dehydration or starvation. The hallucinations and delusions may or may not be mood-congruent. Single episodes of: • major depression with psychotic symptoms • psychogenic depressive psychosis • psychotic depression • reactive depressive psychosis",SDE
F32.8,Other depressive episodes Atypical depression Single episodes of ‘masked’ depression NOS,DEA NOS
F32.9,"Depressive episode, unspecified Depression NOS Depressive disorder NOS",DED NOS
F33,"Recurrent depressive disorder A disorder characterized by repeated episodes of depression as described for depressive episode (F32.-), without any history of independent episodes of mood elevation and increased energy (mania). There may, however, be brief episodes of mild mood elevation and overactivity (hypomania) immediately after a depressive episode, sometimes precipitated by antidepressant treatment. The more severe forms of recurrent depressive disorder (F33.2 and F33.3) have much in common with earlier concepts such as manic-depressive depression, melancholia, vital depression and endogenous depression. The first episode may occur at any age from childhood to old age, the onset may be either acute or insidious, and the duration varies from a few weeks to many months. The risk that a patient with recurrent depressive disorder will have an episode of mania never disappears completely, however many depressive episodes have been experienced. If such an episode does occur, the diagnosis should be changed to bipolar affective disorder (F31.-).",RDD NOS
F33.0,"Recurrent depressive disorder, current episode mild A disorder characterized by repeated episodes of depression, the current episode being mild, as in F32.0, and without any history of mania.",RDD
F33.1,"Recurrent depressive disorder, current episode moderate A disorder characterized by repeated episodes of depression, the current episode being of moderate severity, as in F32.1, and without any history of mania.",RDD
F33.2,"Recurrent depressive disorder, current episode severe without psychotic symptoms A disorder characterized by repeated episodes of depression, the current episode being severe without psychotic symptoms, as in F32.2, and without any history of mania. Endogenous depression without psychotic symptoms Major depression, recurrent without psychotic symptoms Manic-depressive psychosis, depressed type without psychotic symptoms Vital depression, recurrent without psychotic symptoms",RDD
F33.3,"Recurrent depressive disorder, current episode severe with psychotic symptoms A disorder characterized by repeated episodes of depression, the current episode being severe with psychotic symptoms, as in F32.3, and with no previous episodes of mania. Endogenous depression with psychotic symptoms Manic-depressive psychosis, depressed type with psychotic symptoms Recurrent severe episodes of: • major depression with psychotic symptoms • psychogenic depressive psychosis • psychotic depression • reactive depressive psychosis",RDD
F33.4,"Recurrent depressive disorder, currently in remission The patient has had two or more depressive episodes as described in F33.0–F33.3, in the past, but has been free from depressive symptoms for several months.",RDD
F33.8,Other recurrent depressive disorders,RDD
F33.9,"Recurrent depressive disorder, unspecified Monopolar depression NOS",RDD NOS
F34,"Persistent mood [affective] disorders Persistent and usually fluctuating disorders of mood in which the majority of the individual episodes are not sufficiently severe to warrant being described as hypomanic or mild depressive episodes. Because they last for many years, and sometimes for the greater part of the patient’s adult life, they involve considerable distress and disability. In some instances, recurrent or single manic or depressive episodes may become superimposed on a persistent affective disorder.",PMD
F34.0,"Cyclothymia A persistent instability of mood involving numerous periods of depression and mild elation, none of which is sufficiently severe or prolonged to justify a diagnosis of bipolar affective disorder (F31.-) or recurrent depressive disorder (F33.-). This disorder is frequently found in the relatives of patients with bipolar affective disorder. Some patients with cyclothymia eventually develop bipolar affective disorder. Affective personality disorder Cycloid personality Cyclothymic personality",CAP NOS
F34.1,"Dysthymia A chronic depression of mood, lasting at least several years, which is not sufficiently severe, or in which individual episodes are not sufficiently prolonged, to justify a diagnosis of severe, moderate or mild recurrent depressive disorder (F33.-). Depressive: • neurosis • personality disorder Neurotic depression Persistent anxiety depression",DAC NOS
F34.8,Other persistent mood [affective] disorders,PMD
F34.9,"Persistent mood [affective] disorder, unspecified",PMD NOS
F38,"Other mood [affective] disorders Any other mood disorders that do not justify classification to F30–F34, because they are not of sufficient severity or duration.",MDA
F38.0,Other single mood [affective] disorders Mixed affective episode,SMD
F38.1,Other recurrent mood [affective] disorders Recurrent brief depressive episodes,RMD
F38.8,Other specified mood [affective] disorders,MD
F39,Unspecified mood [affective] disorder,MD NOS
F40,"Phobic anxiety disorders A group of disorders in which anxiety is evoked only, or predominantly, in certain well-defined situations that are not currently dangerous. As a result, these situations are characteristically avoided or endured with dread. The patient’s concern may be focused on individual symptoms like palpitations or feeling faint and is often associated with secondary fears of dying, losing control, or going mad. Contemplating entry to the phobic situation usually generates anticipatory anxiety. Phobic anxiety and depression often coexist. Whether two diagnoses, phobic anxiety and depressive episode, are needed, or only one, is determined by the time course of the two conditions and by therapeutic considerations at the time of consultation.",PAD NOS
F40.0,"Agoraphobia A fairly well-defined cluster of phobias embracing fears of leaving home, entering shops, crowds and public places, or travelling alone in trains, buses or planes. Panic disorder is a frequent feature of both present and past episodes. Depressive and obsessional symptoms and social phobias are also commonly present as subsidiary features. Avoidance of the phobic situation is often prominent, and some agoraphobics experience little anxiety because they are able to avoid their phobic situations. Agoraphobia without history of panic disorder Panic disorder with agoraphobia",AAF
F40.1,"Social phobias Fear of scrutiny by other people, leading to avoidance of social situations. More pervasive social phobias are usually associated with low self-esteem and fear of criticism. They may present as a complaint of blushing, hand tremor, nausea or urgency of micturition, the patient sometimes being convinced that one of these secondary manifestations of their anxiety is the primary problem. Symptoms may progress to panic attacks. Anthropophobia Social neurosis",SPF
F40.2,"Specific (isolated) phobias Phobias restricted to highly specific situations such as proximity to particular animals, heights, thunder, darkness, flying, closed spaces, urinating or defecating in public toilets, eating certain foods, dentistry or the sight of blood or injury. Though the triggering situation is discrete, contact with it can evoke panic as in agoraphobia or social phobia. Acrophobia Animal phobias Claustrophobia Simple phobia",SPP
F40.8,Other phobic anxiety disorders,PAD
F40.9,"Phobic anxiety disorder, unspecified Phobia NOS Phobic state NOS",PAD NOS
F40–F48,neurotic disorders phobic anxiety disorder of childhood (F93.1) social anxiety disorder of childhood (F93.2),NDP
F41,"Other anxiety disorders Disorders in which manifestation of anxiety is the major symptom and is not restricted to any particular environmental situation. Depressive and obsessional symptoms, and even some elements of phobic anxiety, may also be present, provided that they are clearly secondary or less severe.",ADD
F41.0,"Panic disorder [episodic paroxysmal anxiety] The essential feature is recurrent attacks of severe anxiety (panic), which are not restricted to any particular situation or set of circumstances and are therefore unpredictable. As with other anxiety disorders, the dominant symptoms include sudden onset of palpitations, chest pain, choking sensations, dizziness and feelings of unreality (depersonalization or derealization). There is often also a secondary fear of dying, losing control or going mad. Panic disorder should not be given as the main diagnosis if the patient has a depressive disorder at the time the attacks start; in these circumstances, the panic attacks are probably secondary to depression. Panic: • attack • state",PDE NOS
F41.1,"Generalized anxiety disorder Anxiety that is generalized and persistent but not restricted to, or even strongly predominating in, any particular environmental circumstances (i.e. it is ‘free- floating’). The dominant symptoms are variable but include complaints of persistent nervousness, trembling, muscular tensions, sweating, lightheadedness, palpitations, dizziness and epigastric discomfort. Fears that the patient or a relative will shortly become ill or have an accident are often expressed. Anxiety: • neurosis • reaction • state",GAD
F41.2,"Mixed anxiety and depressive disorder This category should be used when symptoms of anxiety and depression are both present, but neither is clearly predominant, and neither type of symptom is present to the extent that justifies a diagnosis if considered separately. When both anxiety and depressive symptoms are present and severe enough to justify individual diagnoses, both diagnoses should be recorded and this category should not be used. Anxiety depression (mild or not persistent)",MAD NOS
F41.3,Other mixed anxiety disorders Symptoms of anxiety mixed with features of other disorders in F42–F48. Neither type of symptom is severe enough to justify a diagnosis if considered separately.,MAD NOS
F41.8,Other specified anxiety disorders Anxiety hysteria,ADA
F41.9,"Anxiety disorder, unspecified Anxiety NOS",ADA NOS
F42,"Obsessive-compulsive disorder The essential feature is recurrent obsessional thoughts or compulsive acts. Obsessional thoughts are ideas, images or impulses that enter the patient’s mind again and again in a stereotyped form. They are almost invariably distressing and the patient often tries, unsuccessfully, to resist them. They are, however, recognized as his or her own thoughts, even though they are involuntary and often repugnant. Compulsive acts or rituals are stereotyped behaviours that are repeated again and again. They are not inherently enjoyable, nor do they result in the completion of inherently useful tasks. Their function is to prevent some objectively unlikely event, often involving harm to, or caused by, the patient, which he or she fears might otherwise occur. Usually, this behaviour is recognized by the patient as pointless or ineffectual and repeated attempts are made to resist. Anxiety is almost invariably present. If compulsive acts are resisted, the anxiety gets worse.",ODE
F42.0,"Predominantly obsessional thoughts or ruminations These may take the form of ideas, mental images or impulses to act, which are nearly always distressing to the subject. Sometimes the ideas are an indecisive, endless consideration of alternatives, associated with an inability to make trivial but necessary decisions in day-to-day living. The relationship between obsessional ruminations and depression is particularly close and a diagnosis of obsessive- compulsive disorder should be preferred only if ruminations arise or persist in the absence of a depressive episode.",POT NOS
F42.1,"Predominantly compulsive acts [obsessional rituals] The majority of compulsive acts are concerned with cleaning (particularly handwashing), repeated checking to ensure that a potentially dangerous situation has not been allowed to develop, or orderliness and tidiness. Underlying the overt behaviour is a fear, usually of danger either to or caused by the patient, and the ritual is an ineffectual or symbolic attempt to avert that danger.",PCA
F42.2,Mixed obsessional thoughts and acts,MOT
F42.8,Other obsessive-compulsive disorders,OD
F42.9,"Obsessive-compulsive disorder, unspecified",OD NOS
F43,"Reaction to severe stress, and adjustment disorders This category differs from others, in that it includes disorders identifiable on the basis of not only symptoms and course but also the existence of one or other of two causative influences: an exceptionally stressful life event producing an acute stress reaction, or a significant life change leading to continued unpleasant circumstances that result in an adjustment disorder. Although less severe psychosocial stress (‘life events’) may precipitate the onset or contribute to the presentation of a very wide range of disorders classified elsewhere in this chapter, its etiological importance is not always clear and in each case will be found to depend on individual, often idiosyncratic, vulnerability, i.e. the life events are neither necessary nor sufficient to explain the occurrence and form of the disorder. In contrast, the disorders brought together here are thought to arise always as a direct consequence of acute severe stress or continued trauma. The stressful events or the continuing unpleasant circumstances are the primary and overriding causal factor and the disorder would not have occurred without their impact. The disorders in this section can thus be regarded as maladaptive responses to severe or continued stress, in that they interfere with successful coping mechanisms and therefore lead to problems of social functioning.",RSS
F43.0,"Acute stress reaction A transient disorder that develops in an individual without any other apparent mental disorder, in response to exceptional physical and mental stress and that usually subsides within hours or days. Individual vulnerability and coping capacity play a role in the occurrence and severity of acute stress reactions. The symptoms show a typically mixed and changing picture and include an initial state of ‘daze’, with some constriction of the field of consciousness and narrowing of attention, inability to comprehend stimuli, and disorientation. This state may be followed either by further withdrawal from the surrounding situation (to the extent of a dissociative stupor – F44.2), or by agitation and overactivity (flight reaction or fugue). Autonomic signs of panic anxiety (tachycardia, sweating, flushing) are commonly present. The symptoms usually appear within minutes of the impact of",ASR
F43.1,"Post-traumatic stress disorder Arises as a delayed or protracted response to a stressful event or situation (of either brief or long duration) of an exceptionally threatening or catastrophic nature, which is likely to cause pervasive distress in almost anyone. Predisposing factors, such as personality traits (e.g. compulsive, asthenic) or previous history of neurotic illness, may lower the threshold for the development of the syndrome or aggravate its course, but they are neither necessary nor sufficient to explain its occurrence. Typical features include episodes of repeated reliving of the trauma in intrusive memories (‘flashbacks’), dreams or nightmares, occurring against the persisting background of a sense of ‘numbness’ and emotional blunting, detachment from other people, unresponsiveness to surroundings, anhedonia, and avoidance of activities and situations reminiscent of the trauma. There is usually a state of autonomic hyperarousal with hypervigilance, an enhanced startle reaction, and insomnia. Anxiety and depression are commonly associated with the above symptoms and signs, and suicidal ideation is not infrequent. The onset follows the trauma with a latency period that may range from a few weeks to months. The course is fluctuating but recovery can be expected in the majority of cases. In a small proportion of cases, the condition may follow a chronic course over many years, with eventual transition to an enduring personality change (F62.0). Traumatic neurosis",PSD
F43.2,"Adjustment disorders States of subjective distress and emotional disturbance, usually interfering with social functioning and performance, arising in the period of adaptation to a significant life change or a stressful life event. The stressor may have affected the integrity of an individual’s social network (bereavement, separation experiences) or the wider system of social supports and values (migration, refugee status), or represented a major developmental transition or crisis (going to school, becoming a parent, failure to attain a cherished personal goal, retirement). Individual predisposition or vulnerability plays an important role in the risk of occurrence and the shaping of the manifestations of adjustment disorders, but it is nevertheless assumed that the condition would not have arisen without the stressor. The manifestations vary and include depressed mood, anxiety or worry (or mixture of these) and a feeling of inability to cope, plan ahead or continue in the present situation, as well as some degree of disability in the performance of daily routine. Conduct disorders may be an associated feature, particularly in adolescents. The predominant feature may be a brief or prolonged depressive reaction, or a disturbance of other emotions and conduct. Culture shock Grief reaction Hospitalism in children",ADS
F43.8,Other reactions to severe stress,RSS
F43.9,"Reaction to severe stress, unspecified",RSS NOS
F44,"Dissociative [conversion] disorders The common themes that are shared by dissociative or conversion disorders are a partial or complete loss of the normal integration between memories of the past, awareness of identity and immediate sensations, and control of bodily movements. All types of dissociative disorders tend to remit after a few weeks or months, particularly if their onset is associated with a traumatic life event. More chronic disorders, particularly paralyses and anaesthesias, may develop if the onset is associated with insoluble problems or interpersonal difficulties. These disorders have previously been classified as various types of ‘conversion hysteria’. They are presumed to be psychogenic in origin, being associated closely in time with traumatic events, insoluble and intolerable problems, or disturbed relationships. The symptoms often represent the patient’s concept of how a physical illness would be manifest. Medical examination and investigation do not reveal the presence of any known physical or neurological disorder. In addition, there is evidence that the loss of function is an expression of emotional conflicts or needs. The symptoms may develop in close relationship to psychological stress, and often appear suddenly. Only disorders of physical functions normally under voluntary control, and loss of sensations, are included here. Disorders involving pain and other complex physical sensations, mediated by the autonomic nervous system are classified under somatization disorder (F45.0). The possibility of the later appearance of serious physical or psychiatric disorders should always be kept in mind.",DDC
F44.0,"Dissociative amnesia The main feature is loss of memory, usually of important recent events, that is not due to organic mental disorder, and is too great to be explained by ordinary forgetfulness or fatigue. The amnesia is usually centred on traumatic events, such as accidents or unexpected bereavements, and is usually partial and selective. Complete and generalized amnesia is rare, and is usually part of a fugue (F44.1). If this is the case, the disorder should be classified as such. The diagnosis should not be made in the presence of organic brain disorders, intoxication or excessive fatigue.",DAM NOS
F44.1,"Dissociative fugue Dissociative fugue has all the features of dissociative amnesia, plus purposeful travel beyond the usual everyday range. Although there is amnesia for the period of the fugue, the patient’s behaviour during this time may appear completely normal to independent observers.",DFD
F44.2,"Dissociative stupor Dissociative stupor is diagnosed on the basis of a profound diminution or absence of voluntary movement and normal responsiveness to external stimuli such as light, noise and touch, but examination and investigation reveal no evidence of a physical cause. In addition, there is positive evidence of psychogenic causation in the form of recent stressful events or problems.",DSD NOS
F44.3,"Trance and possession disorders Disorders in which there is a temporary loss of the sense of personal identity and full awareness of the surroundings. Include here only trance states that are involuntary or unwanted, occurring outside religious or culturally accepted situations.",TPD
F44.4,"Dissociative motor disorders In the commonest varieties, there is loss of ability to move the whole or a part of a limb or limbs. There may be close resemblance to almost any variety of ataxia, apraxia, akinesia, aphonia, dysarthria, dyskinesia, seizures or paralysis. Psychogenic: • aphonia • dysphonia",DMD
F44.5,"Dissociative convulsions Dissociative convulsions may mimic epileptic seizures very closely in terms of movements, but tongue-biting, bruising due to falling, and incontinence of urine are rare, and consciousness is maintained or replaced by a state of stupor or trance.",DCD
F44.6,"Dissociative anaesthesia and sensory loss Anaesthetic areas of skin often have boundaries that make it clear that they are associated with the patient’s ideas about bodily functions, rather than medical knowledge. There may be differential loss between the sensory modalities that cannot be due to a neurological lesion. Sensory loss may be accompanied by complaints of paraesthesia. Loss of vision and hearing are rarely total in dissociative disorders. Psychogenic deafness",DAS
F44.7,Mixed dissociative [conversion] disorders Combination of disorders specified in F44.0–F44.6,MDD
F44.8,Other dissociative [conversion] disorders Ganser syndrome Multiple personality Psychogenic: • confusion • twilight state,DDG
F44.9,"Dissociative [conversion] disorder, unspecified",DD NOS
F45,"Somatoform disorders The main feature is repeated presentation of physical symptoms, together with persistent requests for medical investigations, in spite of repeated negative findings and reassurances by doctors that the symptoms have no physical basis. If any physical disorders are present, they do not explain the nature and extent of the symptoms or the distress and preoccupation of the patient.",SDM
F45.0,"Somatization disorder The main features are multiple, recurrent and frequently changing physical symptoms of at least two years’ duration. Most patients have a long and complicated history of contact with both primary and specialist medical care services, during which many negative investigations or fruitless exploratory operations may have been carried out. Symptoms may be referred to any part or system of the body. The course of the disorder is chronic and fluctuating, and is often associated with",SDM
F45.1,"Undifferentiated somatoform disorder When somatoform complaints are multiple, varying and persistent, but the complete and typical clinical picture of somatization disorder is not fulfilled, the diagnosis of undifferentiated somatoform disorder should be considered. Undifferentiated psychosomatic disorder",USD NOS
F45.2,"Hypochondriacal disorder The essential feature is a persistent preoccupation with the possibility of having one or more serious and progressive physical disorders. Patients manifest persistent somatic complaints or a persistent preoccupation with their physical appearance. Normal or commonplace sensations and appearances are often interpreted by patients as abnormal and distressing, and attention is usually focused upon only one or two organs or systems of the body. Marked depression and anxiety are often present, and may justify additional diagnoses. Body dysmorphic disorder Dysmorphophobia (nondelusional) Hypochondriacal neurosis Hypochondriasis Nosophobia",HDE NOS
F45.3,"Somatoform autonomic dysfunction Symptoms are presented by the patient as if they were due to a physical disorder of a system or organ that is largely or completely under autonomic innervation and control, i.e. the cardiovascular, gastrointestinal, respiratory and urogenital systems. The symptoms are usually of two types, neither of which indicates a physical disorder of the organ or system concerned. First, there are complaints based upon objective signs of autonomic arousal, such as palpitations, sweating, flushing, tremor and expression of fear and distress about the possibility of a physical disorder. Second, there are subjective complaints of a nonspecific or changing nature, such as fleeting aches and pains, sensations of burning, heaviness, tightness and feelings of being bloated or distended, which are referred by the patient to a specific organ or system. Cardiac neurosis Da Costa syndrome Gastric neurosis Neurocirculatory asthenia Psychogenic forms of: • aerophagy • cough",SAD
F45.4,"Persistent somatoform pain disorder The predominant complaint is of persistent, severe and distressing pain, which cannot be explained fully by a physiological process or a physical disorder, and which occurs in association with emotional conflict or psychosocial problems that are sufficient to allow the conclusion that they are the main causative influences. The result is usually a marked increase in support and attention, either personal or medical. Pain presumed to be of psychogenic origin occurring during the course of depressive disorders or schizophrenia should not be included here. Psychalgia Psychogenic: • backache • headache Somatoform pain disorder",PSP
F45.8,"Other somatoform disorders Any other disorders of sensation, function and behaviour, not due to physical disorders, that are not mediated through the autonomic nervous system, that are limited to specific systems or parts of the body and that are closely associated in time with stressful events or problems. Psychogenic: • dysmenorrhoea • dysphagia, including ‘globus hystericus’ • pruritus • torticollis Teeth-grinding",SDA
F45.9,"Somatoform disorder, unspecified Psychosomatic disorder NOS",SDP NOS
F48,Other neurotic disorders,ND
F48.0,"Neurasthenia Considerable cultural variations occur in the presentation of this disorder, and two main types occur, with substantial overlap. In one type, the main feature is a complaint of increased fatigue after mental effort, often associated with some decrease in occupational performance or coping efficiency in daily tasks. The mental fatigability is typically described as an unpleasant intrusion of distracting associations or recollections, difficulty in concentrating, and generally inefficient thinking. In the other type, the emphasis is on feelings of bodily or physical weakness and exhaustion after only minimal effort, accompanied by a feeling of muscular aches and pains and inability to relax. In both types, a variety of other unpleasant physical feelings is common, such as dizziness, tension headaches and feelings of general instability. Worry about decreasing mental and bodily well- being, irritability, anhedonia and varying minor degrees of both depression and anxiety are all common. Sleep is often disturbed in its initial and middle phases but hypersomnia may also be prominent. Fatigue syndrome",NCC
F48.1,"Depersonalization-derealization syndrome A rare disorder in which the patient complains spontaneously that his or her mental activity, body and surroundings are changed in their quality, so as to be unreal, remote or automatized. Among the varied phenomena of the syndrome, patients complain most frequently of loss of emotions and feelings of estrangement or detachment from their thinking, their body or the real world. In spite of the dramatic nature of the experience, the patient is aware of the unreality of the change. The sensorium is normal and the capacity for emotional expression intact. Depersonalization-derealization symptoms may occur as part of a diagnosable schizophrenic, depressive, phobic or obsessive-compulsive disorder. In such cases, the diagnosis should be that of the main disorder.",DSA NOS
F48.8,"Other specified neurotic disorders Dhat syndrome Occupational neurosis, including writer’s cramp Psychasthenia Psychasthenic neurosis Psychogenic syncope",NDD
F48.9,"Neurotic disorder, unspecified Neurosis NOS",NDN NOS
F50,Eating disorders,ED
F50.0,"Anorexia nervosa A disorder characterized by deliberate weight loss, induced and sustained by the patient. It occurs most commonly in adolescent girls and young women, but adolescent boys and young men may also be affected, as may children approaching puberty and older women up to the menopause. The disorder is associated with a specific psychopathology whereby a dread of fatness and flabbiness of body contour persists as an intrusive overvalued idea, and the patients impose a low weight threshold on themselves. There is usually undernutrition of varying severity, with secondary endocrine and metabolic changes and disturbances of bodily function. The symptoms include restricted dietary choice, excessive exercise, induced vomiting and purgation, and use of appetite suppressants and diuretics.",ANA
F50.1,"Atypical anorexia nervosa Disorders that fulfil some of the features of anorexia nervosa but in which the overall clinical picture does not justify that diagnosis. For instance, one of the key symptoms, such as amenorrhoea or marked dread of being fat, may be absent, in the presence of marked weight loss and weight-reducing behaviour. This diagnosis should not be made in the presence of known physical disorders associated with weight loss.",AAN NOS
F50.2,"Bulimia nervosa A syndrome characterized by repeated bouts of overeating and an excessive preoccupation with the control of body weight, leading to a pattern of overeating followed by vomiting or use of purgatives. This disorder shares many psychological features with anorexia nervosa, including an overconcern with body shape and weight. Repeated vomiting is likely to give rise to disturbances of body electrolytes and physical complications. There is often, but not always, a history of an earlier episode of anorexia nervosa, the interval ranging from a few months to several years. Bulimia NOS Hyperorexia nervosa",BNA NOS
F50.3,"Atypical bulimia nervosa Disorders that fulfil some of the features of bulimia nervosa, but in which the overall clinical picture does not justify that diagnosis. For instance, there may be recurrent bouts of overeating and overuse of purgatives without significant weight change, or the typical overconcern about body shape and weight may be absent.",ABN NOS
F50.4,"Overeating associated with other psychological disturbances Overeating due to stressful events, such as bereavement, accident, childbirth, etc. Psychogenic overeating",OAP
F50.5,"Vomiting associated with other psychological disturbances Repeated vomiting that occurs in dissociative disorders (F44.-) and hypochondriacal disorder (F45.2), and that is not solely due to conditions classified outside this chapter. This subcategory may also be used in addition to O21.- (excessive vomiting in pregnancy) when emotional factors are predominant in the causation of recurrent nausea and vomiting in pregnancy. Psychogenic vomiting",VAP
F50.8,Other eating disorders Pica in adults Psychogenic loss of appetite,EDP
F50.9,"Eating disorder, unspecified",ED NOS
F50–F59,Behavioural syndromes associated with physiological disturbances and physical factors,BSA
F51,"Nonorganic sleep disorders In many cases, a disturbance of sleep is one of the symptoms of another disorder, either mental or physical. Whether a sleep disorder in a given patient is an independent condition or simply one of the features of another disorder classified elsewhere, either in this chapter or in others, should be determined on the basis of its clinical presentation and course, as well as on the therapeutic considerations and priorities at the time of the consultation. Generally, if the sleep disorder is one of the major complaints and is perceived as a condition in itself, the present code should be used, along with other pertinent diagnoses describing the psychopathology and pathophysiology involved in a given case. This category includes only those sleep disorders in which emotional causes are considered to be a primary factor, and that are not due to identifiable physical disorders classified elsewhere.",NSD NOS
F51.0,"Nonorganic insomnia A condition of unsatisfactory quantity and/or quality of sleep, which persists for a considerable period of time, including difficulty falling asleep, difficulty staying asleep, or early final wakening. Insomnia is a common symptom of many mental and physical disorders, and should be classified here in addition to the basic disorder only if it dominates the clinical picture.",NIA
F51.1,"Nonorganic hypersomnia Hypersomnia is defined as a condition of either excessive daytime sleepiness and sleep attacks (not accounted for by an inadequate amount of sleep) or prolonged transition to the fully aroused state upon awakening. In the absence of an organic factor for the occurrence of hypersomnia, this condition is usually associated with mental disorders.",NHH
F51.2,"Nonorganic disorder of the sleep–wake schedule A lack of synchrony between the sleep-wake schedule and the desired sleep– wake schedule for the individual’s environment, resulting in a complaint of either insomnia or hypersomnia. Psychogenic inversion of: • circadian rhythm • nyctohemeral • sleep",NDS
F51.3,"Sleepwalking [somnambulism] A state of altered consciousness in which phenomena of sleep and wakefulness are combined. During a sleepwalking episode, the individual arises from bed, usually during the first third of nocturnal sleep, and walks about, exhibiting low levels of awareness, reactivity and motor skill. Upon awakening, there is usually no recall of the event.",SAS
F51.4,"Sleep terrors [night terrors] Nocturnal episodes of extreme terror and panic associated with intense vocalization, motility and high levels of autonomic discharge. The individual sits up or gets up, usually during the first third of nocturnal sleep, with a panicky scream. Quite often, he or she rushes to the door as if trying to escape, although very seldom leaves the room. Recall of the event, if any, is very limited (usually to one or two fragmentary mental images).",STN
F51.5,"Nightmares Dream experiences loaded with anxiety or fear. There is very detailed recall of the dream content. The dream experience is very vivid and usually includes themes involving threats to survival, security or self-esteem. Quite often, there is a recurrence of the same or similar frightening nightmare themes. During a typical episode, there is a degree of autonomic discharge but no appreciable vocalization or body motility. Upon awakening, the individual rapidly becomes alert and oriented. Dream anxiety disorder",NDE
F51.8,Other nonorganic sleep disorders,NSD
F51.9,"Nonorganic sleep disorder, unspecified Emotional sleep disorder NOS",NSD NOS
F52,"Sexual dysfunction, not caused by organic disorder or disease Sexual dysfunction covers the various ways in which an individual is unable to participate in a sexual relationship as he or she would wish. Sexual response is a psychosomatic process and both psychological and somatic processes are usually involved in the causation of sexual dysfunction.",SDN
F52.0,"Lack or loss of sexual desire Loss of sexual desire is the principal problem and is not secondary to other sexual difficulties, such as erectile failure or dyspareunia. Frigidity Hypoactive sexual desire disorder",LOL
F52.1,Sexual aversion and lack of sexual enjoyment Either the prospect of sexual interaction produces sufficient fear or anxiety that sexual activity is avoided (sexual aversion) or sexual responses occur normally and orgasm is experienced but there is a lack of appropriate pleasure (lack of sexual enjoyment). Anhedonia (sexual),SAL
F52.2,"Failure of genital response The principal problem in men is erectile dysfunction (difficulty in developing or maintaining an erection suitable for satisfactory intercourse). In women, the principal problem is vaginal dryness or failure of lubrication. Female sexual arousal disorder Male erectile disorder Psychogenic impotence",FGR
F52.3,Orgasmic dysfunction Orgasm either does not occur or is markedly delayed. Inhibited orgasm (male)(female) Psychogenic anorgasmy,ODO
F52.4,Premature ejaculation The inability to control ejaculation sufficiently for both partners to enjoy sexual interaction.,PEI
F52.5,"Nonorganic vaginismus Spasm of the pelvic floor muscles that surround the vagina, causing occlusion of the vaginal opening. Penile entry is either impossible or painful. Psychogenic vaginismus",NVS
F52.6,Nonorganic dyspareunia Dyspareunia (or pain during sexual intercourse) occurs in both women and men. It can often be attributed to local pathology and should then properly be categorized under the pathological condition. This category is to be used only if there is no primary nonorganic sexual dysfunction (e.g. vaginismus or vaginal dryness). Psychogenic dyspareunia,NDD
F52.7,Excessive sexual drive Nymphomania Satyriasis,ESD
F52.8,"Other sexual dysfunction, not caused by organic disorder or disease",SDN
F52.9,"Unspecified sexual dysfunction, not caused by organic disorder or disease",SDN NOS
F53,"Mental and behavioural disorders associated with the puerperium, not elsewhere classified This category includes only mental disorders associated with the puerperium (commencing within six weeks of delivery) that do not meet the criteria for disorders classified elsewhere in this chapter, either because insufficient information is available, or because it is considered that special additional clinical features are present that make their classification elsewhere inappropriate.",MBD
F53.0,"Mild mental and behavioural disorders associated with the puerperium, not elsewhere classified Depression: • postnatal NOS • postpartum NOS",MMB NOS
F53.1,"Severe mental and behavioural disorders associated with the puerperium, not elsewhere classified Puerperal psychosis NOS",SMB NOS
F53.8,"Other mental and behavioural disorders associated with the puerperium, not elsewhere classified",MBD
F53.9,"Puerperal mental disorder, unspecified",PMD NOS
F54,"Psychological and behavioural factors associated with disorders or diseases classified elsewhere This category should be used to record the presence of psychological or behavioural influences thought to have played a major part in the etiology of physical disorders that can be classified to other chapters. Any resulting mental disturbances are usually mild, and often prolonged (such as worry, emotional conflict, apprehension), and do not of themselves justify the use of any of the categories in this chapter.",PBF
F55,"Abuse of non-dependence-producing substances A wide variety of medicaments and folk remedies may be involved, but the particularly important groups are: (a) psychotropic drugs that do not produce dependence, such as antidepressants, (b) laxatives, and (c) analgesics that may be purchased without medical prescription, such as aspirin and paracetamol. Persistent use of these substances often involves unnecessary contacts with medical professionals or supporting staff, and is sometimes accompanied by harmful physical effects of the substances. Attempts to dissuade or forbid the use of the substance are often met with resistance; for laxatives and analgesics, this may be in spite of warnings about (or even the development of) physical harm such as renal dysfunction or electrolyte disturbances. Although it is usually clear that the patient has a strong motivation to take the substance, dependence or withdrawal symptoms do not develop as in the case of the psychoactive substances specified in F10–F19.",ANS
F59,Unspecified behavioural syndromes associated with physiological disturbances and physical factors,BSA NOS
F60,"Specific personality disorders These are severe disturbances in the personality and behavioural tendencies of the individual; not directly resulting from disease, damage or other insult to the brain, or from another psychiatric disorder; usually involving several areas of the personality; nearly always associated with considerable personal distress and social disruption; and usually manifest since childhood or adolescence and continuing throughout adulthood.",SPD
F60.0,"Paranoid personality disorder Personality disorder characterized by excessive sensitivity to setbacks; unforgiveness of insults; suspiciousness and a tendency to distort experience by misconstruing the neutral or friendly actions of others as hostile or contemptuous; recurrent suspicions, without justification, regarding the sexual fidelity of the spouse or sexual partner; and a combative and tenacious sense of personal rights. There may be excessive self-importance and there is often excessive self-reference. Personality (disorder): • expansive paranoid • fanatic • querulant • paranoid • sensitive paranoid",PPD
F60.1,"Schizoid personality disorder Personality disorder characterized by withdrawal from affectional, social and other contacts, with preference for fantasy, solitary activities and introspection. There is a limited capacity to express feelings and to experience pleasure.",SPD
F60.2,"Dissocial personality disorder Personality disorder characterized by disregard for social obligations, and callous unconcern for the feelings of others. There is gross disparity between behaviour and the prevailing social norms. Behaviour is not readily modifiable by adverse experience, including punishment. There is a low tolerance to frustration and a low threshold for discharge of aggression, including violence; there is a tendency to blame others, or to offer plausible rationalizations for the behaviour, bringing the patient into conflict with society. Personality (disorder): • amoral • antisocial • asocial • psychopathic • sociopathic",DPD
F60.3,"Emotionally unstable personality disorder Personality disorder characterized by a definite tendency to act impulsively and without consideration of the consequences; the mood is unpredictable and capricious. There is a liability to outbursts of emotion and an incapacity to control the behavioural explosions. There is a tendency to quarrelsome behaviour and to conflicts with others, especially when impulsive acts are thwarted or censored. Two types may be distinguished: the impulsive type, characterized predominantly by emotional instability and lack of impulse control, and the borderline type, characterized in addition by disturbances in self-image, aims and internal preferences, by chronic feelings of emptiness, by intense and unstable interpersonal relationships, and by a tendency to self-destructive behaviour, including suicide gestures and attempts. Personality (disorder): • aggressive • borderline • explosive",EUP
F60.4,"Histrionic personality disorder Personality disorder characterized by shallow and labile affectivity, self- dramatization, theatricality, exaggerated expression of emotions, suggestibility, egocentricity, self-indulgence, lack of consideration for others, easily hurt feelings, and continuous seeking for appreciation, excitement and attention. Personality (disorder): • hysterical • psychoinfantile",HPD
F60.5,"Anankastic personality disorder Personality disorder characterized by feelings of doubt, perfectionism, excessive conscientiousness, checking and preoccupation with details, stubbornness, caution, and rigidity. There may be insistent and unwelcome thoughts or impulses that do not attain the severity of an obsessive-compulsive disorder. Personality (disorder): • compulsive • obsessional • obsessive-compulsive",APD
F60.6,"Anxious [avoidant] personality disorder Personality disorder characterized by feelings of tension and apprehension, insecurity and inferiority. There is a continuous yearning to be liked and accepted, a hypersensitivity to rejection and criticism, with restricted personal attachments, and a tendency to avoid certain activities by habitual exaggeration of the potential dangers or risks in everyday situations.",APD
F60.7,"Dependent personality disorder Personality disorder characterized by pervasive passive reliance on other people to make one’s major and minor life decisions, great fear of abandonment, feelings of helplessness and incompetence, passive compliance with the wishes of elders and others, and a weak response to the demands of daily life. Lack of vigour may show itself in the intellectual or emotional spheres; there is often a tendency to transfer responsibility to others. Personality (disorder): • asthenic • inadequate • passive • self-defeating",DPD
F60.8,Other specific personality disorders Personality (disorder): • eccentric • ‘haltlose’ type • immature • narcissistic • passive-aggressive • psychoneurotic,SPD
F60.9,"Personality disorder, unspecified Character neurosis NOS Pathological personality NOS",PDC NOS
F60–F69,Disorders of adult personality and behaviour,DAP
F61,"Mixed and other personality disorders This category is intended for personality disorders that are often troublesome but do not demonstrate the specific pattern of symptoms that characterize the disorders described in F60.-. As a result, they are often more difficult to diagnose than the disorders in F60.-. Examples include: • mixed personality disorders with features of several of the disorders in F60.- but without a predominant set of symptoms that would allow a more specific diagnosis; • troublesome personality changes, not classifiable to F60.- or F62.-, and regarded as secondary to a main diagnosis of a coexisting affective or anxiety disorder.",MPD NOS
F62,"Enduring personality changes, not attributable to brain damage and disease Disorders of adult personality and behaviour that have developed in persons with no previous personality disorder, following exposure to catastrophic or excessive prolonged stress, or following a severe psychiatric illness. These diagnoses should be made only when there is evidence of a definite and enduring change in a person’s pattern of perceiving, relating to or thinking about the environment and himself or herself. The personality change should be significant and be associated with inflexible and maladaptive behaviour not present before the pathogenic experience. The change should not be a direct manifestation of another mental disorder or a residual symptom of any antecedent mental disorder.",EPC NOS
F62.0,"Enduring personality change after catastrophic experience Enduring personality change, present for at least two years, following exposure to catastrophic stress. The stress must be so extreme that it is not necessary to consider personal vulnerability in order to explain its profound effect on the personality. The disorder is characterized by a hostile or distrustful attitude toward the world, social withdrawal, feelings of emptiness or hopelessness, a chronic feeling of ‘being on edge’ as if constantly threatened, and estrangement. Post-traumatic stress disorder (F43.1) may precede this type of personality change. Personality change after: • concentration camp experiences • disasters • prolonged: – captivity with an imminent possibility of being killed – exposure to life-threatening situations such as being a victim of terrorism • torture",EPC
F62.1,"Enduring personality change after psychiatric illness Personality change, persisting for at least two years, attributable to the traumatic experience of suffering from a severe psychiatric illness. The change cannot be explained by a previous personality disorder and should be differentiated from residual schizophrenia and other states of incomplete recovery from an antecedent mental disorder. This disorder is characterized by an excessive dependence on and a demanding attitude towards others; conviction of being changed or stigmatized by the illness, leading to an inability to form and maintain close and confiding personal relationships and to social isolation; passivity, reduced interests, and diminished involvement in leisure activities; persistent complaints of being ill, which may be associated with hypochondriacal claims and illness behaviour; dysphoric or labile mood, not due to the presence of a current mental disorder or antecedent mental disorder with residual affective symptoms; and longstanding problems in social and occupational functioning.",EPC
F62.8,Other enduring personality changes Chronic pain personality syndrome,EPC
F62.9,"Enduring personality change, unspecified",EPC NOS
F63,"Habit and impulse disorders This category includes certain disorders of behaviour that are not classifiable under other categories. They are characterized by repeated acts that have no clear rational motivation, cannot be controlled, and generally harm the patient’s own interests and those of other people. The patient reports that the behaviour is associated with impulses to action. The cause of these disorders is not understood and they are grouped together because of broad descriptive similarities, not because they are known to share any other important features.",HID
F63.0,"Pathological gambling The disorder consists of frequent, repeated episodes of gambling that dominate the patient’s life to the detriment of social, occupational, material and family values and commitments. Compulsive gambling",PGD
F63.1,"Pathological fire-setting [pyromania] Disorder characterized by multiple acts of, or attempts at, setting fire to property or other objects, without apparent motive, and by a persistent preoccupation with subjects related to fire and burning. This behaviour is often associated with feelings of increasing tension before the act, and intense excitement immediately afterwards.",PFD
F63.2,"Pathological stealing [kleptomania] Disorder characterized by repeated failure to resist impulses to steal objects that are not acquired for personal use or monetary gain. The objects may instead be discarded, given away or hoarded. This behaviour is usually accompanied by an increasing sense of tension before, and a sense of gratification during and immediately after, the act.",PSD
F63.3,"Trichotillomania A disorder characterized by noticeable hairloss due to a recurrent failure to resist impulses to pull out hairs. The hair-pulling is usually preceded by mounting tension and is followed by a sense of relief or gratification. This diagnosis should not be made if there is a pre-existing inflammation of the skin, or if the hair-pulling is in response to a delusion or a hallucination.",TAD NOS
F63.8,"Other habit and impulse disorders Other kinds of persistently repeated maladaptive behaviour that are not secondary to a recognized psychiatric syndrome, and in which it appears that the patient is repeatedly failing to resist impulses to carry out the behaviour. There is a prodromal period of tension with a feeling of release at the time of the act. Intermittent explosive disorder",HID
F63.9,"Habit and impulse disorder, unspecified",HID NOS
F64,Gender identity disorders,GID
F64.0,"Transsexualism A desire to live and be accepted as a member of the opposite sex, usually accompanied by a sense of discomfort with, or inappropriateness of, one’s anatomic sex, and a wish to have surgery and hormonal treatment to make one’s body as congruent as possible with one’s preferred sex.",TAD
F64.1,"Dual-role transvestism The wearing of clothes of the opposite sex for part of the individual’s existence, in order to enjoy the temporary experience of membership of the opposite sex, but without any desire for a more permanent sex change or associated surgical reassignment, and without sexual excitement accompanying the cross-dressing. Gender identity disorder of adolescence or adulthood, nontranssexual type",DTW
F64.2,"Gender identity disorder of childhood A disorder, usually first manifest during early childhood (and always well before puberty), characterized by a persistent and intense distress about assigned sex, together with a desire to be (or insistence that one is) of the other sex. There is a persistent preoccupation with the dress and activities of the opposite sex and repudiation of the individual’s own sex. The diagnosis requires a profound disturbance of the normal gender identity; mere tomboyishness in girls or girlish behaviour in boys is not sufficient. Gender identity disorders in individuals who have reached or are entering puberty should not be classified here but in F66.-.",GID NOS
F64.8,Other gender identity disorders,GID
F64.9,"Gender identity disorder, unspecified Gender role disorder NOS",GID NOS
F65,Disorders of sexual preference,DSP
F65.0,"Fetishism Reliance on some non-living object as a stimulus for sexual arousal and sexual gratification. Many fetishes are extensions of the human body, such as articles of clothing or footwear. Other common examples are characterized by some particular texture such as rubber, plastic or leather. Fetish objects vary in their importance to the individual. In some cases they simply serve to enhance sexual excitement achieved in ordinary ways (e.g. having the partner wear a particular garment).",FRO
F65.1,Fetishistic transvestism The wearing of clothes of the opposite sex principally to obtain sexual excitement and to create the appearance of a person of the opposite sex. Fetishistic transvestism is distinguished from transsexual transvestism by its clear association with sexual arousal and the strong desire to remove the clothing once orgasm occurs and sexual arousal declines. It can occur as an earlier phase in the development of transsexualism. Transvestic fetishism,FTW
F65.2,"Exhibitionism A recurrent or persistent tendency to expose the genitalia to strangers (usually of the opposite sex) or to people in public places, without inviting or intending closer contact. There is usually, but not invariably, sexual excitement at the time of the exposure and the act is commonly followed by masturbation.",EAR
F65.3,"Voyeurism A recurrent or persistent tendency to look at people engaging in sexual or intimate behaviour such as undressing. This is carried out without the observed people being aware, and usually leads to sexual excitement and masturbation.",VAR
F65.4,"Paedophilia A sexual preference for children, boys or girls or both, usually of prepubertal or early pubertal age.",PAS
F65.5,"Sadomasochism A preference for sexual activity that involves the infliction of pain or humiliation, or bondage. If the subject prefers to be the recipient of such stimulation, this is called masochism; if the provider, sadism. Often an individual obtains sexual excitement from both sadistic and masochistic activities. Masochism Sadism",SAP
F65.6,"Multiple disorders of sexual preference Sometimes more than one abnormal sexual preference occurs in one person and there is none of first rank. The most common combination is fetishism, transvestism and sadomasochism.",MDS
F65.8,"Other disorders of sexual preference A variety of other patterns of sexual preference and activity, including making obscene telephone calls, rubbing up against people for sexual stimulation in crowded public places, sexual activity with animals, and use of strangulation or anoxia for intensifying sexual excitement. Frotteurism Necrophilia",DSP
F65.9,"Disorder of sexual preference, unspecified Sexual deviation NOS",DSP NOS
F66,Psychological and behavioural disorders associated with sexual development and orientation,PBD
F66.0,"Sexual maturation disorder The patient suffers from uncertainty about his or her gender identity or sexual orientation, which causes anxiety or depression. Most commonly this occurs in adolescents who are not certain whether they are homosexual, heterosexual or bisexual in orientation, or in individuals who, after a period of apparently stable sexual orientation (often within a longstanding relationship), find that their sexual orientation is changing.",SMD
F66.1,"Egodystonic sexual orientation The gender identity or sexual preference (heterosexual, homosexual, bisexual or prepubertal) is not in doubt, but the individual wishes it were different because of associated psychological and behavioural disorders, and may seek treatment in order to change it.",ESO
F66.2,"Sexual relationship disorder The gender identity or sexual orientation (heterosexual, homosexual or bisexual) is responsible for difficulties in forming or maintaining a relationship with a sexual partner.",SRD
F66.8,Other psychosexual development disorders,PDD
F66.9,"Psychosexual development disorder, unspecified",PDD NOS
F68,Other disorders of adult personality and behaviour,DAP
F68.0,"Elaboration of physical symptoms for psychological reasons Physical symptoms compatible with and originally due to a confirmed physical disorder, disease or disability become exaggerated or prolonged, due to the psychological state of the patient. The patient is commonly distressed by this pain or disability, and is often preoccupied with worries, which may be justified, of the possibility of prolonged or progressive disability or pain. Compensation neurosis",EPS
F68.1,"Intentional production or feigning of symptoms or disabilities, either physical or psychological [factitious disorder] The patient feigns symptoms repeatedly for no obvious reason and may even inflict self-harm in order to produce symptoms or signs. The motivation is obscure and presumably internal with the aim of adopting the sick role. The disorder is often combined with marked disorders of personality and relationships. Hospital hopper syndrome Münchausen syndrome Peregrinating patient",IPO
F68.8,Other specified disorders of adult personality and behaviour Character disorder NOS Relationship disorder NOS,DAP NOS
F69,"Unspecified disorder of adult personality and behaviour Mental retardation (F70–F79) A condition of arrested or incomplete development of the mind, which is especially characterized by impairment of skills manifested during the developmental period, skills which contribute to the overall level of intelligence, i.e. cognitive, language, motor and social abilities. Retardation can occur with or without any other mental or physical condition. Degrees of mental retardation are conventionally estimated by standardized intelligence tests. These can be supplemented by scales assessing social adaptation in a given environment. These measures provide an approximate indication of the degree of mental retardation. The diagnosis will also depend on the overall assessment of intellectual functioning by a skilled diagnostician. Intellectual abilities and social adaptation may change over time, and, however poor, may improve as a result of training and rehabilitation. Diagnosis should be based on the current levels of functioning.",DAP NOS
F70,"Mild mental retardation [See before F70 for subdivisions] Approximate IQ range of 50 to 69 (in adults, mental age from 9 to under 12 years). Likely to result in some learning difficulties in school. Many adults will be able to work and maintain good social relationships and contribute to society.",MMR
F70–F79,• secondary to mental retardation,•SM
F71,"Moderate mental retardation [See before F70 for subdivisions] Approximate IQ range of 35 to 49 (in adults, mental age from 6 to under 9 years). Likely to result in marked developmental delays in childhood but most can learn to develop some degree of independence in self-care and acquire adequate communication and academic skills. Adults will need varying degrees of support to live and work in the community.",MMR
F72,"Severe mental retardation [See before F70 for subdivisions] Approximate IQ range of 20 to 34 (in adults, mental age from 3 to under 6 years). Likely to result in continuous need of support.",SMR
F73,"Profound mental retardation [See before F70 for subdivisions] IQ under 20 (in adults, mental age below 3 years). Results in severe limitation in self-care, continence, communication and mobility.",PMR
F78,Other mental retardation [See before F70 for subdivisions],MR
F79,Unspecified mental retardation [See before F70 for subdivisions],MR NOS
F80,"Specific developmental disorders of speech and language Disorders in which normal patterns of language acquisition are disturbed from the early stages of development. The conditions are not directly attributable to neurological or speech-mechanism abnormalities, sensory impairments, mental retardation or environmental factors. Specific developmental disorders of speech and language are often followed by associated problems, such as difficulties in reading and spelling, abnormalities in interpersonal relationships, and emotional and behavioural disorders.",SDD
F80.0,"Specific speech articulation disorder A specific developmental disorder in which the child’s use of speech sounds is below the appropriate level for its mental age, but in which there is a normal level of language skills. Developmental: • phonological disorder • speech articulation disorder Dyslalia Functional speech articulation disorder Lalling",SSA
F80.1,"Expressive language disorder A specific developmental disorder in which the child’s ability to use expressive spoken language is markedly below the appropriate level for its mental age, but in which language comprehension is within normal limits. There may or may not be abnormalities in articulation. Developmental dysphasia or aphasia, expressive type",ELD
F80.2,"Receptive language disorder A specific developmental disorder in which the child’s understanding of language is below the appropriate level for its mental age. In virtually all cases expressive language will also be markedly affected and abnormalities in word-sound production are common. Congenital auditory imperception Developmental: • dysphasia or aphasia, receptive type • Wernicke aphasia Word deafness",RLD
F80.3,"Acquired aphasia with epilepsy [Landau–Kleffner] A disorder in which the child, having previously made normal progress in language development, loses both receptive and expressive language skills but retains general intelligence; the onset of the disorder is accompanied by paroxysmal abnormalities on the EEG, and, in the majority of cases, also by epileptic seizures. Usually the onset is between the ages of three and seven years, with skills being lost over days or weeks. The temporal association between the onset of seizures and loss of language is variable, with one preceding the other (either way round) by a few months to two years. An inflammatory encephalitic process has been suggested as a possible cause of this disorder. About two thirds of patients are left with a more or less severe receptive language deficit.",AAE
F80.8,Other developmental disorders of speech and language Lisping,DDS
F80.9,"Developmental disorder of speech and language, unspecified Language disorder NOS",DDS NOS
F80–F89,Disorders of psychological development,DPD
F81,"Specific developmental disorders of scholastic skills Disorders in which the normal patterns of skill acquisition are disturbed from the early stages of development. This is not simply a consequence of a lack of opportunity to learn, it is not solely a result of mental retardation, and it is not due to any form of acquired brain trauma or disease.",SDD
F81.0,"Specific reading disorder The main feature is a specific and significant impairment in the development of reading skills that is not solely accounted for by mental age, visual acuity problems or inadequate schooling. Reading comprehension skill, reading word recognition, oral reading skill and performance of tasks requiring reading may all be affected. Spelling difficulties are frequently associated with specific reading disorder and often remain into adolescence, even after some progress in reading has been made. Specific developmental disorders of reading are commonly preceded by a history of disorders in speech or language development. Associated emotional and behavioural disturbances are common during the school age period. ‘Backward reading’ Developmental dyslexia Specific reading retardation",SRD
F81.1,"Specific spelling disorder The main feature is a specific and significant impairment in the development of spelling skills, in the absence of a history of specific reading disorder, which is not solely accounted for by low mental age, visual acuity problems or inadequate schooling. The abilities to spell orally and to write out words correctly are both affected. Specific spelling retardation (without reading disorder)",SSD
F81.2,"Specific disorder of arithmetical skills Involves a specific impairment in arithmetical skills that is not solely explicable on the basis of general mental retardation or of inadequate schooling. The deficit concerns mastery of basic computational skills of addition, subtraction, multiplication and division, rather than of the more abstract mathematical skills involved in algebra, trigonometry, geometry or calculus. Developmental: • acalculia • arithmetical disorder • Gerstmann’s syndrome",SDA
F81.3,"Mixed disorder of scholastic skills An ill-defined residual category of disorders in which both arithmetical and reading or spelling skills are significantly impaired, but in which the disorder is not solely explicable in terms of general mental retardation or of inadequate schooling. It should be used for disorders meeting the criteria for both F81.2 and either F81.0 or F81.1.",MDS
F81.8,Other developmental disorders of scholastic skills Developmental expressive writing disorder,DDS
F81.9,"Developmental disorder of scholastic skills, unspecified Knowledge acquisition disability NOS Learning: • disability NOS • disorder NOS",DDS NOS
F82,"Specific developmental disorder of motor function A disorder in which the main feature is a serious impairment in the development of motor coordination that is not solely explicable in terms of general intellectual retardation or of any specific congenital or acquired neurological disorder. Nevertheless, in most cases, a careful clinical examination shows marked neurodevelopmental immaturities such as choreiform movements of unsupported limbs or mirror movements and other associated motor features, as well as signs of impaired fine and gross motor coordination.",SDD
F83,"Mixed specific developmental disorders A residual category for disorders in which there is some admixture of specific developmental disorders of speech and language, of scholastic skills, and of motor function, but in which none predominates sufficiently to constitute the prime diagnosis. This mixed category should be used only when there is a major overlap between each of these specific developmental disorders. The disorders are usually, but not always, associated with some degree of general impairment of cognitive functions. Thus, the category should be used when there are dysfunctions meeting the criteria for two or more of F80.-, F81.- and F82.",MSD NOS
F84,"Pervasive developmental disorders A group of disorders characterized by qualitative abnormalities in reciprocal social interactions and in patterns of communication, and by a restricted, stereotyped, repetitive repertoire of interests and activities. These qualitative abnormalities are a pervasive feature of the individual’s functioning in all situations.",PDD
F84.0,"Childhood autism A type of pervasive developmental disorder that is defined by: (a) the presence of abnormal or impaired development that is manifest before the age of three years, and (b) the characteristic type of abnormal functioning in all the three areas of psychopathology: reciprocal social interaction, communication and restricted, stereotyped, repetitive behaviour. In addition to these specific diagnostic features, a range of other nonspecific problems are common, such as phobias, sleeping and eating disturbances, temper tantrums and (self-directed) aggression. Autistic disorder Infantile: • autism • psychosis Kanner syndrome",CAA NOS
F84.1,"Atypical autism A type of pervasive developmental disorder that differs from childhood autism, either in age of onset or in failing to fulfil all three sets of diagnostic criteria. This subcategory should be used when there is abnormal and impaired development that is present only after age three years, and a lack of sufficient demonstrable abnormalities in one or two of the three areas of psychopathology required for the diagnosis of autism (namely, reciprocal social interactions, communication and restricted, stereotyped, repetitive behaviour) in spite of characteristic abnormalities in the other area(s). Atypical autism arises most often in profoundly retarded individuals and in individuals with a severe specific developmental disorder of receptive language. Atypical childhood psychosis Mental retardation with autistic features",AAA NOS
F84.2,"Rett syndrome A condition, so far found only in girls, in which apparently normal early development is followed by partial or complete loss of speech and of skills in locomotion and use of hands, together with deceleration in head growth, usually with an onset between seven and 24 months of age. Loss of purposive hand movements, hand-wringing stereotypies, and hyperventilation are characteristic. Social and play development are arrested but social interest tends to be maintained. Trunk ataxia and apraxia start to develop by age four years and choreoathetoid movements frequently follow. Severe mental retardation almost invariably results.",RSA
F84.3,"Other childhood disintegrative disorder A type of pervasive developmental disorder that is defined by a period of entirely normal development before the onset of the disorder, followed by a definite loss of previously acquired skills in several areas of development over the course of a few months. Typically, this is accompanied by a general loss of interest in the environment, by stereotyped, repetitive motor mannerisms, and by autistic-like abnormalities in social interaction and communication. In some cases the disorder can be shown to be due to some associated encephalopathy but the diagnosis should be made on the behavioural features. Dementia infantilis Disintegrative psychosis Heller syndrome Symbiotic psychosis",CDD NOS
F84.4,"Overactive disorder associated with mental retardation and stereotyped movements An ill-defined disorder of uncertain nosological validity. The category is designed to include a group of children with severe mental retardation (IQ below 35) who show major problems in hyperactivity and in attention, as well as stereotyped behaviours. They tend not to benefit from stimulant drugs (unlike those with an IQ in the normal range) and may exhibit a severe dysphoric reaction (sometimes with psychomotor retardation) when given stimulants. In adolescence, the overactivity tends to be replaced by underactivity (a pattern that is not usual in hyperkinetic children with normal intelligence). This syndrome is also often associated with a variety of developmental delays, either specific or global. The extent to which the behavioural pattern is a function of low IQ or of organic brain damage is not known.",ODA NOS
F84.5,"Asperger syndrome A disorder of uncertain nosological validity, characterized by the same type of qualitative abnormalities of reciprocal social interaction that typify autism, together with a restricted, stereotyped, repetitive repertoire of interests and activities. It differs from autism primarily in the fact that there is no general delay or retardation in language or in cognitive development. This disorder is often associated with marked clumsiness. There is a strong tendency for the abnormalities to persist into adolescence and adult life. Psychotic episodes occasionally occur in early adult life. Autistic psychopathy Schizoid disorder of childhood",ASA NOS
F84.8,Other pervasive developmental disorders,PDD
F84.9,"Pervasive developmental disorder, unspecified",PDD NOS
F88,Other disorders of psychological development,DPD
F89,Unspecified disorder of psychological development,DPD NOS
F90,"Hyperkinetic disorders A group of disorders characterized by an early onset (usually in the first five years of life), lack of persistence in activities that require cognitive involvement, and a tendency to move from one activity to another without completing any one, together with disorganized, ill-regulated, and excessive activity. Several other abnormalities may be associated. Hyperkinetic children are often reckless, impulsive and prone to accidents, and find themselves in disciplinary trouble because of unthinking breaches of rules rather than deliberate defiance. Their relationships with adults are often socially disinhibited, with a lack of normal caution and reserve. They are unpopular with other children and may become isolated. Impairment of cognitive functions is common, and specific delays in motor and language development are disproportionately frequent. Secondary complications include dissocial behaviour and low self-esteem.",HDA
F90.0,Disturbance of activity and attention Attention deficit: • disorder with hyperactivity • hyperactivity disorder • syndrome with hyperactivity,DAA
F90.1,Hyperkinetic conduct disorder Hyperkinetic disorder associated with conduct disorder,HCD
F90.8,Other hyperkinetic disorders,HD
F90.9,"Hyperkinetic disorder, unspecified Hyperkinetic reaction of childhood or adolescence NOS Hyperkinetic syndrome NOS",HDH NOS
F90–F98,Behavioural and emotional disorders with onset usually occurring in childhood and adolescence,BED
F91,"Conduct disorders Disorders characterized by a repetitive and persistent pattern of dissocial, aggressive or defiant conduct. Such behaviour should amount to major violations of age- appropriate social expectations; it should therefore be more severe than ordinary childish mischief or adolescent rebelliousness and should imply an enduring pattern of behaviour (six months or longer). Features of conduct disorder can also be symptomatic of other psychiatric conditions, in which case the underlying diagnosis should be preferred.",CDD NOS
F91.0,"Conduct disorder confined to the family context Conduct disorder involving dissocial or aggressive behaviour (and not merely oppositional, defiant, disruptive behaviour), in which the abnormal behaviour is entirely, or almost entirely, confined to the home and to interactions with members of the nuclear family or immediate household. The disorder requires that the overall criteria for F91.- be met; even severely disturbed parent–child relationships are not of themselves sufficient for diagnosis.",CDC NOS
F91.1,"Unsocialized conduct disorder Disorder characterized by the combination of persistent dissocial or aggressive behaviour (meeting the overall criteria for F91.- and not merely comprising oppositional, defiant, disruptive behaviour) with significant pervasive abnormalities in the individual’s relationships with other children. Conduct disorder, solitary aggressive type Unsocialized aggressive disorder",UCD
F91.2,"Socialized conduct disorder Disorder involving persistent dissocial or aggressive behaviour (meeting the overall criteria for F91.- and not merely comprising oppositional, defiant, disruptive behaviour) occurring in individuals who are generally well integrated into their peer group. Conduct disorder, group type Group delinquency Offences in the context of gang membership Stealing in company with others Truancy from school",SCD
F91.3,"Oppositional defiant disorder Conduct disorder, usually occurring in younger children, primarily characterized by markedly defiant, disobedient, disruptive behaviour that does not include delinquent acts or the more extreme forms of aggressive or dissocial behaviour. The disorder requires that the overall criteria for F91.- be met; even severely mischievous or naughty behaviour is not in itself sufficient for diagnosis. Caution should be employed before using this category, especially with older children, because clinically significant conduct disorder will usually be accompanied by dissocial or aggressive behaviour that goes beyond mere defiance, disobedience or disruptiveness.",ODD NOS
F91.8,Other conduct disorders,CD
F91.9,"Conduct disorder, unspecified Childhood: • behavioural disorder NOS • conduct disorder NOS",CDC NOS
F92,"Mixed disorders of conduct and emotions A group of disorders characterized by the combination of persistently aggressive, dissocial or defiant behaviour with overt and marked symptoms of depression, anxiety or other emotional upsets. The criteria for both conduct disorders of childhood (F9l.-) and emotional disorders of childhood (F93.-) or an adult-type neurotic diagnosis (F40–F48) or a mood disorder (F30–F39) must be met.",MDC NOS
F92.0,"Depressive conduct disorder This category requires the combination of conduct disorder (F91.-) with persistent and marked depression of mood (F32.-), as demonstrated by symptoms such as excessive misery, loss of interest and pleasure in usual activities, self-blame and hopelessness; disturbances of sleep or appetite may also be present. Conduct disorder in F91.- associated with depressive disorder in F32.-",DCD
F92.8,"Other mixed disorders of conduct and emotions This category requires the combination of conduct disorder (F91.-) with persistent and marked emotional symptoms such as anxiety, obsessions or compulsions, depersonalization or derealization, phobias or hypochondriasis. Conduct disorder in F91.- associated with: • emotional disorder in F93.- • neurotic disorder in F40–F48",MDC
F92.9,"Mixed disorder of conduct and emotions, unspecified",MDC NOS
F93,"Emotional disorders with onset specific to childhood Mainly exaggerations of normal developmental trends rather than phenomena that are qualitatively abnormal in themselves. Developmental appropriateness is used as the key diagnostic feature in defining the difference between these emotional disorders, with onset specific to childhood, and the neurotic disorders (F40–F48).",EDO NOS
F93.0,"Separation anxiety disorder of childhood Should be diagnosed when fear of separation constitutes the focus of the anxiety and when such anxiety first arose during the early years of childhood. It is differentiated from normal separation anxiety when it is of a degree (severity) that is statistically unusual (including an abnormal persistence beyond the usual age period), and when it is associated with significant problems in social functioning.",SAD NOS
F93.1,"Phobic anxiety disorder of childhood Fears in childhood that show a marked developmental-phase specificity and arise (to some extent) in a majority of children, but that are abnormal in degree. Other fears that arise in childhood but that are not a normal part of psychosocial development (for example agoraphobia) should be coded under the appropriate category in section F40–F48.",PAD
F93.2,"Social anxiety disorder of childhood In this disorder there is a wariness of strangers and social apprehension or anxiety when encountering new, strange or socially threatening situations. This category should be used only where such fears arise during the early years, and are both unusual in degree and accompanied by problems in social functioning. Avoidant disorder of childhood or adolescence",SAD
F93.3,Sibling rivalry disorder Some degree of emotional disturbance usually following the birth of an immediately younger sibling is shown by a majority of young children. A sibling rivalry disorder should be diagnosed only if the degree or persistence of the disturbance is both statistically unusual and associated with abnormalities of social interaction. Sibling jealousy,SRD NOS
F93.8,Other childhood emotional disorders Identity disorder Overanxious disorder,CED
F93.9,"Childhood emotional disorder, unspecified",CED NOS
F94,"Disorders of social functioning with onset specific to childhood and adolescence A somewhat heterogeneous group of disorders that have in common abnormalities in social functioning that begin during the developmental period, but that (unlike the pervasive developmental disorders) are not primarily characterized by an apparently constitutional social incapacity or deficit that pervades all areas of functioning. In many instances, serious environmental distortions or privations probably play a crucial role in etiology.",DSF
F94.0,"Elective mutism Characterized by a marked, emotionally determined selectivity in speaking, such that the child demonstrates a language competence in some situations but fails to speak in other (definable) situations. The disorder is usually associated with marked personality features involving social anxiety, withdrawal, sensitivity or resistance. Selective mutism",EMC
F94.1,"Reactive attachment disorder of childhood Starts in the first five years of life and is characterized by persistent abnormalities in the child’s pattern of social relationships that are associated with emotional disturbance and are reactive to changes in environmental circumstances (e.g. fearfulness and hypervigilance, poor social interaction with peers, aggression towards self and others, misery, and growth failure in some cases). The syndrome probably occurs as a direct result of severe parental neglect, abuse or serious mishandling.",RAD
F94.2,"Disinhibited attachment disorder of childhood A particular pattern of abnormal social functioning that arises during the first five years of life and that tends to persist despite marked changes in environmental circumstances, e.g. diffuse, nonselectively focused attachment behaviour, attention-seeking and indiscriminately friendly behaviour, poorly modulated peer interactions; depending on circumstances, there may also be associated emotional or behavioural disturbance. Affectionless psychopathy Institutional syndrome",DAD
F94.8,Other childhood disorders of social functioning,CDS
F94.9,"Childhood disorder of social functioning, unspecified",CDS NOS
F95,"Tic disorders Syndromes in which the predominant manifestation is some form of tic. A tic is an involuntary, rapid, recurrent, nonrhythmic motor movement (usually involving circumscribed muscle groups) or vocal production that is of sudden onset and that serves no apparent purpose. Tics tend to be experienced as irresistible but usually they can be suppressed for varying periods of time, are exacerbated by stress, and disappear during sleep. Common simple motor tics include only eye- blinking, neck-jerking, shoulder-shrugging and facial grimacing. Common simple vocal tics include throat-clearing, barking, sniffing and hissing. Common complex tics include hitting oneself, jumping and hopping. Common complex vocal tics include the repetition of particular words, and sometimes the use of socially unacceptable (often obscene) words (coprolalia) and the repetition of one’s own sounds or words (palilalia).",TDS
F95.0,"Transient tic disorder Meets the general criteria for a tic disorder but the tics do not persist longer than 12 months. The tics usually take the form of eye-blinking, facial grimacing or head- jerking.",TTD
F95.1,"Chronic motor or vocal tic disorder Meets the general criteria for a tic disorder, in which there are motor or vocal tics (but not both), that may be either single or multiple (but usually multiple) and last for more than a year.",CMO
F95.2,"Combined vocal and multiple motor tic disorder [Tourette] A form of tic disorder in which there are, or have been, multiple motor tics and one or more vocal tics, although these need not have occurred concurrently. The disorder usually worsens during adolescence and tends to persist into adult life. The vocal tics are often multiple, with explosive repetitive vocalizations, throat-clearing and grunting, and there may be the use of obscene words or phrases. Sometimes there is associated gestural echopraxia, which may also be of an obscene nature (copropraxia).",CVM
F95.8,Other tic disorders,TD
F95.9,"Tic disorder, unspecified Tic NOS",TDT NOS
F98,"Other behavioural and emotional disorders with onset usually occurring in childhood and adolescence A heterogeneous group of disorders that share the characteristic of an onset in childhood but otherwise differ in many respects. Some of the conditions represent well-defined syndromes but others are no more than symptom complexes that need inclusion because of their frequency and association with psychosocial problems, and because they cannot be incorporated into other syndromes.",BED
F98.0,"Nonorganic enuresis A disorder characterized by involuntary voiding of urine, by day and by night, that is abnormal in relation to the individual’s mental age, and that is not a consequence of a lack of bladder control due to any neurological disorder, to epileptic attacks, or to any structural abnormality of the urinary tract. The enuresis may have been present from birth or it may have arisen following a period of acquired bladder control. The enuresis may or may not be associated with a more widespread emotional or behavioural disorder. Enuresis (primary)(secondary) of nonorganic origin Functional enuresis Psychogenic enuresis Urinary incontinence of nonorganic origin",NEA
F98.1,"Nonorganic encopresis Repeated, voluntary or involuntary passage of faeces, usually of normal or near- normal consistency, in places not appropriate for that purpose in the individual’s own sociocultural setting. The condition may represent an abnormal continuation of normal infantile incontinence, it may involve a loss of continence following the acquisition of bowel control, or it may involve the deliberate deposition of faeces in inappropriate places in spite of normal physiological bowel control. The condition may occur as a monosymptomatic disorder, or it may form part of a wider disorder, especially an emotional disorder (F93.-) or a conduct disorder (F91.-). Functional encopresis Incontinence of faeces of nonorganic origin Psychogenic encopresis",NER NOS
F98.2,"Feeding disorder of infancy and childhood A feeding disorder of varying manifestations, usually specific to infancy and early childhood. It generally involves food refusal and extreme faddiness in the presence of an adequate food supply, a reasonably competent caregiver, and the absence of organic disease. There may or may not be associated rumination (repeated regurgitation without nausea or gastrointestinal illness). Rumination disorder of infancy",FDI
F98.3,"Pica of infancy and childhood Persistent eating of non-nutritive substances (such as soil, paint chippings, etc.). It may occur as one of many symptoms that are part of a more widespread psychiatric disorder (such as autism), or as a relatively isolated psychopathological behaviour; only the latter is classified here. The phenomenon is most common in mentally retarded children and, if mental retardation is also present, F70–F79 should be selected as the main diagnosis.",PIC NOS
F98.4,"Stereotyped movement disorders Voluntary, repetitive, stereotyped, nonfunctional (and often rhythmic) movements that do not form part of any recognized psychiatric or neurological condition. When such movements occur as symptoms of some other disorder, only the overall disorder should be recorded. The movements that are of a non-self-injurious variety include: body-rocking, head-rocking, hair-plucking, hair-twisting, finger-flicking mannerisms, and hand-flapping. Stereotyped self-injurious behaviour includes repetitive head- banging, face-slapping, eye-poking and biting of hands, lips or other body parts. All the stereotyped movement disorders occur most frequently in association with mental retardation (when this is the case, both should be recorded). If eye-poking occurs in a child with visual impairment, both should be coded: eye-poking under this category and the visual condition under the appropriate somatic disorder code. Stereotype/habit disorder",SMD
F98.5,"Stuttering [stammering] Speech that is characterized by frequent repetition or prolongation of sounds or syllables or words, or by frequent hesitations or pauses that disrupt the rhythmic flow of speech. It should be classified as a disorder only if its severity is such as to markedly disturb the fluency of speech.",SST
F98.6,"Cluttering A rapid rate of speech with breakdown in fluency, but no repetitions or hesitations, of a severity to give rise to diminished speech intelligibility. Speech is erratic and dysrhythmic, with rapid jerky spurts that usually involve faulty phrasing patterns.",CAR
F98.8,Other specified behavioural and emotional disorders with onset usually occurring in childhood and adolescence Attention deficit disorder without hyperactivity Excessive masturbation Nail-biting Nose-picking Thumb-sucking,BED NOS
F98.9,Unspecified behavioural and emotional disorders with onset usually occurring in childhood and adolescence,BED NOS
F99,"Mental disorder, not otherwise specified",MDN NOS
G00,"Bacterial meningitis, not elsewhere classified",BMN
G00.0,Haemophilus meningitis Meningitis due to Haemophilus influenzae,HMM
G00.1,Pneumococcal meningitis,PM
G00.2,Streptococcal meningitis,SM
G00.3,Staphylococcal meningitis,SM
G00.8,Other bacterial meningitis Meningitis due to: • Escherichia coli • Friedländer bacillus • Klebsiella,BMM
G00.9,"Bacterial meningitis, unspecified Meningitis: • purulent NOS • pyogenic NOS • suppurative NOS",BMM NOS
G00–G09,Inflammatory diseases of the central nervous system,IDC
G01*,Meningitis in bacterial diseases classified elsewhere,MIB
G02*,Meningitis in other infectious and parasitic diseases classified elsewhere,MII
G02.0*,Meningitis in viral diseases classified elsewhere Meningitis (due to): • adenoviral (A87.1†) • enteroviral (A87.0†) • herpesviral [herpes simplex] (B00.3†) • infectious mononucleosis (B27.-†) • measles (B05.1†) • mumps (B26.1†) • rubella (B06.0†) • varicella [chickenpox] (B01.0†) • zoster (B02.1†),MIV
G02.1*,Meningitis in mycoses Meningitis (in): • candidal (B37.5†) • coccidioidomycosis (B38.4†) • cryptococcal (B45.1†),MIM
G02.8*,Meningitis in other specified infectious and parasitic diseases classified elsewhere Meningitis due to: • African trypanosomiasis (B56.-†) • Chagas disease (chronic) (B57.4†),MII NOS
G03,Meningitis due to other and unspecified causes,MC NOS
G03.0,Nonpyogenic meningitis Nonbacterial meningitis,NMN
G03.1,Chronic meningitis,CM
G03.2,Benign recurrent meningitis [Mollaret],BRM
G03.8,Meningitis due to other specified causes,MC
G03.9,"Meningitis, unspecified Arachnoiditis (spinal) NOS",MAN NOS
G04,"Encephalitis, myelitis and encephalomyelitis",EME
G04.0,Acute disseminated encephalitis Encephalitis postimmunization Encephalomyelitis,ADE
G04.1,Tropical spastic paraplegia,TSP
G04.2,"Bacterial meningoencephalitis and meningomyelitis, not elsewhere classified",BMM
G04.8,"Other encephalitis, myelitis and encephalomyelitis Postinfectious encephalitis and encephalomyelitis NOS",EME NOS
G04.9,"Encephalitis, myelitis and encephalomyelitis, unspecified Ventriculitis (cerebral) NOS",EME NOS
G05*,"Encephalitis, myelitis and encephalomyelitis in diseases classified elsewhere",EME
G05.0*,"Encephalitis, myelitis and encephalomyelitis in bacterial diseases classified elsewhere Encephalitis, myelitis or encephalomyelitis (in): • listerial (A32.1†) • meningococcal (A39.8†) • syphilis: – congenital (A50.4†) – late (A52.1†) • tuberculous (A17.8†)",EME
G05.1*,"Encephalitis, myelitis and encephalomyelitis in viral diseases classified elsewhere Encephalitis, myelitis or encephalomyelitis (in): • adenoviral (A85.1†) • cytomegaloviral (B25.8†) • enteroviral (A85.0†) • herpesviral [herpes simplex] (B00.4†) • influenza – seasonal virus identified (J10.8†) – virus not identified (J11.8†) – zoonotic or pandemic influenza virus identified (J09†) • measles (B05.0†) • mumps (B26.2†) • postchickenpox (B01.1†) • rubella (B06.0†) • zoster (B02.0†)",EME
G05.2*,"Encephalitis, myelitis and encephalomyelitis in other infectious and parasitic diseases classified elsewhere Encephalitis, myelitis or encephalomyelitis in: • African trypanosomiasis (B56.-†) • Chagas disease (chronic) (B57.4†) • naegleriasis (B60.2†) • toxoplasmosis (B58.2†) Eosinophilic meningoencephalitis (B83.2†)",EME NOS
G05.8*,"Encephalitis, myelitis and encephalomyelitis in other diseases classified elsewhere Encephalitis in systemic lupus erythematosus (M32.1†)",EME
G06,Intracranial and intraspinal abscess and granuloma,IIA
G06.0,Intracranial abscess and granuloma abscess (embolic)(of): • brain [any part] • cerebellar • cerebral • otogenic Intracranial abscess or granuloma: • epidural • extradural • subdural,IAG
G06.1,Intraspinal abscess and granuloma Abscess (embolic) of spinal cord [any part] Intraspinal abscess or granuloma: • epidural • extradural • subdural,IAG
G06.2,"Extradural and subdural abscess, unspecified",ESA NOS
G07*,Intracranial and intraspinal abscess and granuloma in diseases classified elsewhere,IIA
G08,Intracranial and intraspinal phlebitis and thrombophlebitis,IIP
G09,Sequelae of inflammatory diseases of central nervous system,SID
G10,Huntington disease,HD
G10–G14,Systemic atrophies primarily affecting the central nervous system,SAP
G11,Hereditary ataxia,HA
G11.0,Congenital nonprogressive ataxia,CNA
G11.1,Early-onset cerebellar ataxia,ECA
G11.2,Late-onset cerebellar ataxia,LCA
G11.3,Cerebellar ataxia with defective DNA repair Ataxia telangiectasia [Louis–Bar],CAD
G11.4,Hereditary spastic paraplegia,HSP
G11.8,Other hereditary ataxias,HA
G11.9,"Hereditary ataxia, unspecified Hereditary cerebellar: • ataxia NOS • degeneration • disease • syndrome",HAH NOS
G12,Spinal muscular atrophy and related syndromes,SMA
G12.0,"Infantile spinal muscular atrophy, type I [Werdnig–Hoffman]",ISM
G12.1,"Other inherited spinal muscular atrophy Progressive bulbar palsy of childhood [Fazio–Londe] Spinal muscular atrophy: • adult form • childhood form, type II • distal • juvenile form, type III [Kugelberg-Welander] • scapuloperoneal form",ISM
G12.2,Motor neuron disease Familial motor neuron disease Lateral sclerosis: • amyotrophic • primary Progressive: • bulbar palsy • spinal muscular atrophy,MND
G12.8,Other spinal muscular atrophies and related syndromes,SMA
G12.9,"Spinal muscular atrophy, unspecified",SMA NOS
G13*,Systemic atrophies primarily affecting central nervous system in diseases classified elsewhere,SAP
G13.0*,Paraneoplastic neuromyopathy and neuropathy Carcinomatous neuromyopathy (C00–C97†) Sensorial paraneoplastic neuropathy [Denny Brown] (C00–D48†),PNN
G13.1*,Other systemic atrophy primarily affecting central nervous system in neoplastic disease Paraneoplastic limbic encephalopathy (C00–D48†),SAP
G13.2*,"Systemic atrophy primarily affecting central nervous system in myxoedema (E00.1† , E03.-†)",SAP
G13.8*,Systemic atrophy primarily affecting central nervous system in other diseases classified elsewhere,SAP
G14,Postpolio syndrome,PS
G20,Parkinson disease,PD
G20–G25,movement disorders of organic origin nail-biting (F98.8) nose-picking (F98.8),MDO NOS
G20–G26,Extrapyramidal and movement disorders,EMD
G21,Secondary parkinsonism,SP
G21.0,Malignant neuroleptic syndrome,MNS
G21.1,Other drug-induced secondary parkinsonism,DSP
G21.2,Secondary parkinsonism due to other external agents,SPE
G21.3,Postencephalitic parkinsonism,PP
G21.4,Vascular parkinsonism,VP
G21.8,Other secondary parkinsonism,SP
G21.9,"Secondary parkinsonism, unspecified",SP NOS
G22*,Parkinsonism in diseases classified elsewhere,PID
G23,Other degenerative diseases of basal ganglia,DDB
G23.0,Hallervorden–Spatz disease Pigmentary pallidal degeneration,HDP
G23.1,Progressive supranuclear ophthalmoplegia [Steele- Richardson–Olszewski] Progressive supranuclear palsy,PSO
G23.2,"Multiple system atrophy, parkinsonian type [MSA-P]",MSA
G23.3,"Multiple system atrophy, cerebellar type [MSA-C]",MSA
G23.8,Other specified degenerative diseases of basal ganglia Calcification of basal ganglia Neurogenic orthostatic hypotension [Shy–Drager],DDB
G23.9,"Degenerative disease of basal ganglia, unspecified",DDB NOS
G24,Dystonia,DYST
G24.0,Drug-induced dystonia,DD
G24.1,Idiopathic familial dystonia Idiopathic dystonia NOS,IFD NOS
G24.2,Idiopathic nonfamilial dystonia,IND
G24.3,Spasmodic torticollis,ST
G24.4,Idiopathic orofacial dystonia Orofacial dyskinesia,IOD
G24.5,Blepharospasm,BLEP
G24.8,Other dystonia,DYST
G24.9,"Dystonia, unspecified Dyskinesia NOS",DDN NOS
G25,Other extrapyramidal and movement disorders,EMD
G25.0,Essential tremor Familial tremor,ETF
G25.1,Drug-induced tremor,DT
G25.2,Other specified forms of tremor Intention tremor,FTI
G25.3,Myoclonus Drug-induced myoclonus,MDM
G25.4,Drug-induced chorea,DC
G25.5,Other chorea Chorea NOS,CCN NOS
G25.6,Drug-induced tics and other tics of organic origin,DTT
G25.8,Other specified extrapyramidal and movement disorders Akathisia (drug-induced) (treatment-induced) Restless legs syndrome Stiff-man syndrome,EMD
G25.9,"Extrapyramidal and movement disorder, unspecified",EMD NOS
G26*,Extrapyramidal and movement disorders in diseases classified elsewhere Other degenerative diseases of the nervous system (G30–G32),EMD
G30,Alzheimer disease,AD
G30.0,Alzheimer disease with early onset,ADE
G30.1,Alzheimer disease with late onset,ADL
G30.8,Other Alzheimer disease,AD
G30.9,"Alzheimer disease, unspecified",AD NOS
G30–G32,Other degenerative diseases of the nervous system,DDN
G31,"Other degenerative diseases of nervous system, not elsewhere classified",DDN
G31.0,Circumscribed brain atrophy Frontotemporal dementia (FTD) Pick disease Progressive isolated aphasia,CBA
G31.1,"Senile degeneration of brain, not elsewhere classified",SDB
G31.2,Degeneration of nervous system due to alcohol Alcoholic: • cerebellar: – ataxia – degeneration • cerebral degeneration • encephalopathy Dysfunction of autonomic nervous system due to alcohol,DNS
G31.8,Other specified degenerative diseases of nervous system Grey-matter degeneration [Alpers] Lewy body(ies)(dementia)(disease) (F02.8*) Subacute necrotizing encephalopathy [Leigh],DDN
G31.9,"Degenerative disease of nervous system, unspecified",DDN NOS
G32*,Other degenerative disorders of nervous system in diseases classified elsewhere,DDN
G32.0*,Subacute combined degeneration of spinal cord in diseases classified elsewhere,SCD
G32.8*,Other specified degenerative disorders of nervous system in diseases classified elsewhere Demyelinating diseases of the central nervous system (G35–G37),DDN
G35,Multiple sclerosis,MS
G35–G37,Demyelinating diseases of the central nervous system,DDC
G36,Other acute disseminated demyelination,ADD
G36.0,Neuromyelitis optica [Devic] Demyelination in optic neuritis,NOD
G36.1,Acute and subacute haemorrhagic leukoencephalitis [Hurst],ASH
G36.8,Other specified acute disseminated demyelination,ADD
G36.9,"Acute disseminated demyelination, unspecified",ADD NOS
G37,Other demyelinating diseases of central nervous system,DDC
G37.0,Diffuse sclerosis Periaxial encephalitis Schilder disease,DSP
G37.1,Central demyelination of corpus callosum,CDC
G37.2,Central pontine myelinolysis,CPM
G37.3,Acute transverse myelitis in demyelinating disease of central nervous system Acute transverse myelitis NOS,ATM NOS
G37.4,Subacute necrotizing myelitis,SNM
G37.5,Concentric sclerosis [Baló],CS
G37.8,Other specified demyelinating diseases of central nervous system,DDC
G37.9,"Demyelinating disease of central nervous system, unspecified Episodic and paroxysmal disorders (G40–G47)",DDC NOS
G40,Epilepsy,EPIL
G40.0,Localization-related (focal)(partial) idiopathic epilepsy and epileptic syndromes with seizures of localized onset Benign childhood epilepsy with centrotemporal EEG spikes Childhood epilepsy with occipital EEG paroxysms,LIE
G40.1,Localization-related (focal)(partial) symptomatic epilepsy and epileptic syndromes with simple partial seizures Attacks without alteration of consciousness Simple partial seizures developing into secondarily generalized seizures,LSE
G40.2,"Localization-related (focal)(partial) symptomatic epilepsy and epileptic syndromes with complex partial seizures Attacks with alteration of consciousness, often with automatisms Complex partial seizures developing into secondarily generalized seizures",LSE
G40.3,Generalized idiopathic epilepsy and epileptic syndromes Benign: • myoclonic epilepsy in infancy • neonatal convulsions (familial) Childhood absence epilepsy [pyknolepsy] Epilepsy with grand mal seizures on awakening Juvenile: • absence epilepsy • myoclonic epilepsy [impulsive petit mal] Nonspecific epileptic seizures: • atonic • clonic • myoclonic • tonic • tonic–clonic,GIE
G40.4,Other generalized epilepsy and epileptic syndromes Epilepsy with: • myoclonic absences • myoclonic-astatic seizures Infantile spasms Lennox–Gastaut syndrome Salaam attacks Symptomatic early myoclonic encephalopathy West syndrome,GEE
G40.5,Special epileptic syndromes Epilepsia partialis continua [Kozhevnikof] Epileptic seizures related to: • alcohol • drugs • hormonal changes • sleep deprivation • stress,SES
G40.6,"Grand mal seizures, unspecified (with or without petit mal)",GMS NOS
G40.7,"Petit mal, unspecified, without grand mal seizures",PMW NOS
G40.8,Other epilepsy Epilepsies and epileptic syndromes undetermined as to whether they are focal or generalized,EEE
G40.9,"Epilepsy, unspecified Epileptic: • convulsions NOS • fits NOS • seizures NOS",EE• NOS
G40–G41,• epilepsy • newborn (P90),•E•
G40–G47,Episodic and paroxysmal disorders,EPD
G41,Status epilepticus,SE
G41.0,Grand mal status epilepticus Tonic-clonic status epilepticus,GMS
G41.1,Petit mal status epilepticus Epileptic absence status,PMS
G41.2,Complex partial status epilepticus,CPS
G41.8,Other status epilepticus,SE
G41.9,"Status epilepticus, unspecified",SE NOS
G43,Migraine,MIGR
G43.0,Migraine without aura [common migraine],MWA
G43.1,Migraine with aura [classical migraine] Migraine: • aura without headache • basilar • equivalents • familial hemiplegic • with: – acute-onset aura – prolonged aura – typical aura,MAM
G43.2,Status migrainosus,SM NOS
G43.3,Complicated migraine,CM
G43.8,Other migraine Ophthalmoplegic migraine Retinal migraine,MOM
G43.9,"Migraine, unspecified",MIGR NOS
G43–G44,migraine and other headache syndromes trigeminal neuralgia (G50.0),MHS
G44,Other headache syndromes,HS
G44.0,Cluster headache syndrome Chronic paroxysmal hemicrania Cluster headache: • chronic • episodic,CHS
G44.1,"Vascular headache, not elsewhere classified Vascular headache NOS",VHN NOS
G44.2,Tension-type headache Chronic tension-type headache Episodic tension headache Tension headache NOS,THC NOS
G44.3,Chronic post-traumatic headache,CPH
G44.4,"Drug-induced headache, not elsewhere classified",DHN
G44.8,Other specified headache syndromes,HS
G45,Transient cerebral ischaemic attacks and related syndromes,TCI
G45.0,Vertebro-basilar artery syndrome,VAS
G45.1,Carotid artery syndrome (hemispheric),CAS
G45.2,Multiple and bilateral precerebral artery syndromes,MBP
G45.3,Amaurosis fugax,AF
G45.4,Transient global amnesia,TGA
G45.8,Other transient cerebral ischaemic attacks and related syndromes,TCI
G45.9,"Transient cerebral ischaemic attack, unspecified Spasm of cerebral artery Transient cerebral ischaemia NOS",TCI NOS
G46*,Vascular syndromes of brain in cerebrovascular diseases (I60–I67†),VSB
G46.0*,Middle cerebral artery syndrome (I66.0†),MCA
G46.1*,Anterior cerebral artery syndrome (I66.1†),ACA
G46.2*,Posterior cerebral artery syndrome (I66.2†),PCA
G46.3*,Brain stem stroke syndrome (I60–I67†) Syndrome: • Benedikt • Claude • Foville • Millard–Gubler • Wallenberg • Weber,CVA
G46.4*,Cerebellar stroke syndrome (I60–I67†),CVA
G46.5*,Pure motor lacunar syndrome (I60–I67†),PML
G46.6*,Pure sensory lacunar syndrome (I60–I67†),PSL
G46.7*,Other lacunar syndromes (I60–I67†),LS
G46.8*,Other vascular syndromes of brain in cerebrovascular diseases (I60–I67†),VSB
G47,Sleep disorders,SD
G47.0,Disorders of initiating and maintaining sleep [insomnias],DIM
G47.1,Disorders of excessive somnolence [hypersomnias],DES
G47.2,Disorders of the sleep–wake schedule Delayed sleep phase syndrome Irregular sleep–wake pattern,DSS
G47.3,Sleep apnoea Sleep apnoea: • central • obstructive,SAS
G47.4,Narcolepsy and cataplexy,NC
G47.8,Other sleep disorders Kleine–Levin syndrome,SDK
G47.9,"Sleep disorder, unspecified",SD NOS
G50,Disorders of trigeminal nerve,DTN
G50.0,Trigeminal neuralgia Syndrome of paroxysmal facial pain Tic douloureux,TNS
G50.1,Atypical facial pain,AFP
G50.8,Other disorders of trigeminal nerve,DTN
G50.9,"Disorder of trigeminal nerve, unspecified",DTN NOS
G50–G59,"Nerve, nerve root and plexus disorders",NNR
G51,Facial nerve disorders,FND
G51.0,Bell’s palsy Facial palsy,BPF
G51.1,Geniculate ganglionitis,GG
G51.2,Melkersson syndrome Melkersson–Rosenthal syndrome,MSM
G51.3,Clonic hemifacial spasm,CHS
G51.4,Facial myokymia,FM
G51.8,Other disorders of facial nerve,DFN
G51.9,"Disorder of facial nerve, unspecified",DFN NOS
G52,Disorders of other cranial nerves,DCN
G52.0,Disorders of olfactory nerve Disorder of 1st cranial nerve,DON
G52.1,Disorders of glossopharyngeal nerve Disorder of 9th cranial nerve Glossopharyngeal neuralgia,DGN
G52.2,Disorders of vagus nerve Disorder of pneumogastric [10th] nerve,DVN
G52.3,Disorders of hypoglossal nerve Disorder of 12th cranial nerve,DHN
G52.7,Disorders of multiple cranial nerves Polyneuritis cranialis,DMC
G52.8,Disorders of other specified cranial nerves,DCN
G52.9,"Cranial nerve disorder, unspecified",CND NOS
G53*,Cranial nerve disorders in diseases classified elsewhere,CND
G53.0*,Postzoster neuralgia (B02.2†) Postherpetic: • geniculate ganglionitis • trigeminal neuralgia,PNP
G53.1*,Multiple cranial nerve palsies in infectious and parasitic diseases classified elsewhere (A00–B99†),MCN
G53.2*,Multiple cranial nerve palsies in sarcoidosis (D86.8†),MCN
G53.3*,Multiple cranial nerve palsies in neoplastic disease (C00–D48†),MCN
G53.8*,Other cranial nerve disorders in other diseases classified elsewhere,CND
G54,Nerve root and plexus disorders,NRP
G54.0,Brachial plexus disorders Thoracic outlet syndrome,BPD
G54.1,Lumbosacral plexus disorders,LPD
G54.2,"Cervical root disorders, not elsewhere classified",CRD
G54.3,"Thoracic root disorders, not elsewhere classified",TRD
G54.4,"Lumbosacral root disorders, not elsewhere classified",LRD
G54.5,Neuralgic amyotrophy Parsonage–Aldren–Turner syndrome Shoulder–girdle neuritis,NAP
G54.6,Phantom limb syndrome with pain,PLS
G54.7,Phantom limb syndrome without pain Phantom limb syndrome NOS,PLS NOS
G54.8,Other nerve root and plexus disorders,NRP
G54.9,"Nerve root and plexus disorder, unspecified",NRP NOS
G55*,Nerve root and plexus compressions in diseases classified elsewhere,NRP
G55.0*,Nerve root and plexus compressions in neoplastic disease (C00–D48†),NRP
G55.1*,Nerve root and plexus compressions in intervertebral disc disorders (M50–M51†),NRP
G55.2*,Nerve root and plexus compressions in spondylosis (M47.-†),NRP
G55.3*,"Nerve root and plexus compressions in other dorsopathies (M45–M46†, M48.-† , M53–M54†)",NRP
G55.8*,Nerve root and plexus compressions in other diseases classified elsewhere,NRP
G56,Mononeuropathies of upper limb,MUL
G56.0,Carpal tunnel syndrome,CTS
G56.1,Other lesions of median nerve,LMN
G56.2,Lesion of ulnar nerve Tardy ulnar nerve palsy,LUN
G56.3,Lesion of radial nerve,LRN
G56.4,Causalgia,CAUS
G56.8,Other mononeuropathies of upper limb Interdigital neuroma of upper limb,MUL
G56.9,"Mononeuropathy of upper limb, unspecified",MUL NOS
G57,Mononeuropathies of lower limb,MLL
G57.0,Lesion of sciatic nerve,LSN
G57.1,Meralgia paraesthetica Lateral cutaneous nerve of thigh syndrome,MPL
G57.2,Lesion of femoral nerve,LFN
G57.3,Lesion of lateral popliteal nerve Peroneal nerve palsy,LLP
G57.4,Lesion of medial popliteal nerve,LMP
G57.5,Tarsal tunnel syndrome,TTS
G57.6,Lesion of plantar nerve Morton metatarsalgia,LPN
G57.8,Other mononeuropathies of lower limb Interdigital neuroma of lower limb,MLL
G57.9,"Mononeuropathy of lower limb, unspecified",MLL NOS
G58,Other mononeuropathies,MONO
G58.0,Intercostal neuropathy,IN
G58.7,Mononeuritis multiplex,MM
G58.8,Other specified mononeuropathies,MONO
G58.9,"Mononeuropathy, unspecified",MONO NOS
G59*,Mononeuropathy in diseases classified elsewhere,MID
G59.0*,Diabetic mononeuropathy (E10–E14 with common fourth character .4†),DM
G59.8*,Other mononeuropathies in diseases classified elsewhere,MID
G60,Hereditary and idiopathic neuropathy,HIN
G60.0,"Hereditary motor and sensory neuropathy Disease: • Charcot–Marie–Tooth • Déjerine–Sottas Hereditary motor and sensory neuropathy, types I-IV Hypertrophic neuropathy of infancy Peroneal muscular atrophy (axonal type)(hypertrophic type) Roussy–Lévy syndrome",HMS
G60.1,Refsum disease,RD
G60.2,Neuropathy in association with hereditary ataxia,NIA
G60.3,Idiopathic progressive neuropathy,IPN
G60.8,Other hereditary and idiopathic neuropathies Morvan disease Nelaton syndrome Sensory neuropathy: • dominantly inherited • recessively inherited,HIN
G60.9,"Hereditary and idiopathic neuropathy, unspecified",HIN NOS
G60–G64,Polyneuropathies and other disorders of the peripheral nervous system,PDP
G61,Inflammatory polyneuropathy,IP
G61.0,Guillain–Barré syndrome Acute (post –)infective polyneuritis Miller–Fisher syndrome,GSA
G61.1,Serum neuropathy,SN
G61.8,Other inflammatory polyneuropathies,IP
G61.9,"Inflammatory polyneuropathy, unspecified",IP NOS
G62,Other polyneuropathies,POLY
G62.0,Drug-induced polyneuropathy,DP
G62.1,Alcoholic polyneuropathy,AP
G62.2,Polyneuropathy due to other toxic agents,PTA
G62.8,Other specified polyneuropathies Radiation-induced polyneuropathy,PRP
G62.9,"Polyneuropathy, unspecified Neuropathy NOS",PNN NOS
G63*,Polyneuropathy in diseases classified elsewhere,PID
G63.0*,"Polyneuropathy in infectious and parasitic diseases classified elsewhere Polyneuropathy (in): • diphtheria (A36.8†) • infectious mononucleosis (B27.-†) • leprosy (A30.-†) • Lyme disease (A69.2†) • mumps (B26.8†) • postherpetic (B02.2†) • syphilis, late (A52.1†) • congenital syphilis, late (A50.4†) • tuberculous (A17.8†)",PII
G63.1*,Polyneuropathy in neoplastic disease (C00–D48†),PIN
G63.2*,Diabetic polyneuropathy (E10–E14 with common fourth character .4†),DP
G63.3*,"Polyneuropathy in other endocrine and metabolic diseases (E00–E07†, E15–E16†, E20–E34†, E70–E89†)",PIE
G63.4*,Polyneuropathy in nutritional deficiency (E40–E64†),PIN
G63.5*,Polyneuropathy in systemic connective tissue disorders (M30–M35†),PIS
G63.6*,"Polyneuropathy in other musculoskeletal disorders (M00–M25†, M40–M96†)",PIM
G63.8*,Polyneuropathy in other diseases classified elsewhere Uraemic neuropathy (N18.5†),PID
G64,Other disorders of peripheral nervous system,DPN
G70,Myasthenia gravis and other myoneural disorders,MGM
G70.0,Myasthenia gravis,MG
G70.1,Toxic myoneural disorders,TMD
G70.2,Congenital and developmental myasthenia,CDM
G70.8,Other specified myoneural disorders,MD
G70.9,"Myoneural disorder, unspecified",MD NOS
G70–G73,Diseases of myoneural junction and muscle,DMJ
G71,Primary disorders of muscles,PDM
G71.0,"Muscular dystrophy Muscular dystrophy: • autosomal recessive, childhood type, resembling Duchenne or Becker • benign [Becker] • benign scapuloperoneal with early contractures [Emery–Dreifuss] • distal • facioscapulohumeral • limb-girdle • ocular • oculopharyngeal • scapuloperoneal • severe [Duchenne]",MDM
G71.1,Myotonic disorders Dystrophia myotonica [Steinert] Myotonia: • chondrodystrophic • drug-induced • symptomatic Myotonia congenita: • NOS • dominant [Thomsen] • recessive [Becker] Neuromyotonia [Isaacs] Paramyotonia congenita Pseudomyotonia,MDD NOS
G71.2,Congenital myopathies Congenital muscular dystrophy: • NOS • with specific morphological abnormalities of the muscle fibre Disease: • central core • minicore • multicore Fibre-type disproportion Myopathy: • myotubular (centronuclear) • nemaline,CMC NOS
G71.3,"Mitochondrial myopathy, not elsewhere classified",MMN
G71.8,Other primary disorders of muscles,PDM
G71.9,"Primary disorder of muscle, unspecified Hereditary myopathy NOS",PDM NOS
G71–G72,muscular dystrophies and myopathies myopathy in: • amyloidosis (E85.-) • polyarteritis nodosa (M30.0) • rheumatoid arthritis (M05.3) • scleroderma (M34.-) • Sjögren syndrome (M35.0) • systemic lupus erythematosus (M32.-),MDM
G72,Other myopathies,MYOP
G72.0,Drug-induced myopathy,DM
G72.1,Alcoholic myopathy,AM
G72.2,Myopathy due to other toxic agents,MTA
G72.3,Periodic paralysis Periodic paralysis (familial): • hyperkalaemic • hypokalaemic • myotonic • normokalaemic,PPP
G72.4,"Inflammatory myopathy, not elsewhere classified",IMN
G72.8,Other specified myopathies,MYOP
G72.9,"Myopathy, unspecified",MYOP NOS
G73*,Disorders of myoneural junction and muscle in diseases classified elsewhere,DMJ
G73.0*,Myasthenic syndromes in endocrine diseases Myasthenic syndromes in: • diabetic amyotrophy (E10–E14 with common fourth character .4†) • thyrotoxicosis [hyperthyroidism] (E05.-†),MSI
G73.1*,Lambert–Eaton syndrome (C00–D48†),LS
G73.2*,Other myasthenic syndromes in neoplastic disease (C00–D48†),MSI
G73.3*,Myasthenic syndromes in other diseases classified elsewhere,MSI
G73.4*,Myopathy in infectious and parasitic diseases classified elsewhere,MII
G73.5*,Myopathy in endocrine diseases Myopathy in: • hyperparathyroidism (E21.0–E21.3†) • hypoparathyroidism (E20.-†) Thyrotoxic myopathy (E05.-†),MIE
G73.6*,Myopathy in metabolic diseases Myopathy in: • glycogen storage disease (E74.0†) • lipid storage disorders (E75.-†),MIM
G73.7*,Myopathy in other diseases classified elsewhere Myopathy in: • rheumatoid arthritis (M05–M06†) • scleroderma (M34.8†) • sicca syndrome [Sjögren] (M35.0†) • systemic lupus erythematosus (M32.1†),MID
G80,Cerebral palsy,CP
G80.0,Spastic quadriplegic cerebral palsy Spastic tetraplegic cerebral palsy,SQC
G80.1,Spastic diplegic cerebral palsy Congenital spastic paralysis (cerebral) Spastic cerebral palsy NOS,SDC NOS
G80.2,Spastic hemiplegic cerebral palsy,SHC
G80.3,Dyskinetic cerebral palsy Athetoid cerebral palsy Dystonic cerebral palsy,DCP
G80.4,Ataxic cerebral palsy,ACP
G80.8,Other cerebral palsy Mixed cerebral palsy syndromes,CPM
G80.9,"Cerebral palsy, unspecified Cerebral palsy NOS",CPC NOS
G80–G83,Cerebral palsy and other paralytic syndromes,CPP
G81,Hemiplegia,HEMI
G81.0,Flaccid hemiplegia,FH
G81.1,Spastic hemiplegia,SH
G81.9,"Hemiplegia, unspecified",HEMI NOS
G82,Paraplegia and tetraplegia,PT
G82.0,Flaccid paraplegia,FP
G82.1,Spastic paraplegia,SP
G82.2,"Paraplegia, unspecified Paralysis of both lower limbs NOS Paraplegia (lower) NOS",PPB NOS
G82.3,Flaccid tetraplegia,FT
G82.4,Spastic tetraplegia,ST
G82.5,"Tetraplegia, unspecified Quadriplegia NOS",TQN NOS
G83,Other paralytic syndromes,PS
G83.0,Diplegia of upper limbs Diplegia (upper) Paralysis of both upper limbs,DUL
G83.1,Monoplegia of lower limb Paralysis of lower limb,MLL
G83.2,Monoplegia of upper limb Paralysis of upper limb,MUL
G83.3,"Monoplegia, unspecified",MONO NOS
G83.4,Cauda equina syndrome Neurogenic bladder due to cauda equina syndrome,CES
G83.5,Locked-in syndrome,LS
G83.8,Other specified paralytic syndromes Todd paralysis (postepileptic),PST
G83.9,"Paralytic syndrome, unspecified",PS NOS
G90,Disorders of autonomic nervous system,DAN
G90.0,Idiopathic peripheral autonomic neuropathy Carotid sinus syncope,IPA
G90.1,Familial dysautonomia [Riley–Day],FD
G90.2,Horner syndrome Bernard(–Horner) syndrome,HSB
G90.4,Autonomic dysreflexia,AD
G90.8,Other disorders of autonomic nervous system,DAN
G90.9,"Disorder of autonomic nervous system, unspecified",DAN NOS
G90–G99,Other disorders of the nervous system Asterisk categories for this chapter are provided as follows:,DNS
G91,Hydrocephalus,HYDR
G91.0,Communicating hydrocephalus,CH
G91.1,Obstructive hydrocephalus,OH
G91.2,Normal-pressure hydrocephalus,NH
G91.3,"Post-traumatic hydrocephalus, unspecified",PH NOS
G91.8,Other hydrocephalus,HYDR
G91.9,"Hydrocephalus, unspecified",HYDR NOS
G92,Toxic encephalopathy,TE
G93,Other disorders of brain,DB
G93.0,"Cerebral cysts Arachnoid cyst Porencephalic cyst, acquired",CCA
G93.1,"Anoxic brain damage, not elsewhere classified",ABD
G93.2,Benign intracranial hypertension,HTN
G93.3,Postviral fatigue syndrome Benign myalgic encephalomyelitis,PFS
G93.4,"Encephalopathy, unspecified",ENCE NOS
G93.5,Compression of brain Compression of brain (stem) Herniation,CBC
G93.6,Cerebral oedema,CO
G93.7,Reye syndrome,RS
G93.8,Other specified disorders of brain Postradiation encephalopathy,DBP
G93.9,"Disorder of brain, unspecified",DB NOS
G94*,Other disorders of brain in diseases classified elsewhere,DBI
G94.0*,Hydrocephalus in infectious and parasitic diseases classified elsewhere (A00–B99†),HII
G94.1*,Hydrocephalus in neoplastic disease (C00–D48†),HIN
G94.2*,Hydrocephalus in other diseases classified elsewhere,HID
G94.8*,Other specified disorders of brain in diseases classified elsewhere,DBI
G95,Other diseases of spinal cord,DSC
G95.0,Syringomyelia and syringobulbia,SS
G95.1,Vascular myelopathies Acute infarction of spinal cord (embolic)(nonembolic) Arterial thrombosis of spinal cord Haematomyelia Nonpyogenic intraspinal phlebitis and thrombophlebitis Oedema of spinal cord Subacute necrotic myelopathy,VMA
G95.2,"Cord compression, unspecified",CC NOS
G95.8,Other specified diseases of spinal cord Cord bladder NOS Myelopathy: • drug-induced • radiation-induced,DSC NOS
G95.9,"Disease of spinal cord, unspecified Myelopathy NOS",DSC NOS
G96,Other disorders of central nervous system,DCN
G96.0,Cerebrospinal fluid leak,CFL
G96.1,"Disorders of meninges, not elsewhere classified Meningeal adhesions (cerebral)(spinal)",DMN
G96.8,Other specified disorders of central nervous system,DCN
G96.9,"Disorder of central nervous system, unspecified",DCN NOS
G97,"Postprocedural disorders of nervous system, not elsewhere classified",PDN
G97.0,Cerebrospinal fluid leak from spinal puncture,CFL
G97.1,Other reaction to spinal and lumbar puncture,RSL
G97.2,Intracranial hypotension following ventricular shunting,IHF
G97.8,Other postprocedural disorders of nervous system,PDN
G97.9,"Postprocedural disorder of nervous system, unspecified",PDN NOS
G98,"Other disorders of nervous system, not elsewhere classified",DNS
G99*,Other disorders of nervous system in diseases classified elsewhere,DNS
G99.0*,Autonomic neuropathy in endocrine and metabolic diseases Amyloid autonomic neuropathy (E85.-†) Diabetic autonomic neuropathy (E10–E14 with common fourth character .4†),ANI
G99.1*,Other disorders of autonomic nervous system in other diseases classified elsewhere,DAN
G99.2*,"Myelopathy in diseases classified elsewhere Anterior spinal and vertebral artery compression syndromes (M47.0†) Myelopathy in: • intervertebral disc disorders (M50.0† , M51.0†) • neoplastic disease (C00–D48†) • spondylosis (M47.-†)",MID
G99.8*,Other specified disorders of nervous system in diseases classified elsewhere Uraemic paralysis (N18.5†),DNS
H00,Hordeolum and chalazion,HC
H00.0,Hordeolum and other deep inflammation of eyelid Abscess Furuncle of eyelid Stye,HDI
H00.1,Chalazion,CHAL
H00–H06,"Disorders of eyelid, lacrimal system and orbit",DEL
H01,Other inflammation of eyelid,IE
H01.0,Blepharitis,BLEP
H01.1,Noninfectious dermatoses of eyelid Dermatitis: • allergic • contact of eyelid • eczematous Discoid lupus erythematosus Xeroderma,NDE
H01.8,Other specified inflammation of eyelid,IE
H01.9,"Inflammation of eyelid, unspecified",IE NOS
H02,Other disorders of eyelid,DE
H02.0,Entropion and trichiasis of eyelid,ETE
H02.1,Ectropion of eyelid,EE
H02.2,Lagophthalmos,LAGO
H02.3,Blepharochalasis,BLEP
H02.4,Ptosis of eyelid,PE
H02.5,Other disorders affecting eyelid function Ankyloblepharon Blepharophimosis Lid retraction,DAE
H02.6,Xanthelasma of eyelid,XE
H02.7,Other degenerative disorders of eyelid and periocular area Chloasma Madarosis of eyelid Vitiligo,DDE
H02.8,Other specified disorders of eyelid Hypertrichosis of eyelid Retained foreign body in eyelid,DEH
H02.9,"Disorder of eyelid, unspecified",DE NOS
H03*,Disorders of eyelid in diseases classified elsewhere,DEI
H03.0*,Parasitic infestation of eyelid in diseases classified elsewhere Dermatitis of eyelid due to Demodex species (B88.0†) Parasitic infestation of eyelid in: • leishmaniasis (B55.-†) • loiasis (B74.3†) • onchocerciasis (B73†) • phthiriasis (B85.3†),PIE
H03.1*,Involvement of eyelid in other infectious diseases classified elsewhere Involvement of eyelid in: • herpesviral [herpes simplex] infection (B00.5†) • leprosy (A30.-†) • molluscum contagiosum (B08.1†) • tuberculosis (A18.4†) • yaws (A66.-†) • zoster (B02.3†),TB
H03.8*,Involvement of eyelid in other diseases classified elsewhere Involvement of eyelid in impetigo (L01.0†),IEI
H04,Disorders of lacrimal system,DLS
H04.0,Dacryoadenitis Chronic enlargement of lacrimal gland,DCE
H04.1,Other disorders of lacrimal gland Dacryops Dry eye syndrome Lacrimal: • cyst • gland atrophy,DLG
H04.2,Epiphora,EPIP
H04.3,"Acute and unspecified inflammation of lacrimal passages Dacryocystitis (phlegmonous) Dacryopericystitis acute, subacute or unspecified Lacrimal canaliculitis",AIL NOS
H04.4,Chronic inflammation of lacrimal passages Dacryocystitis Lacrimal: chronic • canaliculitis • mucocele,CIL
H04.5,Stenosis and insufficiency of lacrimal passages Dacryolith Eversion of lacrimal punctum Stenosis of lacrimal: • canaliculi • duct • sac,SIL NOS
H04.6,Other changes in lacrimal passages Lacrimal fistula,CIL
H04.8,Other disorders of lacrimal system,DLS
H04.9,"Disorder of lacrimal system, unspecified",DLS NOS
H05,Disorders of orbit,DO
H05.0,Acute inflammation of orbit Abscess Cellulitis Osteomyelitis of orbit Periostitis Tenonitis,AIO
H05.1,Chronic inflammatory disorders of orbit Granuloma of orbit,CID
H05.2,Exophthalmic conditions Displacement of globe (lateral) NOS Haemorrhage of orbit Oedema,ECD NOS
H05.3,Deformity of orbit Atrophy of orbit Exostosis,DOA
H05.4,Enophthalmos,ENOP
H05.5,Retained (old) foreign body following penetrating wound of orbit Retrobulbar foreign body,RFB
H05.8,Other disorders of orbit Cyst of orbit,DOC
H05.9,"Disorder of orbit, unspecified",DO NOS
H06*,Disorders of lacrimal system and orbit in diseases classified elsewhere,DLS
H06.0*,Disorders of lacrimal system in diseases classified elsewhere,DLS
H06.1*,Parasitic infestation of orbit in diseases classified elsewhere Echinococcus infection of orbit (B67.-†) Myiasis of orbit (B87.2†),PIO
H06.2*,Dysthyroid exophthalmos (E05.-†),DE
H06.3*,Other disorders of orbit in diseases classified elsewhere Disorders of conjunctiva (H10–H13),DOI
H10,Conjunctivitis,CONJ
H10.0,Mucopurulent conjunctivitis,MC
H10.1,Acute atopic conjunctivitis,AAC
H10.2,Other acute conjunctivitis,AC
H10.3,"Acute conjunctivitis, unspecified",AC NOS
H10.4,Chronic conjunctivitis,CC
H10.5,Blepharoconjunctivitis,BLEP
H10.8,Other conjunctivitis,CONJ
H10.9,"Conjunctivitis, unspecified",CONJ NOS
H10–H13,Disorders of conjunctiva,DC
H11,Other disorders of conjunctiva,DC
H11.0,Pterygium,PTER
H11.1,Conjunctival degenerations and deposits Conjunctival: • argyrosis [argyria] • concretions • pigmentation • xerosis NOS,CDD NOS
H11.2,Conjunctival scars Symblepharon,CSS
H11.3,Conjunctival haemorrhage Subconjunctival haemorrhage,CHS
H11.4,Other conjunctival vascular disorders and cysts Conjunctival: • aneurysm • hyperaemia • oedema,CVD
H11.8,Other specified disorders of conjunctiva Pseudopterygium,DCP
H11.9,"Disorder of conjunctiva, unspecified",DC NOS
H13*,Disorders of conjunctiva in diseases classified elsewhere,DCI
H13.0*,Filarial infection of conjunctiva (B74.-†),FIC
H13.1*,Conjunctivitis in infectious and parasitic diseases classified elsewhere Conjunctivitis (due to): • Acanthamoeba (B60.1†) • adenoviral follicular (acute) (B30.1†) • chlamydial (A74.0†) • diphtheritic (A36.8†) • gonococcal (A54.3†) • haemorrhagic (acute)(epidemic) (B30.3†) • herpesviral [herpes simplex] (B00.5†) • meningococcal (A39.8†) • Newcastle (B30.8†) • zoster (B02.3†),CII
H13.2*,Conjunctivitis in other diseases classified elsewhere,CID
H13.3*,Ocular pemphigoid (L12.-†),OP
H13.8*,"Other disorders of conjunctiva in diseases classified elsewhere Disorders of sclera, cornea, iris and ciliary body (H15–H22)",DCI
H15,Disorders of sclera,DS
H15.0,Scleritis,SCLE
H15.1,Episcleritis,EPIS
H15.8,Other disorders of sclera Equatorial staphyloma Scleral ectasia,DSE
H15.9,"Disorder of sclera, unspecified",DS NOS
H15–H22,"Disorders of sclera, cornea, iris and ciliary body",DSC
H16,Keratitis,KERA
H16.0,Corneal ulcer Ulcer: • corneal: – NOS – central – marginal – perforated – ring – with hypopyon • Mooren,CUU NOS
H16.1,Other superficial keratitis without conjunctivitis Keratitis: • areolar • filamentary • nummular • stellate • striate • superficial punctate Photokeratitis Snow blindness,SKW
H16.2,Keratoconjunctivitis Keratoconjunctivitis: • NOS • exposure • neurotrophic • phlyctenular Ophthalmia nodosa Superficial keratitis with conjunctivitis,KK• NOS
H16.3,Interstitial and deep keratitis,IDK
H16.4,Corneal neovascularization Ghost vessels (corneal) Pannus (corneal),CNG
H16.8,Other keratitis,KERA
H16.9,"Keratitis, unspecified",KERA NOS
H17,Corneal scars and opacities,CSO
H17.0,Adherent leukoma,AL
H17.1,Other central corneal opacity,CCO
H17.8,Other corneal scars and opacities,CSO
H17.9,"Corneal scar and opacity, unspecified",CSO NOS
H18,Other disorders of cornea,DC
H18.0,Corneal pigmentations and deposits Haematocornea Kayser–Fleischer ring Krukenberg spindle Staehli line,CPD
H18.1,Bullous keratopathy,BK
H18.2,Other corneal oedema,CO
H18.3,Changes in corneal membranes Fold in Descemet’s membrane Rupture,CIC
H18.4,Corneal degeneration Arcus senilis Band keratopathy,CDA
H18.5,Hereditary corneal dystrophies Dystrophy: • corneal: – epithelial – granular – lattice – macular • Fuchs,HCD
H18.6,Keratoconus,KERA
H18.7,Other corneal deformities Corneal: • ectasia • staphyloma Descemetocele,CDC
H18.8,Other specified disorders of cornea Anaesthesia Hypaesthesia of cornea Recurrent erosion,DCA
H18.9,"Disorder of cornea, unspecified",DC NOS
H19*,Disorders of sclera and cornea in diseases classified elsewhere,DSC
H19.0*,Scleritis and episcleritis in diseases classified elsewhere Syphilitic episcleritis (A52.7†) Tuberculous episcleritis (A18.5†) Zoster scleritis (B02.3†),SEI
H19.1*,Herpesviral keratitis and keratoconjunctivitis (B00.5†) Dendritic and disciform keratitis,HKK
H19.2*,Keratitis and keratoconjunctivitis in other infectious and parasitic diseases classified elsewhere Epidemic keratoconjunctivitis (B30.0†) Keratitis and keratoconjunctivitis (interstitial) in: • acanthamoebiasis (B60.1†) • measles (B05.8†) • syphilis (A50.3†) • tuberculosis (A18.5†) • zoster (B02.3†),TB
H19.3*,Keratitis and keratoconjunctivitis in other diseases classified elsewhere Keratoconjunctivitis sicca (M35.0†),KKI
H19.8*,Other disorders of sclera and cornea in diseases classified elsewhere Keratoconus in Down syndrome (Q90.-†),DSC
H20,Iridocyclitis,IRID
H20.0,"Acute and subacute iridocyclitis Anterior uveitis Cyclitis acute, recurrent or subacute of cornea Iritis",ASI
H20.1,Chronic iridocyclitis,CI
H20.2,Lens-induced iridocyclitis,LI
H20.8,Other iridocyclitis,IRID
H20.9,"Iridocyclitis, unspecified",IRID NOS
H21,Other disorders of iris and ciliary body,DIC
H21.0,Hyphaema,HYPH
H21.1,Other vascular disorders of iris and ciliary body Neovascularization of iris or ciliary body Rubeosis of iris,VDI
H21.2,Degeneration of iris and ciliary body Degeneration of: • iris (pigmentary) • pupillary margin Iridoschisis Iris atrophy (essential)(progressive) Miotic pupillary cyst Translucency of iris,DIC
H21.3,"Cyst of iris, ciliary body and anterior chamber Cyst of iris, ciliary body or anterior chamber: • NOS • exudative • implantation • parasitic",CIC NOS
H21.4,Pupillary membranes Iris bombé Pupillary: • occlusion • seclusion,PMI
H21.5,"Other adhesions and disruptions of iris and ciliary body Goniosynechiae Iridodialysis Recession, chamber angle Synechiae (iris): • NOS • anterior • posterior",ADI NOS
H21.8,Other specified disorders of iris and ciliary body,DIC
H21.9,"Disorder of iris and ciliary body, unspecified",DIC NOS
H22*,Disorders of iris and ciliary body in diseases classified elsewhere,DIC
H22.0*,Iridocyclitis in infectious and parasitic diseases classified elsewhere Iridocyclitis in: • gonococcal infection (A54.3†) • herpesviral [herpes simplex] infection (B00.5†) • syphilis (secondary) (A51.4†) • tuberculosis (A18.5†) • zoster (B02.3†),TB
H22.1*,Iridocyclitis in other diseases classified elsewhere Iridocyclitis in: • ankylosing spondylitis (M45†) • sarcoidosis (D86.8†),IID
H22.8*,Other disorders of iris and ciliary body in diseases classified elsewhere Disorders of lens (H25–H28),DIC
H25,Senile cataract,SC
H25.0,Senile incipient cataract Senile cataract: • coronary • cortical • punctate Subcapsular polar senile cataract (anterior)(posterior) Water clefts,SIC
H25.1,Senile nuclear cataract Cataracta brunescens Nuclear sclerosis cataract,SNC
H25.2,"Senile cataract, morgagnian type Senile hypermature cataract",SCM
H25.8,Other senile cataract Combined forms of senile cataract,SCC
H25.9,"Senile cataract, unspecified",SC NOS
H25–H28,Disorders of lens,DL
H26,Other cataract,CATA
H26.0,"Infantile, juvenile and presenile cataract",IJP
H26.1,Traumatic cataract,TC
H26.2,Complicated cataract • Cataract in chronic iridocyclitis • Cataract secondary to ocular disorders • Glaucomatous flecks (subcapsular),CC•
H26.3,Drug-induced cataract,DC
H26.4,After-cataract • Secondary cataract • Soemmerring ring,A•S
H26.8,Other specified cataract,CATA
H26.9,"Cataract, unspecified",CATA NOS
H27,Other disorders of lens,DL
H27.0,Aphakia,APHA
H27.1,Dislocation of lens,DL
H27.8,Other specified disorders of lens,DL
H27.9,"Disorder of lens, unspecified",DL NOS
H28*,Cataract and other disorders of lens in diseases classified elsewhere,CDL
H28.0*,Diabetic cataract (E10–E14 with common fourth character .3†),DC
H28.1*,"Cataract in other endocrine, nutritional and metabolic diseases Cataract in hypoparathyroidism (E20.-†) Malnutrition–dehydration cataract (E40–E46†)",CIE
H28.2*,Cataract in other diseases classified elsewhere Myotonic cataract (G71.1†),CID
H28.8*,Other disorders of lens in diseases classified elsewhere,DLI
H30,Chorioretinal inflammation,CI
H30.0,Focal chorioretinal inflammation Focal: • chorioretinitis • choroiditis • retinitis • retinochoroiditis,FCI
H30.1,Disseminated chorioretinal inflammation Disseminated: • chorioretinitis • choroiditis • retinitis • retinochoroiditis,DCI
H30.2,Posterior cyclitis Pars planitis,PCP
H30.8,Other chorioretinal inflammations Harada disease,CIH
H30.9,"Chorioretinal inflammation, unspecified Chorioretinitis Choroiditis NOS Retinitis Retinochoroiditis",CIC NOS
H30–H36,Disorders of choroid and retina,DCR
H31,Other disorders of choroid,DC
H31.0,Chorioretinal scars Macula scars of posterior pole (postinflammatory)(post-traumatic) Solar retinopathy,CSM
H31.1,Choroidal degeneration Atrophy of choroid Sclerosis,CDA
H31.2,"Hereditary choroidal dystrophy Choroideremia Dystrophy, choroidal (central areolar)(generalized)(peripapillary) Gyrate atrophy, choroid",HCD
H31.3,Choroidal haemorrhage and rupture Choroidal haemorrhage: • NOS • expulsive,CHR NOS
H31.4,Choroidal detachment,CD
H31.8,Other specified disorders of choroid Choroidal neovascularization,DCC
H31.9,"Disorder of choroid, unspecified",DC NOS
H32*,Chorioretinal disorders in diseases classified elsewhere,CDI
H32.0*,"Chorioretinal inflammation in infectious and parasitic diseases classified elsewhere Chorioretinitis: • syphilitic, late (A52.7†) • toxoplasma (B58.0†) • tuberculous (A18.5†)",CII
H32.8*,Other chorioretinal disorders in diseases classified elsewhere Albuminuric retinitis (N18.5†) Renal retinitis (N18.5†),CDI
H33,Retinal detachments and breaks,RDB
H33.0,Retinal detachment with retinal break Rhegmatogenous retinal detachment,RDR
H33.1,Retinoschisis and retinal cysts Cyst of ora serrata Parasitic cyst of retina NOS Pseudocyst of retina,RRC NOS
H33.2,Serous retinal detachment Retinal detachment: • NOS • without retinal break,SRD NOS
H33.3,"Retinal breaks without detachment Horseshoe tear of retina, without detachment Round hole Operculum Retinal break NOS",RBW NOS
H33.4,Traction detachment of retina Proliferative vitreo-retinopathy with retinal detachment,TDR
H33.5,Other retinal detachments,RD
H34,Retinal vascular occlusions,RVO
H34.0,Transient retinal artery occlusion,TRA
H34.1,Central retinal artery occlusion,CRA
H34.2,Other retinal artery occlusions Hollenhorst’s plaque Retinal: • artery occlusion: – branch – partial • microembolism,RAO
H34.8,Other retinal vascular occlusions Retinal vein occlusion: • central • incipient • partial • tributary,RVO
H34.9,"Retinal vascular occlusion, unspecified",RVO NOS
H35,Other retinal disorders,RD
H35.0,Background retinopathy and retinal vascular changes Changes in retinal vascular appearance Retinal: • micro-aneurysms • neovascularization • perivasculitis • varices • vascular sheathing • vasculitis Retinopathy: • NOS • background NOS • Coats • exudative • hypertensive,BRR NOS
H35.1,Retinopathy of prematurity Retrolental fibroplasia,RPR
H35.2,Other proliferative retinopathy Proliferative vitreo-retinopathy,PRP
H35.3,Degeneration of macula and posterior pole Angioid streaks Cyst Drusen (degenerative) of macula Hole Puckering Kuhnt–Junius degeneration Senile macular degeneration (atrophic)(exudative) Toxic maculopathy,DMP
H35.4,"Peripheral retinal degeneration Degeneration, retina: • NOS • lattice • microcystoid • palisade • paving stone • reticular",PRD NOS
H35.5,Hereditary retinal dystrophy Dystrophy: • retinal (albipunctate)(pigmentary)(vitelliform) • tapetoretinal • vitreoretinal Retinitis pigmentosa Stargardt’s disease,HRD
H35.6,Retinal haemorrhage,RH
H35.7,Separation of retinal layers Central serous chorioretinopathy Detachment of retinal pigment epithelium,SRL
H35.8,Other specified retinal disorders,RD
H35.9,"Retinal disorder, unspecified",RD NOS
H36*,Retinal disorders in diseases classified elsewhere,RDI
H36.0*,Diabetic retinopathy (E10–E14 with common fourth character .3†),DR
H36.8*,Other retinal disorders in diseases classified elsewhere Atherosclerotic retinopathy (I70.8†) Proliferative sickle-cell retinopathy (D57.-†) Retinal dystrophy in lipid storage disorders (E75.-†),RDI
H40,Glaucoma,GLAU
H40.0,Glaucoma suspect Ocular hypertension,HTN
H40.1,Primary open-angle glaucoma Glaucoma (primary)(residual stage): • capsular with pseudoexfoliation of lens • chronic simple • low-tension • pigmentary,POG
H40.2,Primary angle-closure glaucoma Angle-closure glaucoma (primary)(residual stage): • acute • chronic • intermittent,PAG
H40.3,Glaucoma secondary to eye trauma,GSE
H40.4,Glaucoma secondary to eye inflammation,GSE
H40.5,Glaucoma secondary to other eye disorders,GSE
H40.6,Glaucoma secondary to drugs,GSD
H40.8,Other glaucoma,GLAU
H40.9,"Glaucoma, unspecified",GLAU NOS
H40–H42,Glaucoma,GLAU
H42*,Glaucoma in diseases classified elsewhere,GID
H42.0*,"Glaucoma in endocrine, nutritional and metabolic diseases Glaucoma in: • amyloidosis (E85.-†) • Lowe syndrome (E72.0†)",GIE
H42.8*,Glaucoma in other diseases classified elsewhere Glaucoma in onchocerciasis (B73†),GID
H43,Disorders of vitreous body,DVB
H43.0,Vitreous prolapse,VP
H43.1,Vitreous haemorrhage,VH
H43.2,Crystalline deposits in vitreous body,CDI
H43.3,Other vitreous opacities Vitreous membranes and strands,VOV
H43.8,Other disorders of vitreous body Vitreous: • degeneration • detachment,DVB
H43.9,"Disorder of vitreous body, unspecified",DVB NOS
H43–H45,Disorders of vitreous body and globe,DVB
H44,Disorders of globe,DG
H44.0,Purulent endophthalmitis Panophthalmitis Vitreous abscess,PEP
H44.1,Other endophthalmitis Parasitic endophthalmitis NOS Sympathetic uveitis,EPE NOS
H44.2,Degenerative myopia,DM
H44.3,Other degenerative disorders of globe Chalcosis Siderosis of eye,DDG
H44.4,Hypotony of eye,HE
H44.5,Degenerated conditions of globe Absolute glaucoma Atrophy of globe Phthisis bulbi,DCG
H44.6,"Retained (old) intraocular foreign body, magnetic Retained (old) magnetic foreign body (in): • anterior chamber • ciliary body • iris • lens • posterior wall of globe • vitreous body",RIF
H44.7,"Retained (old) intraocular foreign body, nonmagnetic Retained (nonmagnetic)(old) foreign body (in): • anterior chamber • ciliary body • iris • lens • posterior wall of globe • vitreous body",RIF
H44.8,Other disorders of globe Haemophthalmos Luxation of globe,DGH
H44.9,"Disorder of globe, unspecified",DG NOS
H45*,Disorders of vitreous body and globe in diseases classified elsewhere,DVB
H45.0*,Vitreous haemorrhage in diseases classified elsewhere,VHI
H45.1*,Endophthalmitis in diseases classified elsewhere Endophthalmitis in: • cysticercosis (B69.1†) • onchocerciasis (B73†) • toxocariasis (B83.0†),EID
H45.8*,Other disorders of vitreous body and globe in diseases classified elsewhere,DVB
H46,Optic neuritis,ON
H46–H48,Disorders of optic nerve and visual pathways,DON
H47,Other disorders of optic [2nd] nerve and visual pathways,DON
H47.0,"Disorders of optic nerve, not elsewhere classified Compression of optic nerve Haemorrhage in optic nerve sheath Ischaemic optic neuropathy",DON
H47.1,"Papilloedema, unspecified",PAPI NOS
H47.2,Optic atrophy Temporal pallor of optic disc,OAT
H47.3,Other disorders of optic disc Drusen of optic disc Pseudopapilloedema,DOD
H47.4,Disorders of optic chiasm,DOC
H47.5,"Disorders of other visual pathways Disorders of optic tracts, geniculate nuclei and optic radiations",DVP
H47.6,Disorders of visual cortex,DVC
H47.7,"Disorder of visual pathways, unspecified",DVP NOS
H48*,Disorders of optic [2nd] nerve and visual pathways in diseases classified elsewhere,DON
H48.0*,Optic atrophy in diseases classified elsewhere Optic atrophy in late syphilis (A52.1†),OAI
H48.1*,Retrobulbar neuritis in diseases classified elsewhere Retrobulbar neuritis in: • late syphilis (A52.1†) • meningococcal infection (A39.8†) • multiple sclerosis (G35†),RNI
H48.8*,Other disorders of optic nerve and visual pathways in diseases classified elsewhere,DON
H49,Paralytic strabismus,PS
H49.0,Third [oculomotor] nerve palsy,TNP
H49.1,Fourth [trochlear] nerve palsy,FNP
H49.2,Sixth [abducent] nerve palsy,SNP
H49.3,Total (external) ophthalmoplegia,TO
H49.4,Progressive external ophthalmoplegia,PEO
H49.8,Other paralytic strabismus External ophthalmoplegia NOS Kearns–Sayre syndrome,PSE NOS
H49.9,"Paralytic strabismus, unspecified",PS NOS
H49–H52,"Disorders of ocular muscles, binocular movement, accommodation and refraction",DOM
H50,Other strabismus,STRA
H50.0,"Convergent concomitant strabismus Esotropia (alternating)(monocular), except intermittent",CCS
H50.1,"Divergent concomitant strabismus Exotropia (alternating)(monocular), except intermittent",DCS
H50.2,Vertical strabismus Hypertropia Hypotropia,VSH
H50.3,Intermittent heterotropia Intermittent: • esotropia (alternating)(monocular) • exotropia,IHI
H50.4,Other and unspecified heterotropia Concomitant strabismus NOS Cyclotropia Microtropia Monofixation syndrome,HCS NOS
H50.5,Heterophoria Alternating hyperphoria Esophoria Exophoria,HAH
H50.6,Mechanical strabismus Brown’s sheath syndrome Strabismus due to adhesions Traumatic limitation of duction of eye muscle,MSB
H50.8,Other specified strabismus Duane syndrome,SDS
H50.9,"Strabismus, unspecified",STRA NOS
H51,Other disorders of binocular movement,DBM
H51.0,Palsy of conjugate gaze,PCG
H51.1,Convergence insufficiency and excess,CIE
H51.2,Internuclear ophthalmoplegia,IO
H51.8,Other specified disorders of binocular movement,DBM
H51.9,"Disorder of binocular movement, unspecified",DBM NOS
H52,Disorders of refraction and accommodation,DRA
H52.0,Hypermetropia,HYPE
H52.1,Myopia,MYOP
H52.2,Astigmatism,ASTI
H52.3,Anisometropia and aniseikonia,AA
H52.4,Presbyopia,PRES
H52.5,Disorders of accommodation Internal ophthalmoplegia (complete)(total) Paresis of accommodation Spasm,DAI
H52.6,Other disorders of refraction,DR
H52.7,"Disorder of refraction, unspecified",DR NOS
H53,Visual disturbances,VD
H53.0,Amblyopia ex anopsia Amblyopia: • anisometropic • deprivation • strabismic,AEA
H53.1,Subjective visual disturbances Asthenopia Day blindness Hemeralopia Metamorphopsia Photophobia Scintillating scotoma Sudden visual loss Visual halos,SVD
H53.2,Diplopia Double vision,DDV
H53.3,Other disorders of binocular vision Abnormal retinal correspondence Fusion with defective stereopsis Simultaneous visual perception without fusion Suppression of binocular vision,DBV
H53.4,Visual field defects Enlarged blind spot Generalized contraction of visual field Hemianop(s)ia (heteronymous)(homonymous) Quadrant anop(s)ia Scotoma: • arcuate • Bjerrum • central • ring,VFD
H53.5,Colour vision deficiencies Achromatopsia Acquired colour vision deficiency Colour blindness Deuteranomaly Deuteranopia Protanomaly Protanopia Tritanomaly Tritanopia,CVD
H53.6,Night blindness,NB
H53.8,Other visual disturbances,VD
H53.9,"Visual disturbance, unspecified",VD NOS
H53–H54,Visual disturbances and blindness,VDB
H54,Visual impairment including blindness (binocular or monocular),VII
H54.0,"Blindness, binocular Visual impairment categories 3,4,5 in both eyes",BBV
H54.1,"Severe visual impairment, binocular Visual impairment category 2",SVI
H54.2,"Moderate visual impairment, binocular Visual impairment category 1",MVI
H54.3,"Mild or no visual impairment, binocular Visual impairment category 0",MON
H54.4,"Blindness, monocular Visual impairment categories 3, 4, 5 in one eye and categories 0, 1, 2 or 9 in the other eye",BMV
H54.5,"Severe visual impairment, monocular Visual impairment category 2 in one eye and categories 0, 1 or 9 in other eye",SVI
H54.6,"Moderate visual impairment, monocular Visual impairment category 1 in one eye and categories 0 or 9 in other eye",MVI
H54.9,Unspecified visual impairment (binocular) Visual impairment category 9,VIV NOS
H55,Nystagmus and other irregular eye movements,NIE
H55–H59,Other disorders of eye and adnexa Asterisk categories for this chapter are provided as follows:,DEA
H57,Other disorders of eye and adnexa,DEA
H57.0,Anomalies of pupillary function,APF
H57.1,Ocular pain,OP
H57.8,Other specified disorders of eye and adnexa,DEA
H57.9,"Disorder of eye and adnexa, unspecified",DEA NOS
H58*,Other disorders of eye and adnexa in diseases classified elsewhere,DEA
H58.0*,"Anomalies of pupillary function in diseases classified elsewhere Argyll Robertson phenomenon or pupil, syphilitic (A52.1†)",APF
H58.1*,Visual disturbances in diseases classified elsewhere,VDI
H58.8*,Other specified disorders of eye and adnexa in diseases classified elsewhere Syphilitic oculopathy NEC: • congenital: – early (A50.0†) – late (A50.3†) • early (secondary) (A51.4†) • late (A52.7†),DEA
H59,"Postprocedural disorders of eye and adnexa, not elsewhere classified",PDE
H59.0,Keratopathy (bullous aphakic) following cataract surgery Vitreous (touch) syndrome Vitreal corneal syndrome,KFC
H59.8,Other postprocedural disorders of eye and adnexa Bleb–associated endophthalmitis Chorioretinal scars after surgery for detachment Inflammation (infection) of postprocedural bleb Postprocedural blebitis,PDE
H59.9,"Postprocedural disorder of eye and adnexa, unspecified",PDE NOS
H60,Otitis externa,OE
H60.0,Abscess of external ear Boil Carbuncle of auricle or external auditory canal Furuncle,AEE
H60.1,Cellulitis of external ear Cellulitis of: • auricle • external auditory canal,CEE
H60.2,Malignant otitis externa,MOE
H60.3,Other infective otitis externa Otitis externa: • diffuse • haemorrhagic Swimmer’s ear,IOE
H60.4,Cholesteatoma of external ear Keratosis obturans of external ear (canal),CEE
H60.5,"Acute otitis externa, noninfective Acute otitis externa: • NOS • actinic • chemical • contact • eczematoid • reactive",AOE NOS
H60.8,Other otitis externa Chronic otitis externa NOS,OEC NOS
H60.9,"Otitis externa, unspecified",OE NOS
H60–H62,Diseases of external ear,DEE
H61,Other disorders of external ear,DEE
H61.0,Perichondritis of external ear Chondrodermatitis nodularis chronica helicis Perichondritis of: • auricle • pinna,PEE
H61.1,Noninfective disorders of pinna Acquired deformity of: • auricle • pinna,NDP
H61.2,Impacted cerumen Wax in ear,ICW
H61.3,Acquired stenosis of external ear canal Collapse of external ear canal,ASE NOS
H61.8,Other specified disorders of external ear Exostosis of external canal,DEE
H61.9,"Disorder of external ear, unspecified",DEE NOS
H62*,Disorders of external ear in diseases classified elsewhere,DEE
H62.0*,Otitis externa in bacterial diseases classified elsewhere Otitis externa in erysipelas (A46†),OEI
H62.1*,Otitis externa in viral diseases classified elsewhere Otitis externa in: • herpesviral [herpes simplex] infection (B00.1†) • zoster (B02.8†),OEI
H62.2*,Otitis externa in mycoses Otitis externa in: • aspergillosis (B44.8†) • candidiasis (B37.2†) Otomycosis NOS (B36.9†),OEI NOS
H62.3*,Otitis externa in other infectious and parasitic diseases classified elsewhere,OEI
H62.4*,Otitis externa in other diseases classified elsewhere Otitis externa in impetigo (L01.-†),OEI
H62.8*,Other disorders of external ear in diseases classified elsewhere,DEE
H65,Nonsuppurative otitis media,NOM
H65.0,Acute serous otitis media Acute and subacute secretory otitis media,ASO
H65.1,"Other acute nonsuppurative otitis media Otitis media, acute and subacute: • allergic (mucoid)(sanguinous)(serous) • mucoid • nonsuppurative NOS • sanguinous • seromucinous",ANO NOS
H65.2,Chronic serous otitis media Chronic tubotympanal catarrh,CSO
H65.3,"Chronic mucoid otitis media Glue ear Otitis media, chronic: • mucinous • secretory • transudative",CMO
H65.4,"Other chronic nonsuppurative otitis media Otitis media, chronic: • allergic • exudative • nonsuppurative NOS • seromucinous • with effusion (nonpurulent)",CNO NOS
H65.9,"Nonsuppurative otitis media, unspecified Otitis media: • allergic • catarrhal • exudative • mucoid • secretory • seromucinous • serous • transudative 410 • with effusion (nonpurulent)",NOM NOS
H65–H75,Diseases of middle ear and mastoid,DME
H66,Suppurative and unspecified otitis media,SOM NOS
H66.0,Acute suppurative otitis media,ASO
H66.1,Chronic tubotympanic suppurative otitis media Benign chronic suppurative otitis media Chronic tubotympanic disease,CTS
H66.2,Chronic atticoantral suppurative otitis media Chronic atticoantral disease,CAS
H66.3,Other chronic suppurative otitis media Chronic suppurative otitis media NOS,CSO NOS
H66.4,"Suppurative otitis media, unspecified Purulent otitis media NOS",SOM NOS
H66.9,"Otitis media, unspecified Otitis media: • NOS • acute NOS • chronic NOS",OMO NOS
H67*,Otitis media in diseases classified elsewhere,OMI
H67.0*,Otitis media in bacterial diseases classified elsewhere Otitis media in: • scarlet fever (A38†) • tuberculosis (A18.6†),TB
H67.1*,Otitis media in viral diseases classified elsewhere Otitis media in: • influenza: – seasonal virus identified (J10.8†) – virus not identified (J11.8†) – zoonotic or pandemic influenza virus identified (J09†) • measles (B05.3†),OMI
H67.8*,Otitis media in other diseases classified elsewhere,OMI
H68,Eustachian salpingitis and obstruction,ESO
H68.0,Eustachian salpingitis,ES
H68.1,Obstruction of Eustachian tube Compression Stenosis of Eustachian tube Stricture,OET NOS
H69,Other disorders of Eustachian tube,DET
H69.0,Patulous Eustachian tube,PET
H69.8,Other specified disorders of Eustachian tube,DET
H69.9,"Eustachian tube disorder, unspecified",ETD NOS
H70,Mastoiditis and related conditions,MRC
H70.0,Acute mastoiditis Abscess of mastoid Empyema,AMA
H70.1,Chronic mastoiditis Caries of mastoid Fistula,CMC
H70.2,Petrositis Inflammation of petrous bone (acute)(chronic),PIP
H70.8,Other mastoiditis and related conditions,MRC
H70.9,"Mastoiditis, unspecified",MAST NOS
H71,Cholesteatoma of middle ear,CME
H72,Perforation of tympanic membrane,PTM
H72.0,Central perforation of tympanic membrane,CPT
H72.1,Attic perforation of tympanic membrane Perforation of pars flaccida,APT
H72.2,Other marginal perforations of tympanic membrane,MPT
H72.8,Other perforations of tympanic membrane Perforation(s): • multiple of tympanic membrane • total,PTM
H72.9,"Perforation of tympanic membrane, unspecified",PTM NOS
H73,Other disorders of tympanic membrane,DTM
H73.0,Acute myringitis Acute tympanitis Bullous myringitis,AMA
H73.1,Chronic myringitis Chronic tympanitis,CMC
H73.8,Other specified disorders of tympanic membrane,DTM
H73.9,"Disorder of tympanic membrane, unspecified",DTM NOS
H74,Other disorders of middle ear and mastoid,DME
H74.0,Tympanosclerosis,TYMP NOS
H74.1,Adhesive middle ear disease Adhesive otitis,AME
H74.2,Discontinuity and dislocation of ear ossicles,DDE
H74.3,Other acquired abnormalities of ear ossicles Ankylosis of ear ossicles Partial loss,AAE
H74.4,Polyp of middle ear,PME
H74.8,Other specified disorders of middle ear and mastoid,DME
H74.9,"Disorder of middle ear and mastoid, unspecified",DME NOS
H75*,Other disorders of middle ear and mastoid in diseases classified elsewhere,DME
H75.0*,Mastoiditis in infectious and parasitic diseases classified elsewhere Tuberculous mastoiditis (A18.0†),MII
H75.8*,Other specified disorders of middle ear and mastoid in diseases classified elsewhere,DME
H80,Otosclerosis,OTOS
H80.0,"Otosclerosis involving oval window, nonobliterative",OIO
H80.1,"Otosclerosis involving oval window, obliterative",OIO
H80.2,Cochlear otosclerosis Otosclerosis involving: • otic capsule • round window,COO
H80.8,Other otosclerosis,OTOS
H80.9,"Otosclerosis, unspecified",OTOS NOS
H80–H83,Diseases of inner ear,DIE
H81,Disorders of vestibular function,DVF
H81.0,Ménière disease Labyrinthine hydrops Ménière syndrome or vertigo,MDL
H81.1,Benign paroxysmal vertigo,BPV
H81.2,Vestibular neuronitis,VN
H81.3,Other peripheral vertigo Lermoyez syndrome Vertigo: • aural • otogenic • peripheral NOS,PVL NOS
H81.4,Vertigo of central origin Central positional nystagmus,VCO
H81.8,Other disorders of vestibular function,DVF
H81.9,"Disorder of vestibular function, unspecified Vertiginous syndrome NOS",DVF NOS
H82*,Vertiginous syndromes in diseases classified elsewhere,VSI
H83,Other diseases of inner ear,DIE
H83.0,Labyrinthitis,LABY
H83.1,Labyrinthine fistula,LF
H83.2,Labyrinthine dysfunction Hypersensitivity Hypofunction of labyrinth Loss of function,LDH
H83.3,Noise effects on inner ear Acoustic trauma Noise-induced hearing loss,NEO
H83.8,Other specified diseases of inner ear,DIE
H83.9,"Disease of inner ear, unspecified Other disorders of ear (H90–H95)",DIE NOS
H90,Conductive and sensorineural hearing loss,CSH
H90.0,"Conductive hearing loss, bilateral",CHL
H90.1,"Conductive hearing loss, unilateral with unrestricted hearing on the contralateral side",CHL
H90.2,"Conductive hearing loss, unspecified Conductive deafness NOS",CHL NOS
H90.3,"Sensorineural hearing loss, bilateral",SHL
H90.4,"Sensorineural hearing loss, unilateral with unrestricted hearing on the contralateral side",SHL
H90.5,"Sensorineural hearing loss, unspecified Congenital deafness NOS Hearing loss: • central • neural NOS • perceptive • sensory Sensorineural deafness NOS",SHL NOS
H90.6,"Mixed conductive and sensorineural hearing loss, bilateral",MCS
H90.7,"Mixed conductive and sensorineural hearing loss, unilateral with unrestricted hearing on the contralateral side",MCS
H90.8,"Mixed conductive and sensorineural hearing loss, unspecified",MCS NOS
H90–H91,language delay due to deafness,LDD
H90–H95,Other disorders of ear Asterisk categories for this chapter are provided as follows:,DEA
H91,Other hearing loss,HL
H91.0,Ototoxic hearing loss,OHL
H91.1,Presbycusis Presbyacusia,PP
H91.2,Sudden idiopathic hearing loss Sudden hearing loss NOS,SIH NOS
H91.3,"Deaf mutism, not elsewhere classified",DMN
H91.8,Other specified hearing loss,HL
H91.9,"Hearing loss, unspecified Deafness: • NOS • high frequency • low frequency",HLD NOS
H92,Otalgia and effusion of ear,OEE
H92.0,Otalgia,OTAL
H92.1,Otorrhoea,OTOR
H92.2,Otorrhagia,OTOR
H93,"Other disorders of ear, not elsewhere classified",DEN
H93.0,Degenerative and vascular disorders of ear Transient ischaemic deafness,DVD
H93.1,Tinnitus,TINN
H93.2,Other abnormal auditory perceptions Auditory recruitment Diplacusis Hyperacusis Temporary auditory threshold shift,AAP
H93.3,Disorders of acoustic nerve Disorder of 8th cranial nerve,DAN
H93.8,Other specified disorders of ear,DE
H93.9,"Disorder of ear, unspecified",DE NOS
H94*,Other disorders of ear in diseases classified elsewhere,DEI
H94.0*,Acoustic neuritis in infectious and parasitic diseases classified elsewhere Acoustic neuritis in syphilis (A52.1†),ANI
H94.8*,Other specified disorders of ear in diseases classified elsewhere,DEI
H95,"Postprocedural disorders of ear and mastoid process, not elsewhere classified",PDE
H95.0,Recurrent cholesteatoma of postmastoidectomy cavity,RCP
H95.1,Other disorders following mastoidectomy Chronic inflammation Granulation of postmastoidectomy cavity Mucosal cyst,DFM
H95.8,Other postprocedural disorders of ear and mastoid process,PDE
H95.9,"Postprocedural disorder of ear and mastoid process, unspecified",PDE NOS
I00,Rheumatic fever without mention of heart involvement,RFW
I00–I02,Acute rheumatic fever,ARF
I00–I09,when specified as rheumatic,WAR
I01,Rheumatic fever with heart involvement,RFH
I01.0,Acute rheumatic pericarditis Any condition in I00 with pericarditis Rheumatic pericarditis (acute),ARP
I01.1,Acute rheumatic endocarditis Any condition in I00 with endocarditis or valvulitis Acute rheumatic valvulitis,ARE
I01.2,Acute rheumatic myocarditis Any condition in I00 with myocarditis,ARM
I01.8,Other acute rheumatic heart disease Any condition in I00 with other or multiple types of heart involvement Acute rheumatic pancarditis,ARH
I01.9,"Acute rheumatic heart disease, unspecified Any condition in I00 with unspecified type of heart involvement Rheumatic: • carditis, acute • heart disease, active or acute",ARH NOS
I02,Rheumatic chorea,RC
I02.0,Rheumatic chorea with heart involvement Chorea NOS with heart involvement Rheumatic chorea with heart involvement of any type classifiable under I01.-,RCH NOS
I02.9,Rheumatic chorea without heart involvement Rheumatic chorea NOS,RCW NOS
I05,Rheumatic mitral valve diseases,RMV
I05.0,Mitral stenosis Mitral (valve) obstruction (rheumatic),MSM NOS
I05.1,Rheumatic mitral insufficiency Rheumatic mitral: • incompetence • regurgitation,RMI
I05.2,Mitral stenosis with insufficiency Mitral stenosis with incompetence or regurgitation,MSI NOS
I05.8,Other mitral valve diseases Mitral (valve) failure,MVD
I05.9,"Mitral valve disease, unspecified Mitral (valve) disorder (chronic) NOS",MVD NOS
I05–I09,Chronic rheumatic heart diseases,CRH
I06,Rheumatic aortic valve diseases,RAV
I06.0,Rheumatic aortic stenosis Rheumatic aortic (valve) obstruction,RAS NOS
I06.1,Rheumatic aortic insufficiency Rheumatic aortic: • incompetence • regurgitation,RAI
I06.2,Rheumatic aortic stenosis with insufficiency Rheumatic aortic stenosis with incompetence or regurgitation,RAS NOS
I06.8,Other rheumatic aortic valve diseases,RAV
I06.9,"Rheumatic aortic valve disease, unspecified Rheumatic aortic (valve) disease NOS",RAV NOS
I07,Rheumatic tricuspid valve diseases,RTV
I07.0,Tricuspid stenosis Tricuspid (valve) stenosis (rheumatic),TST NOS
I07.1,Tricuspid insufficiency Tricuspid (valve) insufficiency (rheumatic),TIT
I07.2,Tricuspid stenosis with insufficiency,TSI NOS
I07.8,Other tricuspid valve diseases,TVD
I07.9,"Tricuspid valve disease, unspecified Tricuspid valve disorder NOS",TVD NOS
I08,Multiple valve diseases,MVD
I08.0,Disorders of both mitral and aortic valves Involvement of both mitral and aortic valves whether specified as rheumatic or of unspecified origin,DBM NOS
I08.1,Disorders of both mitral and tricuspid valves,DBM
I08.2,Disorders of both aortic and tricuspid valves,DBA
I08.3,"Combined disorders of mitral, aortic and tricuspid valves",CDM
I08.8,Other multiple valve diseases,MVD
I08.9,"Multiple valve disease, unspecified",MVD NOS
I09,Other rheumatic heart diseases,RHD
I09.0,Rheumatic myocarditis,RM
I09.1,"Rheumatic diseases of endocardium, valve unspecified Rheumatic: • endocarditis (chronic) • valvulitis (chronic)",RDE NOS
I09.2,"Chronic rheumatic pericarditis Adherent pericardium, rheumatic Chronic rheumatic: • mediastinopericarditis • myopericarditis",CRP
I09.8,Other specified rheumatic heart diseases Rheumatic disease of pulmonary valve,RHD
I09.9,"Rheumatic heart disease, unspecified Rheumatic: • carditis • heart failure",HF
I10,Essential (primary) hypertension,HTN
I10–I15,Hypertensive diseases,HD
I11,Hypertensive heart disease,HHD
I11.0,Hypertensive heart disease with (congestive) heart failure Hypertensive heart failure,CHF
I11.9,Hypertensive heart disease without (congestive) heart failure Hypertensive heart disease NOS,CHF
I12,Hypertensive renal disease,HRD
I12.0,Hypertensive renal disease with renal failure Hypertensive renal failure,HRD
I12.9,Hypertensive renal disease without renal failure Hypertensive renal disease NOS,HRD NOS
I13,Hypertensive heart and renal disease,HHR
I13.0,Hypertensive heart and renal disease with (congestive) heart failure,CHF
I13.1,Hypertensive heart and renal disease with renal failure,HHR
I13.2,Hypertensive heart and renal disease with both (congestive) heart failure and renal failure,CHF
I13.9,"Hypertensive heart and renal disease, unspecified",HHR NOS
I15,Secondary hypertension,HTN
I15.0,Renovascular hypertension,HTN
I15.1,Hypertension secondary to other renal disorders,HTN
I15.2,Hypertension secondary to endocrine disorders,HTN
I15.8,Other secondary hypertension,HTN
I15.9,"Secondary hypertension, unspecified Ischaemic heart diseases (I20–I25)",HTN
I20,Angina pectoris,AP
I20.0,Unstable angina Angina: • crescendo • de novo effort • worsening effort Intermediate coronary syndrome Pre-infarction syndrome,UAA
I20.1,Angina pectoris with documented spasm Angina: • angiospastic • Prinzmetal • spasm-induced • variant,APD
I20.8,Other forms of angina pectoris Angina of effort Coronary slow flow syndrome Stable angina Stenocardia,FAP
I20.9,"Angina pectoris, unspecified Angina: • NOS • cardiac Anginal syndrome Ischaemic chest pain",APA NOS
I20–I25,involving coronary vessels neonatal hypertension (P29.2) pulmonary hypertension (I27.0),HTN
I21,Acute myocardial infarction,AMI
I21.0,Acute transmural myocardial infarction of anterior wall Transmural infarction (acute)(of): • anterior (wall) NOS • anteroapical • anterolateral • anteroseptal,Anterior STEMI
I21.1,Acute transmural myocardial infarction of inferior wall Transmural infarction (acute)(of): • diaphragmatic wall • inferior (wall) NOS • inferolateral • inferoposterior,Inferior STEMI
I21.2,Acute transmural myocardial infarction of other sites Transmural infarction (acute)(of): • apical-lateral • basal-lateral • high lateral • lateral (wall) NOS • posterior (true) • posterobasal • posterolateral • posteroseptal • septal NOS,Posterior STEMI
I21.3,Acute transmural myocardial infarction of unspecified site Transmural myocardial infarction NOS,STEMI
I21.4,Acute subendocardial myocardial infarction Myocardial infarction with non-ST elevation Nontransmural myocardial infarction NOS,NSTEMI
I21.9,"Acute myocardial infarction, unspecified Myocardial infarction (acute) NOS",AMI
I21–I22,– myocardial infarction,MI
I21–I25,"• coronary • intracranial and intraspinal, septic or NOS (G08) • intracranial, nonpyogenic (I67.6) • intraspinal, nonpyogenic (G95.1) • lower extremities (I80.-) • mesenteric (K55.0) • portal (I81) • pulmonary (I26.-)",•C• NOS
I22,Subsequent myocardial infarction,MI
I22.0,Subsequent myocardial infarction of anterior wall Subsequent infarction (acute)(of): • anterior (wall) NOS • anteroapical • anterolateral • anteroseptal,MI
I22.1,Subsequent myocardial infarction of inferior wall Subsequent infarction (acute)(of): • diaphragmatic wall • inferior (wall) NOS • inferolateral • inferoposterior,MI
I22.8,Subsequent myocardial infarction of other sites Subsequent myocardial infarction (acute)(of): • apical-lateral • basal-lateral • high lateral • lateral (wall) NOS • posterior (true) • posterobasal • posterolateral • posteroseptal • septal NOS,MI
I22.9,Subsequent myocardial infarction of unspecified site,MI
I23,Certain current complications following acute myocardial infarction,AMI
I23.0,Haemopericardium as current complication following acute myocardial infarction,AMI
I23.1,Atrial septal defect as current complication following acute myocardial infarction,AMI
I23.2,Ventricular septal defect as current complication following acute myocardial infarction,AMI
I23.3,Rupture of cardiac wall without haemopericardium as current complication following acute myocardial infarction,AMI
I23.4,Rupture of chordae tendineae as current complication following acute myocardial infarction,AMI
I23.5,Rupture of papillary muscle as current complication following acute myocardial infarction,AMI
I23.6,"Thrombosis of atrium, auricular appendage and ventricle as current complications following acute myocardial infarction",AMI
I23.8,Other current complications following acute myocardial infarction,AMI
I24,Other acute ischaemic heart diseases,AIH
I24.0,Coronary thrombosis not resulting in myocardial infarction Coronary (artery)(vein): • embolism not resulting in myocardial • occlusion infarction • thromboembolism,MI
I24.1,Dressler syndrome Postmyocardial infarction syndrome,MI
I24.8,Other forms of acute ischaemic heart disease Coronary: • failure • insufficiency,FAI
I24.9,"Acute ischaemic heart disease, unspecified",AIH NOS
I25,Chronic ischaemic heart disease,CIH
I25.0,"Atherosclerotic cardiovascular disease, so described",ACD
I25.1,Atherosclerotic heart disease Coronary (artery): • atheroma • atherosclerosis • disease • sclerosis,AHD
I25.2,"Old myocardial infarction Healed myocardial infarction Past myocardial infarction diagnosed by ECG or other special investigation, but currently presenting no symptoms",MI
I25.3,Aneurysm of heart Aneurysm: • mural • ventricular,AHA
I25.4,"Coronary artery aneurysm and dissection Coronary arteriovenous fistula, acquired",CAA
I25.5,Ischaemic cardiomyopathy,IC
I25.6,Silent myocardial ischaemia,SMI
I25.8,Other forms of chronic ischaemic heart disease Any condition in I21–I22 and I24.- specified as chronic or with a stated duration of more than 4 weeks (more than 28 days) from onset,FCI
I25.9,"Chronic ischaemic heart disease, unspecified Ischaemic heart disease (chronic) NOS",CIH NOS
I26,Pulmonary embolism,PE
I26.0,Pulmonary embolism with mention of acute cor pulmonale Acute cor pulmonale NOS,PEM NOS
I26.9,Pulmonary embolism without mention of acute cor pulmonale Pulmonary embolism NOS,PEW NOS
I26–I28,Pulmonary heart disease and diseases of pulmonary circulation,PHD
I27,Other pulmonary heart diseases,PHD
I27.0,Primary pulmonary hypertension,HTN
I27.1,Kyphoscoliotic heart disease,KHD
I27.2,Other secondary pulmonary hypertension,HTN
I27.8,Other specified pulmonary heart diseases,PHD
I27.9,"Pulmonary heart disease, unspecified Chronic cardiopulmonary disease Cor pulmonale (chronic) NOS",PHD NOS
I28,Other diseases of pulmonary vessels,DPV
I28.0,Arteriovenous fistula of pulmonary vessels,AFP
I28.1,Aneurysm of pulmonary artery,APA
I28.8,Other specified diseases of pulmonary vessels Rupture Stenosis of pulmonary vessel Stricture,DPV NOS
I28.9,"Disease of pulmonary vessels, unspecified",DPV NOS
I30,Acute pericarditis,AP
I30.0,Acute nonspecific idiopathic pericarditis,ANI
I30.1,Infective pericarditis Pericarditis: • pneumococcal • purulent • staphylococcal • streptococcal • viral Pyopericarditis,IPP
I30.8,Other forms of acute pericarditis,FAP
I30.9,"Acute pericarditis, unspecified",AP NOS
I30–I52,Other forms of heart disease,FHD
I31,Other diseases of pericardium,DP
I31.0,Chronic adhesive pericarditis Accretio cordis Adherent pericardium Adhesive mediastinopericarditis,CAP
I31.1,Chronic constrictive pericarditis Concretio cordis Pericardial calcification,CCP
I31.2,"Haemopericardium, not elsewhere classified",HNE
I31.3,Pericardial effusion (noninflammatory) Chylopericardium,PEC
I31.8,Other specified diseases of pericardium Epicardial plaques Focal pericardial adhesions,DPE
I31.9,"Disease of pericardium, unspecified Cardiac tamponade Pericarditis (chronic) NOS",DPC NOS
I32*,Pericarditis in diseases classified elsewhere,PID
I32.0*,Pericarditis in bacterial diseases classified elsewhere Pericarditis: • gonococcal (A54.8†) • meningococcal (A39.5†) • syphilitic (A52.0†) • tuberculous (A18.8†),PIB
I32.1*,Pericarditis in other infectious and parasitic diseases classified elsewhere,PII
I32.8*,Pericarditis in other diseases classified elsewhere Pericarditis (in): • rheumatoid (M05.3†) • systemic lupus erythematosus (M32.1†) • uraemic (N18.5†),PID
I33,Acute and subacute endocarditis,ASE
I33.0,Acute and subacute infective endocarditis Endocarditis (acute)(subacute): • bacterial • infective NOS • lenta • malignant • septic • ulcerative,ASI NOS
I33.9,"Acute endocarditis, unspecified Endocarditis Myoendocarditis acute or subacute Periendocarditis",AEE NOS
I34,Nonrheumatic mitral valve disorders,NMV
I34.0,"Mitral (valve) insufficiency Mitral (valve): • incompetence NOS or of specified cause, except rheumatic • regurgitation",MIM NOS
I34.1,Mitral (valve) prolapse Floppy mitral valve syndrome,MPF
I34.2,Nonrheumatic mitral (valve) stenosis,NMS NOS
I34.8,Other nonrheumatic mitral valve disorders,NMV
I34.9,"Nonrheumatic mitral valve disorder, unspecified",NMV NOS
I35,Nonrheumatic aortic valve disorders,NAV
I35.0,Aortic (valve) stenosis,AS NOS
I35.1,"Aortic (valve) insufficiency Aortic (valve): • incompetence NOS or of specified cause, except rheumatic • regurgitation",AIA NOS
I35.2,Aortic (valve) stenosis with insufficiency,ASI NOS
I35.8,Other aortic valve disorders,AVD
I35.9,"Aortic valve disorder, unspecified",AVD NOS
I36,Nonrheumatic tricuspid valve disorders,NTV
I36.0,Nonrheumatic tricuspid (valve) stenosis,NTS NOS
I36.1,"Nonrheumatic tricuspid (valve) insufficiency Tricuspid (valve): • incompetence of specified cause, except rheumatic • regurgitation",NTI
I36.2,Nonrheumatic tricuspid (valve) stenosis with insufficiency,NTS NOS
I36.8,Other nonrheumatic tricuspid valve disorders,NTV
I36.9,"Nonrheumatic tricuspid valve disorder, unspecified",NTV NOS
I37,Pulmonary valve disorders,PVD
I37.0,Pulmonary valve stenosis,PVS NOS
I37.1,"Pulmonary valve insufficiency Pulmonary valve: incompetence NOS or of specified cause, except rheumatic regurgitation",PVI NOS
I37.2,Pulmonary valve stenosis with insufficiency,PVS NOS
I37.8,Other pulmonary valve disorders,PVD
I37.9,"Pulmonary valve disorder, unspecified",PVD NOS
I38,"Endocarditis, valve unspecified",EV NOS
I39*,Endocarditis and heart valve disorders in diseases classified elsewhere,EHV
I39.0*,Mitral valve disorders in diseases classified elsewhere,MVD
I39.1*,Aortic valve disorders in diseases classified elsewhere,AVD
I39.2*,Tricuspid valve disorders in diseases classified elsewhere,TVD
I39.3*,Pulmonary valve disorders in diseases classified elsewhere,PVD
I39.4*,Multiple valve disorders in diseases classified elsewhere,MVD
I39.8*,"Endocarditis, valve unspecified, in diseases classified elsewhere",EVI NOS
I40,Acute myocarditis,AM
I40.0,Infective myocarditis Septic myocarditis,IMS
I40.1,Isolated myocarditis,IM
I40.8,Other acute myocarditis,AM
I40.9,"Acute myocarditis, unspecified",AM NOS
I41*,Myocarditis in diseases classified elsewhere,MID
I41.0*,Myocarditis in bacterial diseases classified elsewhere Myocarditis: • diphtheritic (A36.8†) • gonococcal (A54.8†) • meningococcal (A39.5†) • syphilitic (A52.0†) • tuberculous (A18.8†),MIB
I41.1*,Myocarditis in viral diseases classified elsewhere Influenzal myocarditis (acute): • seasonal virus identified (J10.8†) • virus not identified (J11.8†) • zoonotic or pandemic influenza virus identified (J09†) Mumps myocarditis (B26.8†),MIV
I41.2*,Myocarditis in other infectious and parasitic diseases classified elsewhere Myocarditis in: • Chagas disease (chronic) (B57.2†) • acute (B57.0†) • toxoplasmosis (B58.8†),MII
I41.8*,Myocarditis in other diseases classified elsewhere Rheumatoid myocarditis (M05.3†) Sarcoid myocarditis (D86.8†),MID
I42,Cardiomyopathy,CARD
I42.0,Dilated cardiomyopathy Congestive cardiomyopathy,DCC
I42.1,Obstructive hypertrophic cardiomyopathy Hypertrophic subaortic stenosis,OHC NOS
I42.2,Other hypertrophic cardiomyopathy Nonobstructive hypertrophic cardiomyopathy,HCN
I42.3,Endomyocardial (eosinophilic) disease Endomyocardial (tropical) fibrosis Löffler endocarditis,EDE
I42.4,Endocardial fibroelastosis Congenital cardiomyopathy,EFC
I42.5,Other restrictive cardiomyopathy Constrictive cardiomyopathy NOS,RCC NOS
I42.6,Alcoholic cardiomyopathy,AC
I42.7,Cardiomyopathy due to drugs and other external agents,CDE
I42.8,Other cardiomyopathies,CARD
I42.9,"Cardiomyopathy, unspecified Cardiomyopathy (primary)(secondary) NOS",CCN NOS
I43*,Cardiomyopathy in diseases classified elsewhere,CID
I43.0*,Cardiomyopathy in infectious and parasitic diseases classified elsewhere Cardiomyopathy in diphtheria (A36.8†),CII
I43.1*,Cardiomyopathy in metabolic diseases Cardiac amyloidosis (E85.-†),CIM
I43.2*,Cardiomyopathy in nutritional diseases Nutritional cardiomyopathy NOS (E63.9†),CIN NOS
I43.8*,Cardiomyopathy in other diseases classified elsewhere Gouty tophi of heart (M10.0†) Thyrotoxic heart disease (E05.9†),CID
I44,Atrioventricular and left bundle-branch block,ALB
I44.0,"Atrioventricular block, first degree",ABF
I44.1,"Atrioventricular block, second degree Atrioventricular block, type I and II Möbitz block, type I and II Second-degree block, type I and II Wenckebach block",ABS
I44.2,"Atrioventricular block, complete Complete heart block NOS Third-degree block",ABC NOS
I44.3,Other and unspecified atrioventricular block Atrioventricular block NOS,ABA NOS
I44.4,Left anterior fascicular block,LAF
I44.5,Left posterior fascicular block,LPF
I44.6,Other and unspecified fascicular block Left bundle-branch hemiblock NOS,FBL NOS
I44.7,"Left bundle-branch block, unspecified",LBB NOS
I44–I45,– conduction disorder,–CD
I45,Other conduction disorders,CD
I45.0,Right fascicular block,RFB
I45.1,Other and unspecified right bundle-branch block Right bundle-branch block NOS,RBB NOS
I45.2,Bifascicular block,BB
I45.3,Trifascicular block,TB
I45.4,Nonspecific intraventricular block Bundle-branch block NOS,NIB NOS
I45.5,Other specified heart block Sinoatrial block Sinoauricular block,HBS
I45.6,Pre-excitation syndrome Anomalous atrioventricular excitation Atrioventricular conduction: • accelerated • accessory • pre-excitation Lown–Ganong–Levine syndrome Wolff–Parkinson–White syndrome,PSA
I45.8,Other specified conduction disorders Atrioventricular [AV] dissociation Interference dissociation,CDA
I45.9,"Conduction disorder, unspecified Heart block NOS Stokes–Adams syndrome",CDH NOS
I46,Cardiac arrest,CA
I46.0,Cardiac arrest with successful resuscitation,CAS
I46.1,"Sudden cardiac death, so described",SCD
I46.9,"Cardiac arrest, unspecified",CA NOS
I47,Paroxysmal tachycardia,PT
I47.0,Re-entry ventricular arrhythmia,RVA
I47.1,Supraventricular tachycardia Tachycardia (paroxysmal): • atrial • atrioventricular [AV]: – NOS – re-entrant (nodal) [AVNRT][AVRT] • junctional • nodal,STT NOS
I47.2,Ventricular tachycardia,VT
I47.9,"Paroxysmal tachycardia, unspecified Bouveret(– Hoffmann) syndrome",PTB NOS
I47–I49,specified arrhythmias,ARRH
I48,Atrial fibrillation and flutter,AFF
I48.0,Paroxysmal atrial fibrillation,PAF
I48.1,Persistent atrial fibrillation,PAF
I48.2,Chronic atrial fibrillation,CAF
I48.3,Typical atrial flutter Type I atrial flutter,TAF
I48.4,Atypical atrial flutter Type II atrial flutter,AAF
I48.9,"Atrial fibrillation and atrial flutter, unspecified I49",AFA NOS
I49,Other cardiac arrhythmias,CA
I49.0,Ventricular fibrillation and flutter,VFF
I49.1,Atrial premature depolarization Atrial premature beats,APD
I49.2,Junctional premature depolarization,JPD
I49.3,Ventricular premature depolarization,VPD
I49.4,Other and unspecified premature depolarization Ectopic beats Extrasystoles Extrasystolic arrhythmias Premature: • beats NOS • contractions,PDE NOS
I49.5,Sick sinus syndrome Tachycardia–bradycardia syndrome,SSS
I49.8,Other specified cardiac arrhythmias Brugada syndrome Long QT syndrome Rhythm disorder: • coronary sinus • ectopic • nodal,CAB
I49.9,"Cardiac arrhythmia, unspecified Arrhythmia (cardiac) NOS",CAA NOS
I50,Heart failure,HF
I50.0,Congestive heart failure Congestive heart disease Right ventricular failure (secondary to left heart failure),CHF
I50.1,Left ventricular failure Cardiac asthma Left heart failure Oedema of lung with mention of heart disease NOS Pulmonary oedema or heart failure,HF
I50.9,"Heart failure, unspecified Cardiac, heart or myocardial failure NOS",HF
I51,Complications and ill-defined descriptions of heart disease,CID
I51.0,"Cardiac septal defect, acquired Acquired septal defect (old): • atrial • auricular • ventricular",CSD
I51.1,"Rupture of chordae tendineae, not elsewhere classified",RCT
I51.2,"Rupture of papillary muscle, not elsewhere classified",RPM
I51.3,"Intracardiac thrombosis, not elsewhere classified Thrombosis (old): • apical • atrial • auricular • ventricular",ITN
I51.4,"Myocarditis, unspecified Myocardial fibrosis Myocarditis: • NOS • chronic (interstitial)",MMF NOS
I51.5,Myocardial degeneration Degeneration of heart or myocardium: • fatty • senile Myocardial disease,MDD
I51.6,"Cardiovascular disease, unspecified Cardiovascular accident NOS",CDC NOS
I51.7,Cardiomegaly Cardiac: • dilatation • hypertrophy Ventricular dilatation,CC•
I51.8,Other ill-defined heart diseases Carditis (acute)(chronic) Pancarditis (acute)(chronic),IHD
I51.9,"Heart disease, unspecified",HD NOS
I52*,Other heart disorders in diseases classified elsewhere,HDI
I52.0*,Other heart disorders in bacterial diseases classified elsewhere Meningococcal carditis NEC (A39.5†),HDI
I52.1*,Other heart disorders in other infectious and parasitic diseases classified elsewhere Pulmonary heart disease in schistosomiasis (B65.-†),HDI
I52.8*,Other heart disorders in other diseases classified elsewhere Rheumatoid carditis (M05.3†) Cerebrovascular diseases (I60–I69),HDI
I60,Subarachnoid haemorrhage,SH
I60.0,Subarachnoid haemorrhage from carotid siphon and bifurcation,SHF
I60.1,Subarachnoid haemorrhage from middle cerebral artery,SHF
I60.2,Subarachnoid haemorrhage from anterior communicating artery,SHF
I60.3,Subarachnoid haemorrhage from posterior communicating artery,SHF
I60.4,Subarachnoid haemorrhage from basilar artery,SHF
I60.5,Subarachnoid haemorrhage from vertebral artery,SHF
I60.6,Subarachnoid haemorrhage from other intracranial arteries Multiple involvement of intracranial arteries,SHF
I60.7,"Subarachnoid haemorrhage from intracranial artery, unspecified Ruptured (congenital) berry aneurysm NOS Subarachnoid haemorrhage from: • cerebral artery NOS • communicating",SHF NOS
I60.8,Other subarachnoid haemorrhage Meningeal haemorrhage Rupture of cerebral arteriovenous malformation,SHM
I60.9,"Subarachnoid haemorrhage, unspecified",SH NOS
I60–I69,• brain • eye (H35.0),•B•
I61,Intracerebral haemorrhage,IH
I61.0,"Intracerebral haemorrhage in hemisphere, subcortical Deep intracerebral haemorrhage",IHI
I61.1,"Intracerebral haemorrhage in hemisphere, cortical Cerebral lobe haemorrhage Superficial intracerebral haemorrhage",IHI
I61.2,"Intracerebral haemorrhage in hemisphere, unspecified",IHI NOS
I61.3,Intracerebral haemorrhage in brain stem,IHI
I61.4,Intracerebral haemorrhage in cerebellum,IHI
I61.5,"Intracerebral haemorrhage, intraventricular",IHI
I61.6,"Intracerebral haemorrhage, multiple localized",IHM
I61.8,Other intracerebral haemorrhage,IH
I61.9,"Intracerebral haemorrhage, unspecified",IH NOS
I62,Other nontraumatic intracranial haemorrhage,NIH
I62.0,Subdural haemorrhage (acute)(nontraumatic),SH
I62.1,Nontraumatic extradural haemorrhage Nontraumatic epidural haemorrhage,NEH
I62.9,"Intracranial haemorrhage (nontraumatic), unspecified",IH NOS
I63,Cerebral infarction,CI
I63.0,Cerebral infarction due to thrombosis of precerebral arteries,CIT
I63.1,Cerebral infarction due to embolism of precerebral arteries,CIE
I63.2,Cerebral infarction due to unspecified occlusion or stenosis of precerebral arteries,CIO NOS
I63.3,Cerebral infarction due to thrombosis of cerebral arteries,CIT
I63.4,Cerebral infarction due to embolism of cerebral arteries,CIE
I63.5,Cerebral infarction due to unspecified occlusion or stenosis of cerebral arteries,CIO NOS
I63.6,"Cerebral infarction due to cerebral venous thrombosis, nonpyogenic",CIC
I63.8,Other cerebral infarction,CI
I63.9,"Cerebral infarction, unspecified",CI NOS
I64,"Stroke, not specified as haemorrhage or infarction",CVA
I65,"Occlusion and stenosis of precerebral arteries, not resulting in cerebral infarction",OSP NOS
I65.0,Occlusion and stenosis of vertebral artery,OSV NOS
I65.1,Occlusion and stenosis of basilar artery,OSB NOS
I65.2,Occlusion and stenosis of carotid artery,OSC NOS
I65.3,Occlusion and stenosis of multiple and bilateral precerebral arteries,OSM NOS
I65.8,Occlusion and stenosis of other precerebral artery,OSP NOS
I65.9,Occlusion and stenosis of unspecified precerebral artery Precerebral artery NOS,OSP NOS
I66,"Occlusion and stenosis of cerebral arteries, not resulting in cerebral infarction",OSC NOS
I66.0,Occlusion and stenosis of middle cerebral artery,OSM NOS
I66.1,Occlusion and stenosis of anterior cerebral artery,OSA NOS
I66.2,Occlusion and stenosis of posterior cerebral artery,OSP NOS
I66.3,Occlusion and stenosis of cerebellar arteries,OSC NOS
I66.4,Occlusion and stenosis of multiple and bilateral cerebral arteries,OSM NOS
I66.8,Occlusion and stenosis of other cerebral artery Occlusion and stenosis of perforating arteries,OSC NOS
I66.9,Occlusion and stenosis of unspecified cerebral artery,OSC NOS
I67,Other cerebrovascular diseases,CD
I67.0,"Dissection of cerebral arteries, nonruptured",DCA
I67.1,"Cerebral aneurysm, nonruptured Cerebral: • aneurysm NOS • arteriovenous fistula, acquired",CAN NOS
I67.2,Cerebral atherosclerosis Atheroma of cerebral arteries,CAA
I67.3,Progressive vascular leukoencephalopathy Binswanger disease,PVL
I67.4,Hypertensive encephalopathy,HE
I67.5,Moyamoya disease,MD
I67.6,Nonpyogenic thrombosis of intracranial venous system Nonpyogenic thrombosis of: • cerebral vein • intracranial venous sinus,NTI
I67.7,"Cerebral arteritis, not elsewhere classified",CAN
I67.8,Other specified cerebrovascular diseases Acute cerebrovascular insufficiency NOS Cerebral ischaemia (chronic),CDA NOS
I67.9,"Cerebrovascular disease, unspecified",CD NOS
I68*,Cerebrovascular disorders in diseases classified elsewhere,CDI
I68.0*,Cerebral amyloid angiopathy (E85.-†),CAA
I68.1*,Cerebral arteritis in infectious and parasitic diseases classified elsewhere Cerebral arteritis: • listerial (A32.8†) • syphilitic (A52.0†) • tuberculous (A18.8†),CAI
I68.2*,Cerebral arteritis in other diseases classified elsewhere Cerebral arteritis in systemic lupus erythematosus (M32.1†),CAI
I68.8*,Other cerebrovascular disorders in diseases classified elsewhere Uraemic apoplexia in chronic kidney disease (N18.5†),CKD
I69,Sequelae of cerebrovascular disease,SCD
I69.0,Sequelae of subarachnoid haemorrhage,SSH
I69.1,Sequelae of intracerebral haemorrhage,SIH
I69.2,Sequelae of other nontraumatic intracranial haemorrhage,SNI
I69.3,Sequelae of cerebral infarction,SCI
I69.4,"Sequelae of stroke, not specified as haemorrhage or infarction",CVA
I69.8,Sequelae of other and unspecified cerebrovascular diseases,SCD NOS
I70,Atherosclerosis,ATHE
I70.0,Atherosclerosis of aorta,AA
I70.1,Atherosclerosis of renal artery Goldblatt kidney,ARA
I70.2,Atherosclerosis of arteries of extremities Atherosclerotic gangrene Mönckeberg (medial) sclerosis,AAE
I70.8,Atherosclerosis of other arteries,AA
I70.9,Generalized and unspecified atherosclerosis,GA NOS
I70–I79,"Diseases of arteries, arterioles and capillaries",DAA
I71,Aortic aneurysm and dissection,AAD
I71.0,Dissection of aorta [any part] Dissecting aneurysm of aorta (ruptured) [any part],DAD
I71.1,"Thoracic aortic aneurysm, ruptured",TAA
I71.2,"Thoracic aortic aneurysm, without mention of rupture",TAA
I71.3,"Abdominal aortic aneurysm, ruptured",AAA
I71.4,"Abdominal aortic aneurysm, without mention of rupture",AAA
I71.5,"Thoracoabdominal aortic aneurysm, ruptured",TAA
I71.6,"Thoracoabdominal aortic aneurysm, without mention of rupture",TAA
I71.8,"Aortic aneurysm of unspecified site, ruptured Rupture of aorta NOS",AAS NOS
I71.9,"Aortic aneurysm of unspecified site, without mention of rupture Aneurysm Dilatation of aorta Hyaline necrosis",AAS NOS
I72,Other aneurysm and dissection,AD
I72.0,Aneurysm and dissection of carotid artery,ADC
I72.1,Aneurysm and dissection of artery of upper extremity,ADA
I72.2,Aneurysm and dissection of renal artery,ADR
I72.3,Aneurysm and dissection of iliac artery,ADI
I72.4,Aneurysm and dissection of artery of lower extremity,ADA
I72.5,Aneurysm and dissection of other precerebral arteries Aneurysm and dissection of basilar artery (trunk),ADP
I72.6,Aneurysm and dissection of vertebral artery,ADV
I72.8,Aneurysm and dissection of other specified arteries,ADA
I72.9,Aneurysm and dissection of unspecified site,ADS NOS
I73,Other peripheral vascular diseases,PVD
I73.0,Raynaud syndrome Raynaud: • disease • gangrene • phenomenon (secondary),RSR
I73.1,Thromboangiitis obliterans [Buerger],TO
I73.8,Other specified peripheral vascular diseases Acrocyanosis Acroparaesthesia: • simple [Schultze type] • vasomotor [Nothnagel type] Erythrocyanosis Erythromelalgia,PVD NOS
I73.9,"Peripheral vascular disease, unspecified Intermittent claudication Spasm of artery",PVD NOS
I74,Arterial embolism and thrombosis,AET
I74.0,Embolism and thrombosis of abdominal aorta Aortic bifurcation syndrome Leriche syndrome,ETA
I74.1,Embolism and thrombosis of other and unspecified parts of aorta,ETP NOS
I74.2,Embolism and thrombosis of arteries of upper extremities,ETA
I74.3,Embolism and thrombosis of arteries of lower extremities,ETA
I74.4,"Embolism and thrombosis of arteries of extremities, unspecified Peripheral arterial embolism",ETA NOS
I74.5,Embolism and thrombosis of iliac artery,ETI
I74.8,Embolism and thrombosis of other arteries,ETA
I74.9,Embolism and thrombosis of unspecified artery,ETA NOS
I77,Other disorders of arteries and arterioles,DAA
I77.0,"Arteriovenous fistula, acquired Aneurysmal varix Arteriovenous aneurysm, acquired",AFA
I77.1,Stricture of artery,SA
I77.2,Rupture of artery Fistula of artery,RAF
I77.3,Arterial fibromuscular dysplasia,AFD
I77.4,Coeliac artery compression syndrome,CAC
I77.5,Necrosis of artery,NA
I77.6,"Arteritis, unspecified Aortitis NOS Endarteritis NOS",AAN NOS
I77.8,Other specified disorders of arteries and arterioles Erosion of artery Ulcer,DAA
I77.9,"Disorder of arteries and arterioles, unspecified",DAA NOS
I78,Diseases of capillaries,DC
I78.0,Hereditary haemorrhagic telangiectasia Rendu–Osler–Weber disease,HHT
I78.1,"Naevus, non-neoplastic Naevus: • araneus • spider • stellar",NNN
I78.8,Other diseases of capillaries,DC
I78.9,"Disease of capillaries, unspecified",DC NOS
I79*,"Disorders of arteries, arterioles and capillaries in diseases classified elsewhere",DAA
I79.0*,Aneurysm of aorta in diseases classified elsewhere Syphilitic aneurysm of aorta (A52.0†),AAI
I79.1*,Aortitis in diseases classified elsewhere Syphilitic aortitis (A52.0†),AID
I79.2*,Peripheral angiopathy in diseases classified elsewhere Diabetic peripheral angiopathy (E10–E14 with common fourth character .5†),PAI
I79.8*,"Other disorders of arteries, arterioles and capillaries in diseases classified elsewhere",DAA
I80,Phlebitis and thrombophlebitis,PT
I80.0,Phlebitis and thrombophlebitis of superficial vessels of lower extremities,PTS
I80.1,Phlebitis and thrombophlebitis of femoral vein,PTF
I80.2,Phlebitis and thrombophlebitis of other deep vessels of lower extremities Deep vein thrombosis NOS,PTD NOS
I80.3,"Phlebitis and thrombophlebitis of lower extremities, unspecified Embolism or thrombosis of lower extremity NOS",PTL NOS
I80.8,Phlebitis and thrombophlebitis of other sites,PTS
I80.9,Phlebitis and thrombophlebitis of unspecified site,PTS NOS
I80–I89,"Diseases of veins, lymphatic vessels and lymph nodes, not elsewhere classified",DVL
I81,Portal vein thrombosis,PVT
I82,Other venous embolism and thrombosis,VET
I82.0,Budd–Chiari syndrome,BS
I82.1,Thrombophlebitis migrans,TM
I82.2,Embolism and thrombosis of vena cava,ETV
I82.3,Embolism and thrombosis of renal vein,ETR
I82.8,Embolism and thrombosis of other specified veins,ETV
I82.9,Embolism and thrombosis of unspecified vein Embolism of vein NOS Thrombosis (vein) NOS,ETV NOS
I83,Varicose veins of lower extremities,VVL
I83.0,"Varicose veins of lower extremities with ulcer Any condition in I83.9 with ulcer or specified as ulcerated Varicose ulcer (lower extremity, any part)",VVL
I83.1,Varicose veins of lower extremities with inflammation Any condition in I83.9 with inflammation or specified as inflamed Stasis dermatitis NOS,VVL NOS
I83.2,Varicose veins of lower extremities with both ulcer and inflammation Any condition in I83.9 with both ulcer and inflammation,VVL
I83.9,Varicose veins of lower extremities without ulcer or inflammation Phlebectasia of lower extremity [any part] or Varicose veins of unspecified site Varix,VVL NOS
I85,Oesophageal varices,OV
I85.0,Oesophageal varices with bleeding,OVB
I85.9,Oesophageal varices without bleeding Oesophageal varices NOS,OVW NOS
I86,Varicose veins of other sites,VVS
I86.0,Sublingual varices,SV
I86.1,Scrotal varices Varicocele,SVV
I86.2,Pelvic varices,PV
I86.3,Vulval varices,VV
I86.4,Gastric varices,GV
I86.8,Varicose veins of other specified sites Varicose ulcer of nasal septum,VVS
I87,Other disorders of veins,DV
I87.0,Post-thrombotic syndrome Postphlebitic syndrome,PSP
I87.1,Compression of vein Stricture of vein Vena cava syndrome (inferior)(superior),CVS
I87.2,Venous insufficiency (chronic)(peripheral),VI
I87.8,Other specified disorders of veins,DV
I87.9,"Disorder of vein, unspecified",DV NOS
I88,Nonspecific lymphadenitis,NL
I88.0,Nonspecific mesenteric lymphadenitis Mesenteric lymphadenitis (acute)(chronic),NML
I88.1,"Chronic lymphadenitis, except mesenteric Adenitis chronic, any lymph node except Lymphadenitis mesenteric",CLE
I88.8,Other nonspecific lymphadenitis,NL
I88.9,"Nonspecific lymphadenitis, unspecified Lymphadenitis NOS",NLL NOS
I89,Other noninfective disorders of lymphatic vessels and lymph nodes,NDL
I89.0,"Lymphoedema, not elsewhere classified Lymphangiectasis",LNE
I89.1,Lymphangitis Lymphangitis: • NOS • chronic • subacute,LL• NOS
I89.8,Other specified noninfective disorders of lymphatic vessels and lymph nodes Chylocele (nonfilarial) Lipomelanotic reticulosis,NDL
I89.9,"Noninfective disorder of lymphatic vessels and lymph nodes, unspecified Disease of lymphatic vessels NOS",NDL NOS
I95,Hypotension,HYPO
I95.0,Idiopathic hypotension,IH
I95.1,"Orthostatic hypotension Hypotension, postural",OHH
I95.2,Hypotension due to drugs,HD
I95.8,Other hypotension Chronic hypotension,HCH
I95.9,"Hypotension, unspecified",HYPO NOS
I95–I99,Other and unspecified disorders of the circulatory system Asterisk categories for this chapter are provided as follows:,DCS NOS
I97,"Postprocedural disorders of circulatory system, not elsewhere classified",PDC
I97.0,Postcardiotomy syndrome,PS
I97.1,Other functional disturbances following cardiac surgery Cardiac insufficiency following cardiac surgery or due to Heart failure presence of cardiac prosthesis,HF
I97.2,Postmastectomy lymphoedema syndrome Elephantiasis due to mastectomy Obliteration of lymphatic vessels,PLS
I97.8,"Other postprocedural disorders of circulatory system, not elsewhere classified",PDC
I97.9,"Postprocedural disorder of circulatory system, unspecified",PDC NOS
I98*,Other disorders of circulatory system in diseases classified elsewhere,DCS
I98.0*,"Cardiovascular syphilis Cardiovascular syphilis: • NOS (A52.0†) • congenital, late (A50.5†)",CSC NOS
I98.1*,"Cardiovascular disorders in other infectious and parasitic diseases classified elsewhere Cardiovascular: • involvement NEC, in Chagas disease (chronic) (B57.2†) • lesions of pinta [carate] (A67.2†)",CDI
I98.2*,"Oesophageal varices without bleeding in diseases classified elsewhere Oesophageal varices without bleeding in: • liver disorders (K70–K71†, K74.-†) • schistosomiasis (B65.-†)",OVW
I98.3*,"Oesophageal varices with bleeding in diseases classified elsewhere Oesophageal varices with bleeding in: • liver disorders (K70–K71†, K74.-†) • schistosomiasis (B65.-†)",OVB
I98.8*,Other specified disorders of circulatory system in diseases classified elsewhere,DCS
I99,Other and unspecified disorders of circulatory system,DCS NOS
J00,Acute nasopharyngitis [common cold],AN
J00–J06,Acute upper respiratory infections,AUR
J00–J22,influenza and other acute respiratory infections This chapter contains the following blocks:,IAR
J01,Acute sinusitis,AS
J01.0,Acute maxillary sinusitis Acute antritis,AMS
J01.1,Acute frontal sinusitis,AFS
J01.2,Acute ethmoidal sinusitis,AES
J01.3,Acute sphenoidal sinusitis,ASS
J01.4,Acute pansinusitis,AP
J01.8,Other acute sinusitis Acute sinusitis involving more than one sinus but not pansinusitis,ASA
J01.9,"Acute sinusitis, unspecified",AS NOS
J02,Acute pharyngitis,AP
J02.0,Streptococcal pharyngitis Streptococcal sore throat,SPS
J02.8,Acute pharyngitis due to other specified organisms,APO
J02.9,"Acute pharyngitis, unspecified Pharyngitis (acute): • NOS • gangrenous • infective NOS • suppurative • ulcerative Sore throat (acute) NOS",APP NOS
J03,Acute tonsillitis,AT
J03.0,Streptococcal tonsillitis,ST
J03.8,Acute tonsillitis due to other specified organisms,ATO
J03.9,"Acute tonsillitis, unspecified Tonsillitis (acute): • NOS • follicular • gangrenous • infective • ulcerative",ATT NOS
J04,Acute laryngitis and tracheitis,ALT
J04.0,Acute laryngitis Laryngitis (acute): • NOS • oedematous • subglottic • suppurative • ulcerative,ALL NOS
J04.1,Acute tracheitis Tracheitis (acute): • NOS • catarrhal,ATT NOS
J04.2,Acute laryngotracheitis Laryngotracheitis NOS Tracheitis (acute) with laryngitis (acute),ALL NOS
J05,Acute obstructive laryngitis [croup] and epiglottitis,AOL
J05.0,Acute obstructive laryngitis [croup] Obstructive laryngitis NOS,AOL NOS
J05.1,Acute epiglottitis Epiglottitis NOS,AEE NOS
J06,Acute upper respiratory infections of multiple and unspecified sites,AUR NOS
J06.0,Acute laryngopharyngitis,AL
J06.8,Other acute upper respiratory infections of multiple sites,AUR
J06.9,"Acute upper respiratory infection, unspecified Upper respiratory: • disease, acute • infection NOS Influenza and pneumonia (J09–J18)",AUR NOS
J09,Influenza due to identified zoonotic or pandemic influenza virus,IIZ
J09–J18,Influenza and pneumonia,IP
J10,influenza due to identified seasonal influenza virus,IIS
J10.0,"Influenza with pneumonia, seasonal influenza virus identified Influenzal (broncho)pneumonia, seasonal influenza virus identified",IPS
J10.1,"Influenza with other respiratory manifestations, seasonal influenza virus identified Influenza Influenzal: • acute upper respiratory infection seasonal influenza virus identified • laryngitis • pharyngitis • pleural effusion",IRM
J10.8,"Influenza with other manifestations, seasonal influenza virus identified Encephalopathy due to influenza Influenzal: seasonal influenza virus identified • gastroenteritis • myocarditis (acute)",IMS
J11,"Influenza, virus not identified",IVN
J11.0,"Influenza with pneumonia, virus not identified Influenzal (broncho)pneumonia, unspecified or specific virus not identified",IPV NOS
J11.1,"Influenza with other respiratory manifestations, virus not identified Influenza NOS Influenzal: • acute upper respiratory infection unspecified or specific virus not • laryngitis identified • pharyngitis • pleural effusion",IRM NOS
J11.8,"Influenza with other manifestations, virus not identified Encephalopathy due to influenza Influenzal: unspecified or specific virus not • gastroenteritis identified • myocarditis (acute)",IMV NOS
J12,"Viral pneumonia, not elsewhere classified",VPN
J12.0,Adenoviral pneumonia,AP
J12.1,Respiratory syncytial virus pneumonia,RSV
J12.2,Parainfluenza virus pneumonia,PVP
J12.3,Human metapneumovirus pneumonia,HMP
J12.8,Other viral pneumonia,VP
J12.9,"Viral pneumonia, unspecified",VP NOS
J13,Pneumonia due to Streptococcus pneumoniae,PSP
J14,Pneumonia due to Haemophilus influenzae,PHI
J15,"Bacterial pneumonia, not elsewhere classified",BPN
J15.0,Pneumonia due to Klebsiella pneumoniae,PKP
J15.1,Pneumonia due to Pseudomonas,PP
J15.2,Pneumonia due to Staphylococcus,PS
J15.3,"Pneumonia due to Staphylococcus, group B",PSG
J15.4,Pneumonia due to other Streptococci,PS
J15.5,Pneumonia due to Escherichia coli,PEC
J15.6,Pneumonia due to other aerobic Gram-negative bacteria Pneumonia (due to): • Gram-negative (aerobic) bacteria NOS • Serratia marcescens,PAG NOS
J15.7,Pneumonia due to Mycoplasma pneumoniae,PMP
J15.8,Other bacterial pneumonia,BP
J15.9,"Bacterial pneumonia, unspecified",BP NOS
J16,"Pneumonia due to other infectious organisms, not elsewhere classified",PIO
J16.0,Chlamydial pneumonia,CP
J16.8,Pneumonia due to other specified infectious organisms,PIO
J17*,Pneumonia in diseases classified elsewhere,PID
J17.0*,Pneumonia in bacterial diseases classified elsewhere Pneumonia (due to)(in): • actinomycosis (A42.0†) • anthrax (A22.1†) • gonorrhoea (A54.8†) • nocardiosis (A43.0†) • Salmonella infection (A02.2†) • tularaemia (A21.2†) • typhoid fever (A01.0†) • whooping cough (A37.-†),PIB
J17.1*,Pneumonia in viral diseases classified elsewhere Pneumonia in: • cytomegalovirus disease (B25.0†) • measles (B05.2†) • rubella (B06.8†) • varicella (B01.2†),PIV
J17.2*,Pneumonia in mycoses Pneumonia in: • aspergillosis (B44.0–B44.1†) • candidiasis (B37.1†) • coccidioidomycosis (B38.0–B38.2†) • histoplasmosis (B39.-†),PIM
J17.3*,Pneumonia in parasitic diseases Pneumonia in: • ascariasis (B77.8†) • schistosomiasis (B65.-†) • toxoplasmosis (B58.3†),PIP
J17.8*,"Pneumonia in other diseases classified elsewhere Pneumonia (in): • ornithosis (A70†) • Q fever (A78†) • rheumatic fever (I00†) • spirochaetal, not elsewhere classified (A69.8†)",PID
J18,"Pneumonia, organism unspecified",PO NOS
J18.0,"Bronchopneumonia, unspecified",BRON NOS
J18.1,"Lobar pneumonia, unspecified",LP NOS
J18.2,"Hypostatic pneumonia, unspecified",HP NOS
J18.8,"Other pneumonia, organism unspecified",PO NOS
J18.9,"Pneumonia, unspecified",PNEU NOS
J20,Acute bronchitis,AB
J20.0,Acute bronchitis due to Mycoplasma pneumoniae,ABM
J20.1,Acute bronchitis due to Haemophilus influenzae,ABH
J20.2,Acute bronchitis due to Streptococcus,ABS
J20.3,Acute bronchitis due to coxsackievirus,ABC
J20.4,Acute bronchitis due to parainfluenza virus,ABP
J20.5,Acute bronchitis due to respiratory syncytial virus,ABR
J20.6,Acute bronchitis due to rhinovirus,ABR
J20.7,Acute bronchitis due to echovirus,ABE
J20.8,Acute bronchitis due to other specified organisms,ABO
J20.9,"Acute bronchitis, unspecified",AB NOS
J20–J22,Other acute lower respiratory infections,ALR
J21,Acute bronchiolitis,AB
J21.0,Acute bronchiolitis due to respiratory syncytial virus,ABR
J21.1,Acute bronchiolitis due to human metapneumovirus,ABH
J21.8,Acute bronchiolitis due to other specified organisms,ABO
J21.9,"Acute bronchiolitis, unspecified Bronchiolitis (acute)",ABB NOS
J22,Unspecified acute lower respiratory infection,ALR NOS
J30,Vasomotor and allergic rhinitis,VAR
J30.0,Vasomotor rhinitis,VR
J30.1,Allergic rhinitis due to pollen Allergy NOS due to pollen Hay fever Pollinosis,ARP NOS
J30.2,Other seasonal allergic rhinitis,SAR
J30.3,Other allergic rhinitis Perennial allergic rhinitis,ARP
J30.4,"Allergic rhinitis, unspecified",AR NOS
J30–J39,Other diseases of upper respiratory tract,DUR
J31,"Chronic rhinitis, nasopharyngitis and pharyngitis",CRN
J31.0,Chronic rhinitis Ozena Rhinitis (chronic): • NOS • atrophic • granulomatous • hypertrophic • obstructive • purulent • ulcerative,CRO NOS
J31.1,Chronic nasopharyngitis,CN
J31.2,Chronic pharyngitis Chronic sore throat Pharyngitis (chronic): • atrophic • granular • hypertrophic,CPC
J32,Chronic sinusitis,CS
J32.0,Chronic maxillary sinusitis Antritis (chronic) Maxillary sinusitis NOS,CMS NOS
J32.1,Chronic frontal sinusitis Frontal sinusitis NOS,CFS NOS
J32.2,Chronic ethmoidal sinusitis Ethmoidal sinusitis NOS,CES NOS
J32.3,Chronic sphenoidal sinusitis Sphenoidal sinusitis NOS,CSS NOS
J32.4,Chronic pansinusitis Pansinusitis NOS,CPP NOS
J32.8,Other chronic sinusitis Sinusitis (chronic) involving more than one sinus but not pansinusitis,CSS
J32.9,"Chronic sinusitis, unspecified Sinusitis (chronic) NOS",CSS NOS
J33,Nasal polyp,NP
J33.0,Polyp of nasal cavity Polyp: • choanal • nasopharyngeal,PNC
J33.1,Polypoid sinus degeneration Woakes’ syndrome or ethmoiditis,PSD
J33.8,Other polyp of sinus Polyp of sinus: • accessory • ethmoidal • maxillary • sphenoidal,PSP
J33.9,"Nasal polyp, unspecified",NP NOS
J34,Other disorders of nose and nasal sinuses,DNN NOS
J34.0,"Abscess, furuncle and carbuncle of nose Cellulitis Necrosis of nose (septum) Ulceration",AFC NOS
J34.1,Cyst and mucocele of nose and nasal sinus,CMN NOS
J34.2,Deviated nasal septum Deflection or deviation of septum (nasal)(acquired),DNS
J34.3,Hypertrophy of nasal turbinates,HNT
J34.8,Other specified disorders of nose and nasal sinuses Perforation of nasal septum NOS Rhinolith,DNN NOS
J35,Chronic diseases of tonsils and adenoids,CDT
J35.0,Chronic tonsillitis,CT
J35.1,Hypertrophy of tonsils Enlargement of tonsils,HTE
J35.2,Hypertrophy of adenoids Enlargement of adenoids,HAE
J35.3,Hypertrophy of tonsils with hypertrophy of adenoids,HTH
J35.8,Other chronic diseases of tonsils and adenoids Adenoid vegetations Amygdalolith Cicatrix of tonsil (and adenoid) Tonsillar tag Ulcer of tonsil,CDT
J35.9,"Chronic disease of tonsils and adenoids, unspecified Disease (chronic) of tonsils and adenoids NOS",CDT NOS
J36,Peritonsillar abscess,PA
J37,Chronic laryngitis and laryngotracheitis,CLL
J37.0,Chronic laryngitis Laryngitis: • catarrhal • hypertrophic • sicca,CLL
J37.1,"Chronic laryngotracheitis Laryngitis, chronic, with tracheitis (chronic) Tracheitis, chronic, with laryngitis",CLL
J38,"Diseases of vocal cords and larynx, not elsewhere classified",DVC
J38.0,Paralysis of vocal cords and larynx Laryngoplegia Paralysis of glottis,PVC
J38.1,Polyp of vocal cord and larynx,PVC
J38.2,Nodules of vocal cords Chorditis (fibrinous)(nodosa)(tuberosa) Singer’s nodes Teacher’s nodes,NVC
J38.3,Other diseases of vocal cords Abscess Cellulitis Granuloma of vocal cord(s) Leukokeratosis Leukoplakia,DVC
J38.4,Oedema of larynx Oedema (of): • glottis • subglottic • supraglottic,OLO
J38.5,Laryngeal spasm Laryngismus (stridulus),LSL
J38.6,Stenosis of larynx,SL NOS
J38.7,Other diseases of larynx Abscess Cellulitis Disease NOS Necrosis of larynx Pachyderma Perichondritis Ulcer,DLA NOS
J39,Other diseases of upper respiratory tract,DUR
J39.0,Retropharyngeal and parapharyngeal abscess Peripharyngeal abscess,RPA
J39.1,Other abscess of pharynx Cellulitis of pharynx Nasopharyngeal abscess,APC
J39.2,Other diseases of pharynx Cyst of pharynx or nasopharynx Oedema,DPC
J39.3,"Upper respiratory tract hypersensitivity reaction, site unspecified",URT NOS
J39.8,Other specified diseases of upper respiratory tract,DUR
J39.9,"Disease of upper respiratory tract, unspecified Chronic lower respiratory diseases (J40–J47)",DUR NOS
J40,"Bronchitis, not specified as acute or chronic",BNA
J40–J47,Chronic lower respiratory diseases,CLR
J41,Simple and mucopurulent chronic bronchitis,SMC
J41.0,Simple chronic bronchitis,SCB
J41.1,Mucopurulent chronic bronchitis,MCB
J41.8,Mixed simple and mucopurulent chronic bronchitis,MSM
J42,Unspecified chronic bronchitis,CB NOS
J43,Emphysema,EMPH
J43.0,MacLeod’s syndrome Unilateral: • emphysema • transparency of lung,MSU
J43.1,Panlobular emphysema Panacinar emphysema,PEP
J43.2,Centrilobular emphysema,CE
J43.8,Other emphysema,EMPH
J43.9,"Emphysema, unspecified Emphysema (lung)(pulmonary): • NOS • bullous • vesicular Emphysematous bleb",EE• NOS
J44,Other chronic obstructive pulmonary disease,COPD
J44.0,Chronic obstructive pulmonary disease with acute lower respiratory infection,COPD
J44.1,"Chronic obstructive pulmonary disease with acute exacerbation, unspecified",COPD
J44.8,Other specified chronic obstructive pulmonary disease Chronic bronchitis: • asthmatic (obstructive) NOS • emphysematous NOS • obstructive NOS,COPD
J44.9,"Chronic obstructive pulmonary disease, unspecified Chronic obstructive: • airway disease NOS • lung disease NOS",COPD
J45,Asthma,ASTH
J45.0,Predominantly allergic asthma Allergic: • bronchitis NOS • rhinitis with asthma Atopic asthma Extrinsic allergic asthma Hay fever with asthma,PAA NOS
J45.1,Nonallergic asthma Idiosyncratic asthma Intrinsic nonallergic asthma,NAI
J45.8,Mixed asthma Combination of conditions listed in J45.0 and J45.1,MAC
J45.9,"Asthma, unspecified Asthmatic bronchitis NOS Late-onset asthma",AAB NOS
J46,Status asthmaticus,SA
J47,Bronchiectasis,BRON
J60,Coalworker’s pneumoconiosis,CP
J60–J70,respiratory conditions due to external agents,RCE
J61,Pneumoconiosis due to asbestos and other mineral fibres,PAM
J62,Pneumoconiosis due to dust containing silica,PDC
J62.0,Pneumoconiosis due to talc dust,PTD
J62.8,Pneumoconiosis due to other dust containing silica Silicosis NOS,PDC NOS
J63,Pneumoconiosis due to other inorganic dusts,PID
J63.0,Aluminosis (of lung),ALUM NOS
J63.1,Bauxite fibrosis (of lung),BF
J63.2,Berylliosis,BERY
J63.3,Graphite fibrosis (of lung),GF
J63.4,Siderosis,SIDE
J63.5,Stannosis,STAN NOS
J63.8,Pneumoconiosis due to other specified inorganic dusts,PID
J64,Unspecified pneumoconiosis,PNEU NOS
J65,Pneumoconiosis associated with tuberculosis,TB
J66,Airway disease due to specific organic dust,ADS
J66.0,Byssinosis Airway disease due to cotton dust,BAD NOS
J66.1,Flax-dresser’s disease,FD
J66.2,Cannabinosis,CANN NOS
J66.8,Airway disease due to other specific organic dusts,ADS
J67,Hypersensitivity pneumonitis due to organic dust,HPO
J67.0,Farmer’s lung Harvester’s lung Haymaker’s lung Mouldy hay disease,FLH
J67.1,Bagassosis Bagasse: • disease • pneumonitis,BB•
J67.2,Bird fancier’s lung Budgerigar fancier’s disease or lung Pigeon fancier’s disease or lung,BFL
J67.3,Suberosis Corkhandler’s disease or lung Corkworker’s disease or lung,SCD
J67.4,Maltworker’s lung Alveolitis due to Aspergillus clavatus,MLA
J67.5,Mushroom-worker’s lung,ML
J67.6,Maple-bark-stripper’s lung Alveolitis due to Cryptostroma corticale Cryptostromosis,MLA
J67.7,"Air-conditioner and humidifier lung Allergic alveolitis due to fungi, thermophilic actinomycetes and other organisms growing in ventilation [air-conditioning] systems",AHL
J67.8,Hypersensitivity pneumonitis due to other organic dusts Cheese-washer’s lung Coffee-worker’s lung Fishmeal-worker’s lung Furrier’s lung Sequoiosis,HPO
J67.9,Hypersensitivity pneumonitis due to unspecified organic dust Allergic alveolitis (extrinsic) NOS Hypersensitivity pneumonitis NOS,HPO NOS
J67–J70,"pneumonitis, due to external agents",PEA
J68,"Respiratory conditions due to inhalation of chemicals, gases, fumes and vapours",RCI
J68.0,"Bronchitis and pneumonitis due to chemicals, gases, fumes and vapours Chemical bronchitis (acute)",BPC
J68.1,"Pulmonary oedema due to chemicals, gases, fumes and vapours Chemical pulmonary oedema (acute)",POC
J68.2,"Upper respiratory inflammation due to chemicals, gases, fumes and vapours, not elsewhere classified",URI
J68.3,"Other acute and subacute respiratory conditions due to chemicals, gases, fumes and vapours Reactive airways dysfunction syndrome",ASR
J68.4,"Chronic respiratory conditions due to chemicals, gases, fumes and vapours Emphysema (diffuse)(chronic) Obliterative bronchiolitis (chronic) due to inhalation of chemicals, (subacute) gases, fumes and vapours Pulmonary fibrosis (chronic)",CRC
J68.8,"Other respiratory conditions due to chemicals, gases, fumes and vapours",RCC
J68.9,"Unspecified respiratory condition due to chemicals, gases, fumes and vapours",RCC NOS
J69,Pneumonitis due to solids and liquids,PSL
J69.0,Pneumonitis due to food and vomit Aspiration pneumonia (due to): • NOS • food (regurgitated) • gastric secretions • milk • vomit,PFV NOS
J69.1,Pneumonitis due to oils and essences Lipid pneumonia,POE
J69.8,Pneumonitis due to other solids and liquids Pneumonitis due to aspiration of blood,PSL
J70,Respiratory conditions due to other external agents,RCE
J70.0,Acute pulmonary manifestations due to radiation Radiation pneumonitis,APM
J70.1,Chronic and other pulmonary manifestations due to radiation Fibrosis of lung following radiation,CPM
J70.2,Acute drug-induced interstitial lung disorders,ADI
J70.3,Chronic drug-induced interstitial lung disorders,CDI
J70.4,"Drug-induced interstitial lung disorders, unspecified",DIL NOS
J70.8,Respiratory conditions due to other specified external agents,RCE
J70.9,Respiratory conditions due to unspecified external agent,RCE NOS
J80,Adult respiratory distress syndrome,ARD
J80–J84,Other respiratory diseases principally affecting the interstitium,RDP
J81,Pulmonary oedema,PO
J82,"Pulmonary eosinophilia, not elsewhere classified",PEN
J84,Other interstitial pulmonary diseases,IPD
J84.0,Alveolar and parietoalveolar conditions Alveolar proteinosis Pulmonary alveolar microlithiasis,APC NOS
J84.1,Other interstitial pulmonary diseases with fibrosis Diffuse pulmonary fibrosis Fibrosing alveolitis (cryptogenic) Hamman–Rich syndrome Idiopathic pulmonary fibrosis Usual interstitial pneumonia,IPD
J84.8,Other specified interstitial pulmonary diseases,IPD
J84.9,"Interstitial pulmonary disease, unspecified Interstitial pneumonia NOS Suppurative and necrotic conditions of lower respiratory tract (J85–J86)",IPD NOS
J85,Abscess of lung and mediastinum,ALM
J85.0,Gangrene and necrosis of lung,GNL
J85.1,Abscess of lung with pneumonia,ALP
J85.2,Abscess of lung without pneumonia Abscess of lung NOS,ALW NOS
J85.3,Abscess of mediastinum,AM
J85–J86,Suppurative and necrotic conditions of lower respiratory tract,SNC
J86,Pyothorax,PYOT
J86.0,Pyothorax with fistula,PF
J86.9,Pyothorax without fistula,PWF
J90,"Pleural effusion, not elsewhere classified",PEN
J90–J94,Other diseases of pleura,DP
J91*,Pleural effusion in conditions classified elsewhere,PEI
J92,Pleural plaque,PP
J92.0,Pleural plaque with presence of asbestos,PPP
J92.9,Pleural plaque without asbestos Pleural plaque NOS,PPW NOS
J93,Pneumothorax,PNEU
J93.0,Spontaneous tension pneumothorax,STP
J93.1,Other spontaneous pneumothorax,SP
J93.8,Other pneumothorax,PNEU
J93.9,"Pneumothorax, unspecified",PNEU NOS
J94,Other pleural conditions,PC
J94.0,Chylous effusion Chyliform effusion,CEC
J94.1,Fibrothorax,FIBR
J94.2,Haemothorax Haemopneumothorax,HH
J94.8,Other specified pleural conditions Hydrothorax,PCH
J94.9,"Pleural condition, unspecified Other diseases of the respiratory system (J95–J99)",PCD NOS
J95,"Postprocedural respiratory disorders, not elsewhere classified",PRD
J95.0,Tracheostomy malfunction Haemorrhage from tracheostomy stoma Obstruction of tracheostomy airway Sepsis of tracheostomy stoma Tracheo-oesophageal fistula following tracheostomy,TMH
J95.1,Acute pulmonary insufficiency following thoracic surgery,API
J95.2,Acute pulmonary insufficiency following nonthoracic surgery,API
J95.3,Chronic pulmonary insufficiency following surgery,CPI
J95.4,Mendelson syndrome Chemical pneumonitis due to aspiration during anesthesia,MSC
J95.5,Postprocedural subglottic stenosis,PSS NOS
J95.8,Other postprocedural respiratory disorders,PRD
J95.9,"Postprocedural respiratory disorder, unspecified",PRD NOS
J95–J99,Other diseases of the respiratory system Asterisk categories for this chapter are provided as follows:,DRS
J96,"Respiratory failure, not elsewhere classified",RFN
J96.0,Acute respiratory failure,ARF
J96.1,Chronic respiratory failure,CRF
J96.9,"Respiratory failure, unspecified",RF NOS
J98,Other respiratory disorders,RD
J98.0,"Diseases of bronchus, not elsewhere classified Broncholithiasis Calcification Stenosis of bronchus Ulcer Tracheobronchial: • collapse • dyskinesia",DBN NOS
J98.1,Pulmonary collapse Atelectasis Collapse of lung,PCA
J98.2,Interstitial emphysema Mediastinal emphysema,IEM
J98.3,Compensatory emphysema,CE
J98.4,Other disorders of lung Calcification of lung Cystic lung disease (acquired) Lung disease NOS Pulmolithiasis,DLC NOS
J98.5,"Diseases of mediastinum, not elsewhere classified Fibrosis Hernia of mediastinum Retraction Mediastinitis",DMN
J98.6,Disorders of diaphragm Diaphragmatitis Paralysis of diaphragm Relaxation of diaphragm,DDD
J98.8,Other specified respiratory disorders,RD
J98.9,"Respiratory disorder, unspecified Respiratory disease (chronic) NOS",RDR NOS
J99*,Respiratory disorders in diseases classified elsewhere,RDI
J99.0*,Rheumatoid lung disease (M05.1†),RLD
J99.1*,Respiratory disorders in other diffuse connective tissue disorders Respiratory disorders in: • dermatomyositis (M33.0–M33.1†) • polymyositis (M33.2†) • sicca syndrome [Sjögren] (M35.0†) • systemic: – lupus erythematosus (M32.1†) – sclerosis (M34.8†) • Wegener granulomatosis (M31.3†),RDI
J99.8*,Respiratory disorders in other diseases classified elsewhere Respiratory disorders in: • amoebiasis (A06.5†) • ankylosing spondylitis (M45†) • cryoglobulinaemia (D89.1†) • sporotrichosis (B42.0†) • syphilis (A52.7†),RDI
K00,Disorders of tooth development and eruption,DTD
K00.0,Anodontia Hypodontia Oligodontia,AHO
K00.1,Supernumerary teeth Distomolar Fourth molar Mesiodens Paramolar Supplementary teeth,STD
K00.2,Abnormalities of size and form of teeth Concrescence Fusion of teeth Gemination Dens: • evaginatus • in dente • invaginatus Enamel pearls Macrodontia Microdontia Peg-shaped [conical] teeth Taurodontism Tuberculum paramolare,ASF
K00.3,Mottled teeth Dental fluorosis Mottling of enamel Nonfluoride enamel opacities,MTD
K00.4,Disturbances in tooth formation Aplasia and hypoplasia of cementum,DIT
K00.5,"Hereditary disturbances in tooth structure, not elsewhere classified Amelogenesis Dentinogenesis imperfecta Odontogenesis Dentinal dysplasia Shell teeth",HDI
K00.6,Disturbances in tooth eruption Dentia praecox Natal tooth Neonatal Premature: • eruption of tooth • shedding of primary [deciduous] tooth Retained [persistent] primary tooth,DIT
K00.7,Teething syndrome,TS
K00.8,Other disorders of tooth development Colour changes during tooth formation Intrinsic staining of teeth NOS,DTD NOS
K00.9,"Disorder of tooth development, unspecified Disorder of odontogenesis NOS",DTD NOS
K00–K14,"Diseases of oral cavity, salivary glands and jaws",DOC
K01,Embedded and impacted teeth,EIT
K01.0,Embedded teeth An embedded tooth is a tooth that has failed to erupt without obstruction by another tooth.,ETA
K01.1,Impacted teeth An impacted tooth is a tooth that has failed to erupt because of obstruction by another tooth.,ITA
K02,Dental caries,DC
K02.0,Caries limited to enamel White spot lesions [initial caries],CLE
K02.1,Caries of dentine,CD
K02.2,Caries of cementum,CC
K02.3,Arrested dental caries,ADC
K02.4,Odontoclasia Infantile melanodontia Melanodontoclasia,OIM
K02.5,Caries with pulp exposure,CPE
K02.8,Other dental caries,DC
K02.9,"Dental caries, unspecified",DC NOS
K03,Other diseases of hard tissues of teeth,DHT
K03.0,Excessive attrition of teeth Wear: • approximal of teeth • occlusal,EAT
K03.1,Abrasion of teeth Abrasion: • dentifrice • habitual • occupational of teeth • ritual • traditional Wedge defect NOS,ATA NOS
K03.2,Erosion of teeth Erosion of teeth: • NOS • due to: – diet – drugs and medicaments – persistent vomiting • idiopathic • occupational,ETE NOS
K03.3,Pathological resorption of teeth Internal granuloma of pulp Resorption of teeth (external),PRT
K03.4,Hypercementosis Cementation hyperplasia,HCH
K03.5,Ankylosis of teeth,AT
K03.6,Deposits [accretions] on teeth Dental calculus: • subgingival • supragingival Deposits [accretions] on teeth: • betel • black • green • materia alba • orange • tobacco Staining of teeth: • NOS • extrinsic NOS,DOT NOS
K03.7,Posteruptive colour changes of dental hard tissues,PCC
K03.8,Other specified diseases of hard tissues of teeth Irradiated enamel Sensitive dentine,DHT
K03.9,"Disease of hard tissues of teeth, unspecified",DHT NOS
K04,Diseases of pulp and periapical tissues,DPP
K04.0,Pulpitis Pulpitis: • NOS • acute • chronic (hyperplastic)(ulcerative) • irreversible • reversible,PP• NOS
K04.1,Necrosis of pulp Pulpal gangrene,NPP
K04.2,Pulp degeneration Denticles Pulpal: • calcifications • stones,PDD
K04.3,Abnormal hard tissue formation in pulp Secondary or irregular dentine,AHT
K04.4,Acute apical periodontitis of pulpal origin Acute apical periodontitis NOS,AAP NOS
K04.5,Chronic apical periodontitis Apical or periapical granuloma Apical periodontitis NOS,CAP NOS
K04.6,Periapical abscess with sinus Dental abscess with sinus Dentoalveolar,PAS
K04.7,Periapical abscess without sinus Dental Dentoalveolar abscess NOS Periapical,PAW NOS
K04.8,Radicular cyst Cyst: apical (periodontal) periapical residual radicular,RCC
K04.9,Other and unspecified diseases of pulp and periapical tissues,DPP NOS
K05,Gingivitis and periodontal diseases,GPD
K05.0,Acute gingivitis,AG
K05.1,Chronic gingivitis Gingivitis (chronic): • NOS • desquamative • hyperplastic • simple marginal • ulcerative,CGG NOS
K05.2,Acute periodontitis Acute pericoronitis Parodontal abscess Periodontal abscess,APA
K05.3,Chronic periodontitis Chronic pericoronitis Periodontitis: • NOS • complex • simplex,CPC NOS
K05.4,Periodontosis Juvenile periodontosis,PJP
K05.5,Other periodontal diseases,PD
K05.6,"Periodontal disease, unspecified",PD NOS
K06,Other disorders of gingiva and edentulous alveolar ridge,DGE
K06.0,Gingival recession Gingival recession (generalized)(localized)(postinfective)(post-operative),GRG
K06.1,Gingival enlargement Gingival fibromatosis,GEG
K06.2,Gingival and edentulous alveolar ridge lesions associated with trauma Irritative hyperplasia of edentulous ridge [denture hyperplasia],GEA
K06.8,Other specified disorders of gingiva and edentulous alveolar ridge Fibrous epulis Flabby ridge Giant cell epulis Peripheral giant cell granuloma Pyogenic granuloma of gingiva,DGE
K06.9,"Disorder of gingiva and edentulous alveolar ridge, unspecified",DGE NOS
K07,Dentofacial anomalies [including malocclusion],DA
K07.0,"Major anomalies of jaw size Hyperplasia, hypoplasia: • mandibular • maxillary Macrognathism (mandibular)(maxillary) Micrognathism (mandibular)(maxillary)",MAJ
K07.1,Anomalies of jaw-cranial base relationship Asymmetry of jaw Prognathism (mandibular)(maxillary) Retrognathism (mandibular)(maxillary),AJB
K07.2,Anomalies of dental arch relationship Crossbite (anterior)(posterior) Disto-occlusion Mesio-occlusion Midline deviation of dental arch Openbite (anterior)(posterior) Overbite (excessive): • deep • horizontal • vertical Overjet Posterior lingual occlusion of mandibular teeth,ADA
K07.3,"Anomalies of tooth position Crowding Diastema Displacement of tooth or teeth Rotation Spacing, abnormal Transposition Impacted or embedded teeth with abnormal position of such teeth or adjacent teeth",ATP
K07.4,"Malocclusion, unspecified",MALO NOS
K07.5,"Dentofacial functional abnormalities Abnormal jaw closure Malocclusion due to: • abnormal swallowing • mouth breathing • tongue, lip or finger habits",DFA
K07.6,Temporomandibular joint disorders Costen complex or syndrome Derangement of temporomandibular joint Snapping jaw Temporomandibular joint-pain-dysfunction syndrome,TJD
K07.8,Other dentofacial anomalies,DA
K07.9,"Dentofacial anomaly, unspecified",DA NOS
K08,Other disorders of teeth and supporting structures,DTS
K08.0,Exfoliation of teeth due to systemic causes,ETS
K08.1,"Loss of teeth due to accident, extraction or local periodontal disease",LTA
K08.2,Atrophy of edentulous alveolar ridge,AEA
K08.3,Retained dental root,RDR
K08.8,Other specified disorders of teeth and supporting structures Alveolar (process) cleft Enlargement of alveolar ridge NOS Irregular alveolar process Toothache NOS,DTS NOS
K08.9,"Disorder of teeth and supporting structures, unspecified",DTS NOS
K09,"Cysts of oral region, not elsewhere classified",COR
K09.0,Developmental odontogenic cysts Cyst (of): • nasolabial [nasoalveolar] • nasopalatine duct [incisive canal],DOC
K09.1,Developmental (nonodontogenic) cysts of oral region Cyst (of): • nasolabial [nasoalveolar] • nasopalatine duct [incisive canal],DCO
K09.2,Other cysts of jaw Cyst of jaw: • NOS • aneurysmal • haemorrhagic • traumatic,CJC NOS
K09.8,"Other cysts of oral region, not elsewhere classified Dermoid cyst Epidermoid cyst of mouth Lymphoepithelial cyst Epstein pearl",COR
K09.9,"Cyst of oral region, unspecified",COR NOS
K10,Other diseases of jaws,DJ
K10.0,Developmental disorders of jaws Latent bone cyst of jaw Stafne cyst Torus: • mandibularis • palatinus,DDJ
K10.1,"Giant cell granuloma, central Giant cell granuloma NOS",GCG NOS
K10.2,Inflammatory conditions of jaws Osteitis Osteomyelitis (neonatal) of jaw (acute) Osteonecrosis (drug-induced)(radiation-induced) (chronic) Osteo (radio) necrosis (suppurative) Periostitis Sequestrum of jaw bone,ICJ
K10.3,Alveolitis of jaws Alveolar osteitis Dry socket,AJA
K10.8,Other specified diseases of jaws Cherubism Exostosis of jaw Fibrous dysplasia Unilateral condylar: • hyperplasia • hypoplasia,DJC
K10.9,"Disease of jaws, unspecified",DJ NOS
K11,Diseases of salivary glands,DSG
K11.0,Atrophy of salivary gland,ASG
K11.1,Hypertrophy of salivary gland,HSG
K11.2,Sialoadenitis,SIAL
K11.3,Abscess of salivary gland,ASG
K11.4,Fistula of salivary gland,FSG
K11.5,Sialolithiasis Calculus of salivary gland or duct Stone,SCS
K11.6,Mucocele of salivary gland Mucous: • extravasation cyst of salivary gland • retention cyst Ranula,MSG
K11.7,Disturbances of salivary secretion Hypoptyalism Ptyalism Xerostomia,DSS
K11.8,Other diseases of salivary glands Benign lymphoepithelial lesion of salivary gland Mikulicz disease Necrotizing sialometaplasia Sialectasia Stenosis of salivary gland Stricture,DSG NOS
K11.9,"Disease of salivary gland, unspecified Sialoadenopathy NOS",DSG NOS
K12,Stomatitis and related lesions,SRL
K12.0,Recurrent oral aphthae Aphthous stomatitis (major)(minor) Bednar aphthae Periadenitis mucosa necrotica recurrens Recurrent aphthous ulcer Stomatitis herpetiformis,ROA
K12.1,Other forms of stomatitis Stomatitis: • NOS • denture • ulcerative • vesicular,FSS NOS
K12.2,Cellulitis and abscess of mouth Cellulitis of mouth (floor) Submandibular abscess,CAM
K12.3,Oral mucositis (ulcerative) Mucositis (oral) (oropharyngeal): • NOS • drug-induced • radiation induced • viral,OMM NOS
K13,Other diseases of lip and oral mucosa,DLO
K13.0,Diseases of lips Cheilitis: • NOS • angular • exfoliative • glandular Cheilodynia Cheilosis Perlèche NEC,DLC NOS
K13.1,Cheek and lip biting,CLB
K13.2,"Leukoplakia and other disturbances of oral epithelium,",LDO
K13.3,Hairy leukoplakia,HL
K13.4,Granuloma and granuloma-like lesions of oral mucosa Eosinophilic granuloma Granuloma pyogenicum of oral mucosa Verrucous xanthoma,GGL
K13.5,Oral submucous fibrosis Submucous fibrosis of tongue,OSF
K13.6,Irritative hyperplasia of oral mucosa,IHO
K13.7,Other and unspecified lesions of oral mucosa Focal oral mucinosis,LOM NOS
K14,Diseases of tongue,DT
K14.0,Glossitis Abscess of tongue Ulceration (traumatic),GAT
K14.1,Geographic tongue Benign migratory glossitis Glossitis areata exfoliativa,GTB
K14.2,Median rhomboid glossitis,MRG
K14.3,Hypertrophy of tongue papillae Black hairy tongue Coated tongue Hypertrophy of foliate papillae Lingua villosa nigra,HTP
K14.4,Atrophy of tongue papillae,ATP
K14.5,Plicated tongue Fissured Furrowed tongue Scrotal,PTF
K14.6,Glossodynia Glossopyrosis Painful tongue,GGP
K14.8,Other diseases of tongue Atrophy Crenated (of) tongue Enlargement Hypertrophy,DTA
K14.9,"Disease of tongue, unspecified Glossopathy NOS Diseases of oesophagus, stomach and duodenum (K20–K31)",DTG NOS
K20,Oesophagitis,OESO
K20–K31,"Diseases of oesophagus, stomach and duodenum",DOS
K21,Gastro-oesophageal reflux disease,GRD
K21.0,Gastro-oesophageal reflux disease with oesophagitis Reflux oesophagitis,GRD
K21.9,Gastro-oesophageal reflux disease without oesophagitis Oesophageal reflux NOS,GRD NOS
K22,Other diseases of oesophagus,DO
K22.0,Achalasia of cardia Achalasia NOS Cardiospasm,ACA NOS
K22.1,Ulcer of oesophagus Erosion of oesophagus Ulcer of oesophagus: • NOS • due to ingestion of: – chemicals – drugs and medicaments • fungal • peptic Ulcerative oesophagitis,UOE NOS
K22.2,Oesophageal obstruction Compression Constriction of oesophagus Stenosis Stricture,OOC NOS
K22.3,Perforation of oesophagus Rupture of oesophagus,POR
K22.4,Dyskinesia of oesophagus Corkscrew oesophagus Diffuse oesophageal spasm Spasm of oesophagus,DOC
K22.5,"Diverticulum of oesophagus, acquired Oesophageal pouch, acquired",DOA
K22.6,Gastro-oesophageal laceration-haemorrhage syndrome Mallory–Weiss syndrome,GLS
K22.7,Barrett oesophagus Barrett: • disease • syndrome,BOB
K22.8,Other specified diseases of oesophagus Haemorrhage of oesophagus NOS,DOH NOS
K22.9,"Disease of oesophagus, unspecified",DO NOS
K23*,Disorders of oesophagus in diseases classified elsewhere,DOI
K23.0*,Tuberculous oesophagitis (A18.8†),TO
K23.1*,Megaoesophagus in Chagas disease (B57.3†),MIC
K23.8*,Disorders of oesophagus in other diseases classified elsewhere,DOI
K25,Gastric ulcer [See at the beginning of this block for subdivisions],GU
K25–K28,with peptic ulcer,PU
K26,Duodenal ulcer [See at the beginning of this block for subdivisions],DU
K27,"Peptic ulcer, site unspecified [See at the beginning of this block for subdivisions]",PUS NOS
K28,Gastrojejunal ulcer [See at the beginning of this block for subdivisions],GU
K29,Gastritis and duodenitis,GD
K29.0,Acute haemorrhagic gastritis Acute (erosive) gastritis with haemorrhage,AHG
K29.1,Other acute gastritis,AG
K29.2,Alcoholic gastritis,AG
K29.3,Chronic superficial gastritis,CSG
K29.4,Chronic atrophic gastritis Gastric atrophy,CAG
K29.5,"Chronic gastritis, unspecified Chronic gastritis: • antral • fundal",CGC NOS
K29.6,Other gastritis Giant hypertrophic gastritis Granulomatous gastritis Ménétrier disease,GGH
K29.7,"Gastritis, unspecified",GAST NOS
K29.8,Duodenitis,DUOD
K29.9,"Gastroduodenitis, unspecified",GAST NOS
K30,Functional dyspepsia,FD
K31,Other diseases of stomach and duodenum,DSD
K31.0,Acute dilatation of stomach Acute distension of stomach,ADS
K31.1,Adult hypertrophic pyloric stenosis Pyloric stenosis NOS,AHP NOS
K31.2,Hourglass stricture and stenosis of stomach,HSS NOS
K31.3,"Pylorospasm, not elsewhere classified",PNE
K31.4,Gastric diverticulum,GD
K31.5,Obstruction of duodenum Constriction Stenosis of duodenum Stricture Duodenal ileus (chronic),ODC NOS
K31.6,Fistula of stomach and duodenum Gastrocolic fistula Gastrojejunocolic fistula,FSD
K31.7,Polyp of stomach and duodenum,PSD
K31.8,Other specified diseases of stomach and duodenum Achlorhydria Gastroptosis Hourglass contraction of stomach,DSD
K31.9,"Disease of stomach and duodenum, unspecified Diseases of appendix (K35–K38)",DSD NOS
K35,Acute appendicitis,AA
K35.2,Acute appendicitis with generalized peritonitis Appendicitis (acute) with generalized (diffuse) peritonitis following rupture or perforation,AAG
K35.3,Acute appendicitis with localized peritonitis Acute appendicitis (with or without perforation or rupture) with peritonitis: • NOS • localized Acute appendicitis with peritoneal abscess,AAL NOS
K35.8,"Acute appendicitis, other and unspecified Acute appendicitis without mention of localized or generalized peritonitis",AAA NOS
K35–K38,Diseases of appendix,DA
K36,Other appendicitis,APPE
K37,Unspecified appendicitis,APPE NOS
K38,Other diseases of appendix,DA
K38.0,Hyperplasia of appendix,HA
K38.1,Appendicular concretions Faecalith of appendix Stercolith,ACF
K38.2,Diverticulum of appendix,DA
K38.3,Fistula of appendix,FA
K38.8,Other specified diseases of appendix Intussusception of appendix,DAI
K38.9,"Disease of appendix, unspecified Hernia (K40–K46)",DAH NOS
K40,Inguinal hernia,IH
K40.0,"Bilateral inguinal hernia, with obstruction, without gangrene",BIH
K40.1,"Bilateral inguinal hernia, with gangrene",BIH
K40.2,"Bilateral inguinal hernia, without obstruction or gangrene Bilateral inguinal hernia NOS",BIH NOS
K40.3,"Unilateral or unspecified inguinal hernia, with obstruction, without gangrene Inguinal hernia (unilateral): • causing obstruction • incarcerated without gangrene • irreducible • strangulated",UOI NOS
K40.4,"Unilateral or unspecified inguinal hernia, with gangrene Inguinal hernia NOS with gangrene",UOI NOS
K40.9,"Unilateral or unspecified inguinal hernia, without obstruction or gangrene Inguinal hernia (unilateral) NOS",UOI NOS
K40–K46,with hernia,HERN
K41,Femoral hernia,FH
K41.0,"Bilateral femoral hernia, with obstruction, without gangrene",BFH
K41.1,"Bilateral femoral hernia, with gangrene",BFH
K41.2,"Bilateral femoral hernia, without obstruction or gangrene Bilateral femoral hernia NOS",BFH NOS
K41.3,"Unilateral or unspecified femoral hernia, with obstruction, without gangrene Femoral hernia (unilateral): • causing obstruction • incarcerated without gangrene • irreducible • strangulated",UOF NOS
K41.4,"Unilateral or unspecified femoral hernia, with gangrene",UOF NOS
K41.9,"Unilateral or unspecified femoral hernia, without obstruction or gangrene Femoral hernia (unilateral) NOS",UOF NOS
K42,Umbilical hernia,UH
K42.0,"Umbilical hernia with obstruction, without gangrene Umbilical hernia: • causing obstruction • incarcerated without gangrene • irreducible • strangulated",UHO
K42.1,Umbilical hernia with gangrene Gangrenous umbilical hernia,UHG
K42.9,Umbilical hernia without obstruction or gangrene Umbilical hernia NOS,UHW NOS
K43,Ventral hernia,VH
K43.0,"Incisional hernia with obstruction, without gangrene Incisional hernia: • causing obstruction • incarcerated without gangrene • irreducible • strangulated",IHO
K43.1,Incisional hernia with gangrene Gangrenous incisional hernia,IHG
K43.2,Incisional hernia without obstruction or gangrene Incisional hernia NOS,IHW NOS
K43.3,"Parastomal hernia with obstruction, without gangrene Parastomal hernia: • causing obstruction • incarcerated without gangrene without gangrene • irreducible • strangulated",PHO
K43.4,Parastomal hernia with gangrene Gangrenous parastomal hernia,PHG
K43.5,Parastomal hernia without obstruction or gangrene Parastomal hernia NOS,PHW NOS
K43.6,Other and unspecified ventral hernia with obstruction without gangrene Hernia • epigastric • hypogastric • midline • spigelian • subxiphoid without gangrene Any condition listed under K43.6 • causing obstruction • incarcerated • irreducible • strangulated,VHO NOS
K43.7,Other and unspecified ventral hernia with gangrene Any condition listed under K43.6 specified as gangrenous,VHG NOS
K43.9,Other and unspecified ventral hernia without obstruction or gangrene Ventral hernia NOS,VHW NOS
K44,Diaphragmatic hernia,DH
K44.0,"Diaphragmatic hernia with obstruction, without gangrene Diaphragmatic hernia: • causing obstruction • incarcerated without gangrene • irreducible • strangulated",DHO
K44.1,Diaphragmatic hernia with gangrene Gangrenous diaphragmatic hernia,DHG
K44.9,Diaphragmatic hernia without obstruction or gangrene Diaphragmatic hernia NOS,DHW NOS
K45,Other abdominal hernia,AH
K45.0,"Other specified abdominal hernia with obstruction, without gangrene Any condition listed under K45: • causing obstruction • incarcerated without gangrene • irreducible • strangulated",AHO
K45.1,Other specified abdominal hernia with gangrene Any condition listed under K45 specified as gangrenous,AHG
K45.8,Other specified abdominal hernia without obstruction or gangrene,AHW
K46,Unspecified abdominal hernia,AH NOS
K46.0,"Unspecified abdominal hernia with obstruction, without gangrene Any condition listed under K46: • causing obstruction • incarcerated without gangrene • irreducible • strangulated",AHO NOS
K46.1,Unspecified abdominal hernia with gangrene Any condition listed under K46 specified as gangrenous,AHG NOS
K46.9,Unspecified abdominal hernia without obstruction or gangrene Abdominal hernia NOS Noninfective enteritis and colitis (K50–K52),AHW NOS
K50,Crohn disease [regional enteritis],CD
K50.0,Crohn disease of small intestine Crohn disease [regional enteritis] of: • duodenum • ileum • jejunum Ileitis: • regional • terminal,CDS
K50.1,Crohn disease of large intestine Colitis: • granulomatous • regional Crohn disease [regional enteritis] of: • colon • large bowel • rectum,CDL
K50.8,Other Crohn disease Crohn disease of both small and large intestine,CDC
K50.9,"Crohn disease, unspecified Regional enteritis NOS",CDR NOS
K50–K52,Noninfective enteritis and colitis,NEC
K51,Ulcerative colitis,UC
K51.0,Ulcerative (chronic) pancolitis backwash ileitis,UPB
K51.2,Ulcerative (chronic) proctitis,UP
K51.3,Ulcerative (chronic) rectosigmoiditis,UR
K51.4,Inflammatory polyps,IP
K51.5,Left-sided colitis left hemicolitis,LCL
K51.8,Other ulcerative colitis,UC
K51.9,"Ulcerative colitis, unspecified",UC NOS
K52,Other noninfective gastroenteritis and colitis,NGC
K52.0,Gastroenteritis and colitis due to radiation,GCR
K52.1,Toxic gastroenteritis and colitis Drug-induced gastroenteritis and colitis,TGC
K52.2,Allergic and dietetic gastroenteritis and colitis Food hypersensitivity gastroenteritis or colitis,ADG
K52.3,Indeterminate colitis,IC
K52.8,Other specified noninfective gastroenteritis and colitis Collagenous colitis Eosinophilic gastritis or gastroenteritis Lymphocytic colitis Microscopic colitis (collagenous colitis or lymphocytic colitis),NGC
K52.9,"Noninfective gastroenteritis and colitis, unspecified Diarrhoea Enteritis Ileitis specified as noninfectious Jejunitis Sigmoiditis",NGC NOS
K55,Vascular disorders of intestine,VDI
K55.0,Acute vascular disorders of intestine Acute: • fulminant ischaemic colitis • intestinal infarction • small intestine ischaemia Mesenteric (artery)(vein): • embolism • infarction • thrombosis Subacute ischaemic colitis,AVD
K55.1,Chronic vascular disorders of intestine Chronic ischaemic: • colitis • enteritis • enterocolitis Ischaemic stricture of intestine Mesenteric: • atherosclerosis • vascular insufficiency,CVD
K55.2,Angiodysplasia of colon,AC
K55.8,Other vascular disorders of intestine,VDI
K55.9,"Vascular disorder of intestine, unspecified Ischaemic: • colitis NOS • enteritis • enterocolitis",VDI NOS
K55–K63,Other diseases of intestines,DI
K55–K64,Other diseases of intestines,DI
K56,Paralytic ileus and intestinal obstruction without hernia,PII
K56.0,Paralytic ileus Paralysis of: • bowel • colon • intestine,PIP
K56.1,Intussusception Intussusception or invagination of: • bowel • colon • intestine • rectum,IIO
K56.2,Volvulus Strangulation Torsion of colon or intestine Twist,VST
K56.3,Gallstone ileus Obstruction of intestine by gallstone,GIO
K56.4,Other impaction of intestine Enterolith Impaction (of): • colon • faecal,IIE
K56.5,Intestinal adhesions [bands] with obstruction Peritoneal adhesions [bands] with intestinal obstruction,IAO
K56.6,Other and unspecified intestinal obstruction Enterostenosis Obstructive ileus NOS Occlusion Stenosis of colon or intestine Stricture,IOE NOS
K56.7,"Ileus, unspecified",ILEU NOS
K57,Diverticular disease of intestine,DDI
K57.0,Diverticular disease of small intestine with perforation and abscess Diverticular disease of small intestine with peritonitis,DDS
K57.1,Diverticular disease of small intestine without perforation or abscess Diverticular disease of small intestine NOS,DDS NOS
K57.2,Diverticular disease of large intestine with perforation and abscess Diverticular disease of colon with peritonitis,DDL
K57.3,Diverticular disease of large intestine without perforation or abscess Diverticular disease of colon NOS,DDL NOS
K57.4,Diverticular disease of both small and large intestine with perforation and abscess Diverticular disease of both small and large intestine with peritonitis,DDB
K57.5,Diverticular disease of both small and large intestine without perforation or abscess Diverticular disease of both small and large intestine NOS,DDB NOS
K57.8,"Diverticular disease of intestine, part unspecified, with perforation and abscess Diverticular disease of intestine NOS with peritonitis",DDI NOS
K57.9,"Diverticular disease of intestine, part unspecified, without perforation or abscess Diverticular disease of intestine NOS",DDI NOS
K58,Irritable bowel syndrome,IBS
K58.0,Irritable bowel syndrome with diarrhoea,IBS
K58.9,Irritable bowel syndrome without diarrhoea Irritable bowel syndrome NOS,IBS NOS
K59,Other functional intestinal disorders,FID
K59.0,Constipation,CONS
K59.1,Functional diarrhoea,FD
K59.2,"Neurogenic bowel, not elsewhere classified",NBN
K59.3,"Megacolon, not elsewhere classified Dilatation of colon Toxic megacolon",MNE
K59.4,Anal spasm Proctalgia fugax,ASP
K59.8,Other specified functional intestinal disorders Atony of colon,FID
K59.9,"Functional intestinal disorder, unspecified",FID NOS
K60,Fissure and fistula of anal and rectal regions,FFA
K60.0,Acute anal fissure,AAF
K60.1,Chronic anal fissure,CAF
K60.2,"Anal fissure, unspecified",AF NOS
K60.3,Anal fistula,AF
K60.4,Rectal fistula Fistula of rectum to skin,RFF
K60.5,Anorectal fistula,AF
K61,Abscess of anal and rectal regions,AAR
K61.0,Anal abscess Perianal abscess,AAP
K61.1,Rectal abscess Perirectal abscess,RAP
K61.2,Anorectal abscess,AA
K61.3,Ischiorectal abscess Abscess of ischiorectal fossa,IAA
K61.4,Intrasphincteric abscess,IA
K62,Other diseases of anus and rectum,DAR
K62.0,Anal polyp,AP
K62.1,Rectal polyp,RP
K62.2,Anal prolapse Prolapse of anal canal,APP
K62.3,Rectal prolapse Prolapse of rectal mucosa,RPP
K62.4,Stenosis of anus and rectum Stricture of anus (sphincter),SAR NOS
K62.5,Haemorrhage of anus and rectum,HAR
K62.6,Ulcer of anus and rectum Ulcer: • solitary • stercoral,UAR
K62.7,Radiation proctitis,RP
K62.8,Other specified diseases of anus and rectum Proctitis NOS,DAR NOS
K62.9,"Disease of anus and rectum, unspecified",DAR NOS
K63,Other diseases of intestine,DI
K63.0,Abscess of intestine,AI
K63.1,Perforation of intestine (nontraumatic),PI
K63.2,Fistula of intestine,FI
K63.3,Ulcer of intestine Primary ulcer of small intestine,UIP
K63.4,Enteroptosis,ENTE
K63.5,Polyp of colon,PC
K63.8,Other specified diseases of intestine,DI
K63.9,"Disease of intestine, unspecified",DI NOS
K64,Haemorrhoids and perianal venous thrombosis,HPV
K64.0,First-degree haemorrhoids Grade/stage I haemorrhoids Haemorrhoids (bleeding) without prolapse outside of anal canal,FHG
K64.1,"Second-degree haemorrhoids Grade/stage II haemorrhoids Haemorrhoids (bleeding) that prolapse with straining, but retract spontaneously",SHG
K64.2,Third-degree haemorrhoids Grade/stage III haemorrhoids Haemorrhoids (bleeding) that prolapse with straining and require manual replacement back inside anal canal,THG
K64.3,Fourth-degree haemorrhoids Grade/stage IV haemorrhoids Haemorrhoids (bleeding) with prolapsed tissue that cannot be manually replaced,FHG
K64.4,Residual haemorrhoidal skin tags Skin tags of anus,RHS
K64.5,Perianal venous thrombosis Perianal haematoma,PVT
K64.8,Other specified haemorrhoids,HAEM
K64.9,"Haemorrhoids, unspecified Haemorrhoids (bleeding): • NOS • without mention of degree Diseases of peritoneum (K65–K67)",HH• NOS
K65,Peritonitis,PERI
K65.0,"Acute peritonitis Abscess (of): • abdominopelvic • mesenteric • omentum • peritoneum • retrocaecal • retroperitoneal • subdiaphragmatic • subhepatic • subphrenic Peritonitis (acute): • generalized • pelvic, male • subphrenic • suppurative",APA
K65.8,Other peritonitis Chronic proliferative peritonitis Mesenteric: • fat necrosis • saponification Peritonitis due to: • bile • urine,PCP
K65.9,"Peritonitis, unspecified",PERI NOS
K65–K67,Diseases of peritoneum,DP
K66,Other disorders of peritoneum,DP
K66.0,Peritoneal adhesions Adhesions (of): • abdominal (wall) • diaphragm • intestine • male pelvis • mesenteric • omentum • stomach Adhesive bands,PAA
K66.1,Haemoperitoneum,HAEM
K66.8,Other specified disorders of peritoneum,DP
K66.9,"Disorder of peritoneum, unspecified",DP NOS
K67*,Disorders of peritoneum in infectious diseases classified elsewhere,DPI
K67.0*,Chlamydial peritonitis (A74.8†),CP
K67.1*,Gonococcal peritonitis (A54.8†),GP
K67.2*,Syphilitic peritonitis (A52.7†),SP
K67.3*,Tuberculous peritonitis (A18.3†),TP
K67.8*,Other disorders of peritoneum in infectious diseases classified elsewhere,DPI
K70,Alcoholic liver disease,ALD
K70.0,Alcoholic fatty liver,AFL
K70.1,Alcoholic hepatitis,AH
K70.2,Alcoholic fibrosis and sclerosis of liver,AFS
K70.3,Alcoholic cirrhosis of liver Alcoholic cirrhosis NOS,ACL NOS
K70.4,Alcoholic hepatic failure Alcoholic hepatic failure: • NOS • acute • chronic • subacute • with or without hepatic coma,AHF NOS
K70.9,"Alcoholic liver disease, unspecified",ALD NOS
K70–K77,Diseases of liver,DL
K71,Toxic liver disease,TLD
K71.0,Toxic liver disease with cholestasis Cholestasis with hepatocyte injury ‘Pure’ cholestasis,TLD
K71.1,Toxic liver disease with hepatic necrosis Hepatic failure (acute)(chronic) due to drugs,TLD
K71.2,Toxic liver disease with acute hepatitis,TLD
K71.3,Toxic liver disease with chronic persistent hepatitis,TLD
K71.4,Toxic liver disease with chronic lobular hepatitis,TLD
K71.5,Toxic liver disease with chronic active hepatitis Toxic liver disease with lupoid hepatitis,TLD
K71.6,"Toxic liver disease with hepatitis, not elsewhere classified",TLD
K71.7,Toxic liver disease with fibrosis and cirrhosis of liver,TLD
K71.8,Toxic liver disease with other disorders of liver Toxic liver disease with: • focal nodular hyperplasia • hepatic granulomas • peliosis hepatis • veno-occlusive disease of liver,TLD
K71.9,"Toxic liver disease, unspecified",TLD NOS
K72,"Hepatic failure, not elsewhere classified",HFN
K72.0,Acute and subacute hepatic failure Acute non-viral hepatitis NOS,ASH NOS
K72.1,Chronic hepatic failure,CHF
K72.9,"Hepatic failure, unspecified",HF NOS
K73,"Chronic hepatitis, not elsewhere classified",CHN
K73.0,"Chronic persistent hepatitis, not elsewhere classified",CPH
K73.1,"Chronic lobular hepatitis, not elsewhere classified",CLH
K73.2,"Chronic active hepatitis, not elsewhere classified",CAH
K73.8,"Other chronic hepatitis, not elsewhere classified",CHN
K73.9,"Chronic hepatitis, unspecified",CH NOS
K74,Fibrosis and cirrhosis of liver,FCL
K74.0,Hepatic fibrosis,HF
K74.1,Hepatic sclerosis,HS
K74.2,Hepatic fibrosis with hepatic sclerosis,HFH
K74.3,Primary biliary cirrhosis Chronic nonsuppurative destructive cholangitis,PBC
K74.4,Secondary biliary cirrhosis,SBC
K74.5,"Biliary cirrhosis, unspecified",BC NOS
K74.6,Other and unspecified cirrhosis of liver Cirrhosis (of liver): • NOS • cryptogenic • macronodular • micronodular • mixed type • portal • postnecrotic,CLC NOS
K75,Other inflammatory liver diseases,ILD
K75.0,Abscess of liver Hepatic abscess: • NOS • cholangitic • haematogenic • lymphogenic • pylephlebitic,ALH NOS
K75.1,Phlebitis of portal vein Pylephlebitis,PPV
K75.2,Nonspecific reactive hepatitis,NRH
K75.3,"Granulomatous hepatitis, not elsewhere classified",GHN
K75.4,Autoimmune hepatitis Lupoid hepatitis NEC,AHL
K75.8,Other specified inflammatory liver diseases Nonalcoholic steatohepatitis [NASH],ILD
K75.9,"Inflammatory liver disease, unspecified Hepatitis NOS",ILD NOS
K76,Other diseases of liver,DL
K76.0,"Fatty (change of) liver, not elsewhere classified Nonalcoholic fatty liver disease [NAFLD]",FLN
K76.1,Chronic passive congestion of liver Cardiac: • cirrhosis (so-called) of liver • sclerosis,CPC
K76.2,Central haemorrhagic necrosis of liver,CHN
K76.3,Infarction of liver,IL
K76.4,Peliosis hepatis Hepatic angiomatosis,PHH
K76.5,Hepatic veno-occlusive disease,HVD
K76.6,Portal hypertension,HTN
K76.7,Hepatorenal syndrome,HS
K76.8,Other specified diseases of liver Simple cyst of liver Focal nodular hyperplasia of liver Hepatoptosis,DLS
K76.9,"Liver disease, unspecified",LD NOS
K77*,Liver disorders in diseases classified elsewhere,LDI
K77.0*,Liver disorders in infectious and parasitic diseases classified elsewhere Amoebic liver abscess (A06.4†) Hepatitis: • cytomegaloviral (B25.1†) • herpesviral [herpes simplex] (B00.8†) • toxoplasma (B58.1†) Hepatosplenic schistosomiasis (B65.-†) Portal hypertension in schistosomiasis (B65.-†) Syphilitic liver disease (A52.7†),HTN
K77.8*,"Liver disorders in other diseases classified elsewhere Hepatic granulomas in: • berylliosis (J63.2†) • sarcoidosis (D86.8†) Disorders of gallbladder, biliary tract and pancreas (K80–K87)",LDI
K80,Cholelithiasis,CHOL
K80.0,Calculus of gallbladder with acute cholecystitis Any condition listed in K80.2 with acute cholecystitis,CGA
K80.1,Calculus of gallbladder with other cholecystitis Any condition listed in K80.2 with cholecystitis (chronic) Cholecystitis with cholelithiasis NOS,CGC NOS
K80.2,Calculus of gallbladder without cholecystitis Cholecystolithiasis Cholelithiasis Colic (recurrent) of gallbladder unspecified or without Gallstone (impacted) of: cholecystitis • cystic duct • gallbladder,CGW NOS
K80.3,Calculus of bile duct with cholangitis Any condition listed in K80.5 with cholangitis,CBD
K80.4,Calculus of bile duct with cholecystitis Any condition listed in K80.5 with cholecystitis (with cholangitis),CBD
K80.5,Calculus of bile duct without cholangitis or cholecystitis Choledocholithiasis Gallstone (impacted) of: • bile duct NOS • common duct unspecified or without cholangitis • hepatic duct or cholecystitis Hepatic: • cholelithiasis • colic (recurrent),CBD NOS
K80.8,Other cholelithiasis,CHOL
K80–K87,"Disorders of gallbladder, biliary tract and pancreas",DGB
K81,Cholecystitis,CHOL
K81.0,Acute cholecystitis Abscess of gallbladder Angiocholecystitis Cholecystitis: • emphysematous (acute) without calculus • gangrenous • suppurative Empyema of gallbladder Gangrene of gallbladder,ACA
K81.1,Chronic cholecystitis,CC
K81.8,Other cholecystitis,CHOL
K81.9,"Cholecystitis, unspecified",CHOL NOS
K81–K82,• gallbladder postcholecystectomy syndrome (K91.5),•GP
K82,Other diseases of gallbladder,DG
K82.0,Obstruction of gallbladder Occlusion of cystic duct or gallbladder without Stenosis calculus Stricture,OGO NOS
K82.1,Hydrops of gallbladder Mucocele of gallbladder,HGM
K82.2,Perforation of gallbladder Rupture of cystic duct or gallbladder,PGR
K82.3,Fistula of gallbladder Cholecystocolic fistula Cholecystoduodenal,FGC
K82.4,Cholesterolosis of gallbladder Strawberry gallbladder,CGS
K82.8,Other specified diseases of gallbladder Adhesions Atrophy Cyst Dyskinesia of cystic duct or gallbladder Hypertrophy Nonfunctioning Ulcer,DGA
K82.9,"Disease of gallbladder, unspecified",DG NOS
K83,Other diseases of biliary tract,DBT
K83.0,Cholangitis Cholangitis: • NOS • ascending • primary • recurrent • sclerosing • secondary • stenosing • suppurative,CC• NOS
K83.1,Obstruction of bile duct Occlusion Stenosis of bile duct without calculus Stricture,OBD NOS
K83.2,Perforation of bile duct Rupture of bile duct,PBD
K83.3,Fistula of bile duct Choledochoduodenal fistula,FBD
K83.4,Spasm of sphincter of Oddi,SSO
K83.5,Biliary cyst,BC
K83.8,Other specified diseases of biliary tract Adhesions Atrophy of bile duct Hypertrophy Ulcer,DBT
K83.9,"Disease of biliary tract, unspecified",DBT NOS
K85,Acute pancreatitis,AP
K85.0,Idiopathic acute pancreatitis,IAP
K85.1,Biliary acute pancreatitis Gallstone pancreatitis,BAP
K85.2,Alcohol-induced acute pancreatitis,AAP
K85.3,Drug-induced acute pancreatitis,DAP
K85.8,Other acute pancreatitis,AP
K85.9,"Acute pancreatitis, unspecified",AP NOS
K86,Other diseases of pancreas,DP
K86.0,Alcohol-induced chronic pancreatitis,ACP
K86.1,Other chronic pancreatitis Chronic pancreatitis: • NOS • infectious • recurrent • relapsing,CPC NOS
K86.2,Cyst of pancreas,CP
K86.3,Pseudocyst of pancreas,PP
K86.8,Other specified diseases of pancreas Atrophy Calculus of pancreas Cirrhosis Fibrosis Pancreatic: • infantilism • necrosis: – NOS – aseptic – fat,DPA NOS
K86.9,"Disease of pancreas, unspecified",DP NOS
K87*,"Disorders of gallbladder, biliary tract and pancreas in diseases classified elsewhere",DGB
K87.0*,Disorders of gallbladder and biliary tract in diseases classified elsewhere,DGB
K87.1*,Disorders of pancreas in diseases classified elsewhere Cytomegaloviral pancreatitis (B25.2†) Mumps pancreatitis (B26.3†),DPI
K90,Intestinal malabsorption,IM
K90.0,Coeliac disease Gluten-sensitive enteropathy Idiopathic steatorrhoea Nontropical sprue,CDG
K90.1,Tropical sprue Sprue NOS Tropical steatorrhoea,TSS NOS
K90.2,"Blind loop syndrome, not elsewhere classified Blind loop syndrome NOS",BLS NOS
K90.3,Pancreatic steatorrhoea,PS
K90.4,"Malabsorption due to intolerance, not elsewhere classified Malabsorption due to intolerance to: • carbohydrate • fat • protein • starch",MIN
K90.8,Other intestinal malabsorption Whipple disease† (M14.8*),IMW
K90.9,"Intestinal malabsorption, unspecified",IM NOS
K90–K93,Other diseases of the digestive system Asterisk categories for this chapter are provided as follows:,DDS
K91,"Postprocedural disorders of digestive system, not elsewhere classified",PDD
K91.0,Vomiting following gastrointestinal surgery,VFG
K91.1,Postgastric surgery syndromes Syndrome: • dumping • postgastrectomy • postvagotomy,PSS
K91.2,"Postsurgical malabsorption, not elsewhere classified Postsurgical blind loop syndrome",PMN
K91.3,Postoperative intestinal obstruction,PIO
K91.4,Colostomy and enterostomy malfunction,CEM
K91.5,Postcholecystectomy syndrome,PS
K91.8,"Other postprocedural disorders of digestive system, not elsewhere classified",PDD
K91.9,"Postprocedural disorder of digestive system, unspecified",PDD NOS
K92,Other diseases of digestive system,DDS
K92.0,Haematemesis,HAEM
K92.1,Melaena,MELA
K92.2,"Gastrointestinal haemorrhage, unspecified Haemorrhage: • gastric NOS • intestinal NOS",GHH NOS
K92.8,Other specified diseases of digestive system,DDS
K92.9,"Disease of digestive system, unspecified",DDS NOS
K93*,Disorders of other digestive organs in diseases classified elsewhere,DDO
K93.0*,"Tuberculous disorders of intestines, peritoneum and mesenteric glands (A18.3†)",TDI
K93.1*,Megacolon in Chagas disease (B57.3†),MIC
K93.8*,Disorders of other specified digestive organs in diseases classified elsewhere,DDO
L00,Staphylococcal scalded skin syndrome,SSS
L00–L08,"skin infections specific infections classified to A00–B99 ulcer of lower limb NEC (L97) varicose ulcer (I83.0, I83.2)",SIS
L01,Impetigo,IMPE
L01.0,Impetigo [any organism][any site] Bockhart impetigo,IBI
L01.1,Impetiginization of other dermatoses,ID
L02,"Cutaneous abscess, furuncle and carbuncle",CAF
L02.0,"Cutaneous abscess, furuncle and carbuncle of face",CAF
L02.1,"Cutaneous abscess, furuncle and carbuncle of neck",CAF
L02.2,"Cutaneous abscess, furuncle and carbuncle of trunk Abdominal wall Back [any part, except buttock] Chest wall Groin Perineum Umbilicus",CAF
L02.3,"Cutaneous abscess, furuncle and carbuncle of buttock Gluteal region",CAF
L02.4,"Cutaneous abscess, furuncle and carbuncle of limb Axilla Hip Shoulder",CAF
L02.8,"Cutaneous abscess, furuncle and carbuncle of other sites Head [any part, except face] Scalp",CAF
L02.9,"Cutaneous abscess, furuncle and carbuncle, unspecified Furunculosis NOS",CAF NOS
L03,Cellulitis,CELL
L03.0,Cellulitis of finger and toe Infection of nail Onychia Paronychia Perionychia,CFT
L03.1,Cellulitis of other parts of limb Axilla Hip Shoulder,CPL
L03.2,Cellulitis of face,CF
L03.3,Cellulitis of trunk Abdominal wall Back [any part] Chest wall Groin Perineum Umbilicus,CTA
L03.8,"Cellulitis of other sites Head [any part, except face] Scalp",CSH
L03.9,"Cellulitis, unspecified",CELL NOS
L04,Acute lymphadenitis,AL
L04.0,"Acute lymphadenitis of face, head and neck",ALF
L04.1,Acute lymphadenitis of trunk,ALT
L04.2,Acute lymphadenitis of upper limb Axilla Shoulder,ALU
L04.3,Acute lymphadenitis of lower limb Hip,ALL
L04.8,Acute lymphadenitis of other sites,ALS
L04.9,"Acute lymphadenitis, unspecified",AL NOS
L05,Pilonidal cyst,PC
L05.0,Pilonidal cyst with abscess,PCA
L05.9,Pilonidal cyst without abscess Pilonidal cyst NOS,PCW NOS
L08,Other local infections of skin and subcutaneous tissue,LIS
L08.0,Pyoderma Dermatitis: • gangrenosa • purulent • septic • suppurative,PD• NOS
L08.1,Erythrasma,ERYT
L08.8,Other specified local infections of skin and subcutaneous tissue,LIS
L08.9,"Local infection of skin and subcutaneous tissue, unspecified",LIS NOS
L10,Pemphigus,PEMP
L10.0,Pemphigus vulgaris,PV
L10.1,Pemphigus vegetans,PV
L10.2,Pemphigus foliaceus,PF
L10.3,Brazilian pemphigus [fogo selvagem],BP
L10.4,Pemphigus erythematosus Senear–Usher syndrome,PES
L10.5,Drug-induced pemphigus,DP
L10.8,Other pemphigus,PEMP
L10.9,"Pemphigus, unspecified",PEMP NOS
L10–L14,Bullous disorders,BD
L11,Other acantholytic disorders,AD
L11.0,Acquired keratosis follicularis,AKF
L11.1,Transient acantholytic dermatosis [Grover],TAD
L11.8,Other specified acantholytic disorders,AD
L11.9,"Acantholytic disorder, unspecified",AD NOS
L12,Pemphigoid,PEMP
L12.0,Bullous pemphigoid,BP
L12.1,Cicatricial pemphigoid Benign mucous membrane pemphigoid,CPB
L12.2,Chronic bullous disease of childhood Juvenile dermatitis herpetiformis,CBD
L12.3,Acquired epidermolysis bullosa,AEB
L12.8,Other pemphigoid,PEMP
L12.9,"Pemphigoid, unspecified",PEMP NOS
L13,Other bullous disorders,BD
L13.0,Dermatitis herpetiformis Duhring’s disease,DHD
L13.1,Subcorneal pustular dermatitis Sneddon–Wilkinson disease,SPD
L13.8,Other specified bullous disorders,BD
L13.9,"Bullous disorder, unspecified",BD NOS
L14*,Bullous disorders in diseases classified elsewhere Dermatitis and eczema (L20–L30),BDI
L20,Atopic dermatitis,AD
L20.0,Besnier prurigo,BP
L20.8,Other atopic dermatitis Eczema: • flexural NEC • infantile (acute)(chronic) • intrinsic (allergic) Neurodermatitis: • atopic • diffuse,ADE
L20.9,"Atopic dermatitis, unspecified",AD NOS
L20–L30,Dermatitis and eczema,DE
L21,Seborrhoeic dermatitis,SD
L21.0,Seborrhoea capitis Cradle cap,SCC
L21.1,Seborrhoeic infantile dermatitis,SID
L21.8,Other seborrhoeic dermatitis,SD
L21.9,"Seborrhoeic dermatitis, unspecified",SD NOS
L22,Diaper [napkin] dermatitis,DD
L23,Allergic contact dermatitis,ACD
L23.0,Allergic contact dermatitis due to metals Chromium Nickel,ACD
L23.1,Allergic contact dermatitis due to adhesives,ACD
L23.2,Allergic contact dermatitis due to cosmetics,ACD
L23.3,Allergic contact dermatitis due to drugs in contact with skin,ACD
L23.4,Allergic contact dermatitis due to dyes,ACD
L23.5,Allergic contact dermatitis due to other chemical products Cement Insecticide Plastic Rubber,ACD
L23.6,Allergic contact dermatitis due to food in contact with skin,ACD
L23.7,"Allergic contact dermatitis due to plants, except food",ACD
L23.8,Allergic contact dermatitis due to other agents,ACD
L23.9,"Allergic contact dermatitis, unspecified cause Allergic contact eczema NOS",ACD NOS
L23–L25,– contact – due to substances taken internally (L27.-) • nephropathy (N14.0–N14.2) • unspecified adverse effect of drug (T88.7),–C– NOS
L24,Irritant contact dermatitis,ICD
L24.0,Irritant contact dermatitis due to detergents,ICD
L24.1,Irritant contact dermatitis due to oils and greases,ICD
L24.2,Irritant contact dermatitis due to solvents Solvents: • chlorocompound • cyclohexane • ester • glycol • hydrocarbon • ketone,ICD
L24.3,Irritant contact dermatitis due to cosmetics,ICD
L24.4,Irritant contact dermatitis due to drugs in contact with skin,ICD
L24.5,Irritant contact dermatitis due to other chemical products Cement Insecticide,ICD
L24.6,Irritant contact dermatitis due to food in contact with skin,ICD
L24.7,"Irritant contact dermatitis due to plants, except food",ICD
L24.8,Irritant contact dermatitis due to other agents Dyes,ICD
L24.9,"Irritant contact dermatitis, unspecified cause Irritant contact eczema NOS",ICD NOS
L25,Unspecified contact dermatitis,CD NOS
L25.0,Unspecified contact dermatitis due to cosmetics,CDC NOS
L25.1,Unspecified contact dermatitis due to drugs in contact with skin,CDD NOS
L25.2,Unspecified contact dermatitis due to dyes,CDD NOS
L25.3,Unspecified contact dermatitis due to other chemical products Cement Insecticide,CDC NOS
L25.4,Unspecified contact dermatitis due to food in contact with skin,CDF NOS
L25.5,"Unspecified contact dermatitis due to plants, except food",CDP NOS
L25.8,Unspecified contact dermatitis due to other agents,CDA NOS
L25.9,"Unspecified contact dermatitis, unspecified cause Contact: • dermatitis (occupational) NOS • eczema (occupational) NOS",CDC NOS
L26,Exfoliative dermatitis,ED
L27,Dermatitis due to substances taken internally,DST
L27.0,Generalized skin eruption due to drugs and medicaments,GSE
L27.1,Localized skin eruption due to drugs and medicaments,LSE
L27.2,Dermatitis due to ingested food,DIF
L27.8,Dermatitis due to other substances taken internally,DST
L27.9,Dermatitis due to unspecified substance taken internally,DST NOS
L28,Lichen simplex chronicus and prurigo,LSC
L28.0,Lichen simplex chronicus Circumscribed neurodermatitis Lichen NOS,LSC NOS
L28.1,Prurigo nodularis,PN
L28.2,Other prurigo Prurigo: • NOS • Hebra • mitis Urticaria papulosa,PP• NOS
L29,Pruritus,PRUR
L29.0,Pruritus ani,PA
L29.1,Pruritus scroti,PS
L29.2,Pruritus vulvae,PV
L29.3,"Anogenital pruritus, unspecified",AP NOS
L29.8,Other pruritus,PRUR
L29.9,"Pruritus, unspecified Itch NOS",PIN NOS
L30,Other dermatitis,DERM
L30.0,Nummular dermatitis,ND
L30.1,Dyshidrosis [pompholyx],DYSH
L30.2,Cutaneous autosensitization Candidid [levurid] Dermatophytid Eczematid,CAC
L30.3,Infective dermatitis Infectious eczematoid dermatitis,IDI
L30.4,Erythema intertrigo,EI
L30.5,Pityriasis alba,PA
L30.8,Other specified dermatitis,DERM
L30.9,"Dermatitis, unspecified Eczema NOS Papulosquamous disorders (L40–L45)",DEN NOS
L40,Psoriasis,PSOR
L40.0,Psoriasis vulgaris Nummular psoriasis Plaque psoriasis,PVN
L40.1,Generalized pustular psoriasis Impetigo herpetiformis Von Zumbusch’s disease,GPP
L40.2,Acrodermatitis continua,AC
L40.3,Pustulosis palmaris et plantaris,PPE
L40.4,Guttate psoriasis,GP
L40.5†,"Arthropathic psoriasis (M07.0–M07.3*, M09.0*)",AP
L40.8,Other psoriasis Flexural psoriasis,PFP
L40.9,"Psoriasis, unspecified",PSOR NOS
L40–L45,Papulosquamous disorders,PD
L41,Parapsoriasis,PARA
L41.0,Pityriasis lichenoides et varioliformis acuta Mucha–Habermann disease,PLE
L41.1,Pityriasis lichenoides chronica,PLC
L41.3,Small plaque parapsoriasis,SPP
L41.4,Large plaque parapsoriasis,LPP
L41.5,Retiform parapsoriasis,RP
L41.8,Other parapsoriasis,PARA
L41.9,"Parapsoriasis, unspecified",PARA NOS
L42,Pityriasis rosea,PR
L43,Lichen planus,LP
L43.0,Hypertrophic lichen planus,HLP
L43.1,Bullous lichen planus,BLP
L43.2,Lichenoid drug reaction,LDR
L43.3,Subacute (active) lichen planus Lichen planus tropicus,SLP
L43.8,Other lichen planus,LP
L43.9,"Lichen planus, unspecified",LP NOS
L44,Other papulosquamous disorders,PD
L44.0,Pityriasis rubra pilaris,PRP
L44.1,Lichen nitidus,LN
L44.2,Lichen striatus,LS
L44.3,Lichen ruber moniliformis,LRM
L44.4,Infantile papular acrodermatitis [Giannotti–Crosti],IPA
L44.8,Other specified papulosquamous disorders,PD
L44.9,"Papulosquamous disorder, unspecified",PD NOS
L45*,Papulosquamous disorders in diseases classified elsewhere,PDI
L50,Urticaria,URTI
L50.0,Allergic urticaria,AU
L50.1,Idiopathic urticaria,IU
L50.2,Urticaria due to cold and heat,UCH
L50.3,Dermatographic urticaria,DU
L50.4,Vibratory urticaria,VU
L50.5,Cholinergic urticaria,CU
L50.6,Contact urticaria,CU
L50.8,Other urticaria Urticaria: • chronic • recurrent periodic,UU•
L50.9,"Urticaria, unspecified",URTI NOS
L50–L54,Urticaria and erythema,UE
L51,Erythema multiforme,EM
L51.0,Nonbullous erythema multiforme,NEM
L51.1,Bullous erythema multiforme Stevens–Johnson syndrome,BEM
L51.2,Toxic epidermal necrolysis [Lyell],TEN
L51.8,Other erythema multiforme,EM
L51.9,"Erythema multiforme, unspecified",EM NOS
L52,Erythema nodosum,EN
L53,Other erythematous conditions,EC
L53.0,Toxic erythema,TE
L53.1,Erythema annulare centrifugum,EAC
L53.2,Erythema marginatum,EM
L53.3,Other chronic figurate erythema,CFE
L53.8,Other specified erythematous conditions,EC
L53.9,"Erythematous condition, unspecified Erythema NOS Erythroderma NOS",ECE NOS
L54*,Erythema in diseases classified elsewhere,EID
L54.0*,Erythema marginatum in acute rheumatic fever (I00†),EMI
L54.8*,Erythema in other diseases classified elsewhere Radiation-related disorders of the skin and subcutaneous tissue (L55–L59),EID
L55,Sunburn,SUNB
L55.0,Sunburn of first degree,SFD
L55.1,Sunburn of second degree,SSD
L55.2,Sunburn of third degree,STD
L55.8,Other sunburn,SUNB
L55.9,"Sunburn, unspecified",SUNB NOS
L55–L59,"radiation-related disorders of the skin and subcutaneous tissue sunburn (L55.-) Burns and corrosions of external body surface, specified by site (T20–T25)",RDS
L56,Other acute skin changes due to ultraviolet radiation,ASC
L56.0,Drug phototoxic response,DPR
L56.1,Drug photoallergic response,DPR
L56.2,Photocontact dermatitis [berloque dermatitis],PD
L56.3,Solar urticaria,SU
L56.4,Polymorphous light eruption,PLE
L56.8,Other specified acute skin changes due to ultraviolet radiation,ASC
L56.9,"Acute skin change due to ultraviolet radiation, unspecified",ASC NOS
L57,Skin changes due to chronic exposure to nonionizing radiation,SCC
L57.0,Actinic keratosis Keratosis: • NOS • senile • solar,AKK NOS
L57.1,Actinic reticuloid,AR
L57.2,Cutis rhomboidalis nuchae,CRN
L57.3,Poikiloderma of Civatte,PC
L57.4,Cutis laxa senilis Elastosis senilis,CLS
L57.5,Actinic granuloma,AG
L57.8,Other skin changes due to chronic exposure to nonionizing radiation Farmer’s skin Sailor’s skin Solar dermatitis,SCC
L57.9,"Skin changes due to chronic exposure to nonionizing radiation, unspecified",SCC NOS
L58,Radiodermatitis,RADI
L58.0,Acute radiodermatitis,AR
L58.1,Chronic radiodermatitis,CR
L58.9,"Radiodermatitis, unspecified",RADI NOS
L59,Other disorders of skin and subcutaneous tissue related to radiation,DSS
L59.0,Erythema ab igne [dermatitis ab igne],EAI
L59.8,Other specified disorders of skin and subcutaneous tissue related to radiation,DSS
L59.9,"Disorder of skin and subcutaneous tissue related to radiation, unspecified",DSS NOS
L60,Nail disorders,ND
L60.0,Ingrowing nail,IN
L60.1,Onycholysis,ONYC
L60.2,Onychogryphosis,ONYC
L60.3,Nail dystrophy,ND
L60.4,Beau’s lines,BL
L60.5,Yellow nail syndrome,YNS
L60.8,Other nail disorders,ND
L60.9,"Nail disorder, unspecified",ND NOS
L60–L75,Disorders of skin appendages,DSA
L62*,Nail disorders in diseases classified elsewhere,NDI
L62.0*,Clubbed nail pachydermoperiostosis (M89.4†),CNP
L62.8*,Nail disorders in other diseases classified elsewhere,NDI
L63,Alopecia areata,AA
L63.0,Alopecia (capitis) totalis,AT
L63.1,Alopecia universalis,AU
L63.2,Ophiasis,OPHI
L63.8,Other alopecia areata,AA
L63.9,"Alopecia areata, unspecified",AA NOS
L64,Androgenic alopecia,AA
L64.0,Drug-induced androgenic alopecia,DAA
L64.8,Other androgenic alopecia,AA
L64.9,"Androgenic alopecia, unspecified",AA NOS
L65,Other nonscarring hair loss,NHL
L65.0,Telogen effluvium,TE
L65.1,Anagen effluvium,AE
L65.2,Alopecia mucinosa,AM NOS
L65.8,Other specified nonscarring hair loss,NHL
L65.9,"Nonscarring hair loss, unspecified Alopecia NOS",NHL NOS
L66,Cicatricial alopecia [scarring hair loss],CA
L66.0,Pseudopelade,PSEU
L66.1,Lichen planopilaris Follicular lichen planus,LPF
L66.2,Folliculitis decalvans,FD
L66.3,Perifolliculitis capitis abscedens,PCA
L66.4,Folliculitis ulerythematosa reticulata,FUR
L66.8,Other cicatricial alopecia,CA
L66.9,"Cicatricial alopecia, unspecified",CA NOS
L67,Hair colour and hair shaft abnormalities,HCH
L67.0,Trichorrhexis nodosa,TN
L67.1,"Variations in hair colour Canities Greyness, hair (premature) Heterochromia of hair Poliosis: • NOS • circumscripta, acquired",VIH NOS
L67.8,Other hair colour and hair shaft abnormalities Fragilitas crinium,HCH
L67.9,"Hair colour and hair shaft abnormality, unspecified",HCH NOS
L68,Hypertrichosis,HYPE
L68.0,Hirsutism,HIRS
L68.1,Acquired hypertrichosis lanuginosa,AHL NOS
L68.2,Localized hypertrichosis,LH
L68.3,Polytrichia,POLY
L68.8,Other hypertrichosis,HYPE
L68.9,"Hypertrichosis, unspecified",HYPE NOS
L70,Acne,ACNE
L70.0,Acne vulgaris,AV
L70.1,Acne conglobata,AC
L70.2,Acne varioliformis Acne necrotica miliaris,AVA
L70.3,Acne tropica,AT
L70.4,Infantile acne,IA
L70.5,Acné excoriée Acné excoriée des jeunes filles,AEA
L70.8,Other acne,ACNE
L70.9,"Acne, unspecified",ACNE NOS
L71,Rosacea,ROSA
L71.0,Perioral dermatitis,PD
L71.1,Rhinophyma,RHIN
L71.8,Other rosacea,ROSA
L71.9,"Rosacea, unspecified",ROSA NOS
L72,Follicular cysts of skin and subcutaneous tissue,FCS
L72.0,Epidermal cyst,EC
L72.1,Trichilemmal cyst Pilar cyst Sebaceous cyst,TCP
L72.2,Steatocystoma multiplex,SM
L72.8,Other follicular cysts of skin and subcutaneous tissue,FCS
L72.9,"Follicular cyst of skin and subcutaneous tissue, unspecified",FCS NOS
L73,Other follicular disorders,FD
L73.0,Acne keloid,AK
L73.1,Pseudofolliculitis barbae,PB
L73.2,Hidradenitis suppurativa,HS
L73.8,Other specified follicular disorders Sycosis barbae,FDS
L73.9,"Follicular disorder, unspecified",FD NOS
L74,Eccrine sweat disorders,ESD
L74.0,Miliaria rubra,MR
L74.1,Miliaria crystallina,MC
L74.2,Miliaria profunda Miliaria tropicalis,MPM
L74.3,"Miliaria, unspecified",MILI NOS
L74.4,Anhidrosis Hypohidrosis,AH
L74.8,Other eccrine sweat disorders,ESD
L74.9,"Eccrine sweat disorder, unspecified Sweat gland disorder NOS",ESD NOS
L74–L75,sweat disorders due to heat,SDH
L75,Apocrine sweat disorders,ASD
L75.0,Bromhidrosis,BROM
L75.1,Chromhidrosis,CHRO
L75.2,Apocrine miliaria Fox–Fordyce disease,AMF
L75.8,Other apocrine sweat disorders,ASD
L75.9,"Apocrine sweat disorder, unspecified",ASD NOS
L80,Vitiligo,VITI
L80–L99,Other disorders of the skin and subcutaneous tissue Asterisk categories for this chapter are provided as follows:,DSS
L81,Other disorders of pigmentation,DP
L81.0,Postinflammatory hyperpigmentation,PH
L81.1,Chloasma,CHLO
L81.2,Freckles,FREC
L81.3,Café-au-lait spots,CS
L81.4,Other melanin hyperpigmentation Lentigo,MHL
L81.5,"Leukoderma, not elsewhere classified",LNE
L81.6,Other disorders of diminished melanin formation,DDM
L81.7,Pigmented purpuric dermatosis Angioma serpiginosum,PPD NOS
L81.8,Other specified disorders of pigmentation Iron pigmentation Tattoo pigmentation,DPI
L81.9,"Disorder of pigmentation, unspecified",DP NOS
L82,Seborrhoeic keratosis,SK
L83,Acanthosis nigricans,AN
L84,Corns and callosities,CC
L85,Other epidermal thickening,ET
L85.0,Acquired ichthyosis,AI
L85.1,Acquired keratosis [keratoderma] palmaris et plantaris,AKP
L85.2,Keratosis punctata (palmaris et plantaris),KP
L85.3,Xerosis cutis Dry skin dermatitis,XCD
L85.8,Other specified epidermal thickening Cutaneous horn,ETC
L85.9,"Epidermal thickening, unspecified",ET NOS
L86*,Keratoderma in diseases classified elsewhere,KID
L87,Transepidermal elimination disorders,TED
L87.0,Keratosis follicularis et parafollicularis in cutem penetrans [Kyrle] Hyperkeratosis follicularis penetrans,KFE
L87.1,Reactive perforating collagenosis,RPC NOS
L87.2,Elastosis perforans serpiginosa,EPS NOS
L87.8,Other transepidermal elimination disorders,TED
L87.9,"Transepidermal elimination disorder, unspecified",TED NOS
L88,Pyoderma gangrenosum,PG NOS
L89,Decubitus ulcer and pressure area,DUP
L89.0,"Stage I decubitus ulcer and pressure area The ulcer appears as a defined area of persistent redness (erythema) in lightly pigmented skin, whereas in darker skin tones, the ulcer may appear with persistent red, blue or purple hues, without skin loss. Decubitus [pressure] ulcer limited to erythema only",SID
L89.1,Stage II decubitus ulcer Decubitus [pressure] ulcer with: • abrasion • blister • partial thickness skin loss involving epidermis and/or dermis • skin loss NOS,SID NOS
L89.2,Stage III decubitus ulcer Decubitus [pressure] ulcer with full thickness skin loss involving damage or necrosis of subcutaneous tissue extending to underlying fascia,SID
L89.3,"Stage IV decubitus ulcer Decubitus [pressure] ulcer with necrosis of muscle, bone or supporting structures (ie tendon or joint capsule)",SID
L89.9,"Decubitus ulcer and pressure area, unspecified Decubitus [pressure] ulcer without mention of stage",DUP NOS
L90,Atrophic disorders of skin,ADS
L90.0,Lichen sclerosus et atrophicus,LSE
L90.1,Anetoderma of Schweninger–Buzzi,AS
L90.2,Anetoderma of Jadassohn–Pellizzari,AJ
L90.3,Atrophoderma of Pasini and Pierini,APP
L90.4,Acrodermatitis chronica atrophicans,ACA
L90.5,Scar conditions and fibrosis of skin Adherent scar (skin) Cicatrix Disfigurement due to scar Scar NOS,SCF NOS
L90.6,Striae atrophicae,SA
L90.8,Other atrophic disorders of skin,ADS
L90.9,"Atrophic disorder of skin, unspecified",ADS NOS
L91,Hypertrophic disorders of skin,HDS
L91.0,Hypertrophic scar Keloid scar Keloid,HSK
L91.8,Other hypertrophic disorders of skin,HDS
L91.9,"Hypertrophic disorder of skin, unspecified",HDS NOS
L92,Granulomatous disorders of skin and subcutaneous tissue,GDS
L92.0,Granuloma annulare Perforating granuloma annulare,GAP
L92.1,"Necrobiosis lipoidica, not elsewhere classified",NLN
L92.2,Granuloma faciale [eosinophilic granuloma of skin],GF
L92.3,Foreign body granuloma of skin and subcutaneous tissue,FBG
L92.8,Other granulomatous disorders of skin and subcutaneous tissue,GDS
L92.9,"Granulomatous disorder of skin and subcutaneous tissue, unspecified",GDS NOS
L93,Lupus erythematosus,LE
L93.0,Discoid lupus erythematosus Lupus erythematosus NOS,DLE NOS
L93.1,Subacute cutaneous lupus erythematosus,SCL
L93.2,Other local lupus erythematosus Lupus: • erythematosus profundus • panniculitis,LLE
L94,Other localized connective tissue disorders,LCT
L94.0,Localized scleroderma [morphea] Circumscribed scleroderma,LSC
L94.1,Linear scleroderma En coup de sabre lesion,LSE
L94.2,Calcinosis cutis,CC NOS
L94.3,Sclerodactyly,SCLE
L94.4,Gottron papules,GP
L94.5,Poikiloderma vasculare atrophicans,PVA
L94.6,Ainhum,AINH
L94.8,Other specified localized connective tissue disorders,LCT
L94.9,"Localized connective tissue disorder, unspecified",LCT NOS
L95,"Vasculitis limited to skin, not elsewhere classified",VLS
L95.0,Livedoid vasculitis Atrophie blanche (en plaque),LVA
L95.1,Erythema elevatum diutinum,EED
L95.8,Other vasculitis limited to skin,VLS
L95.9,"Vasculitis limited to skin, unspecified",VLS NOS
L97,"Ulcer of lower limb, not elsewhere classified",ULL
L98,"Other disorders of skin and subcutaneous tissue, not elsewhere classified",DSS
L98.0,Pyogenic granuloma,PG
L98.1,Factitial dermatitis Neurotic excoriation,FDN
L98.2,Febrile neutrophilic dermatosis [Sweet],FND
L98.3,Eosinophilic cellulitis [Wells],EC
L98.4,"Chronic ulcer of skin, not elsewhere classified Chronic ulcer of skin NOS Tropical ulcer NOS Ulcer of skin NOS",CUS NOS
L98.5,Mucinosis of skin Focal mucinosis Lichen myxoedematosus Reticular erythematous mucinosis,MSF NOS
L98.6,Other infiltrative disorders of skin and subcutaneous tissue,IDS
L98.7,Excessive and redundant skin and subcutaneous tissue Loose or sagging skin: • NOS • following weight loss (bariatric surgery)(dietary),ERS NOS
L98.8,Other specified disorders of skin and subcutaneous tissue,DSS
L98.9,"Disorder of skin and subcutaneous tissue, unspecified",DSS NOS
L99*,Other disorders of skin and subcutaneous tissue in diseases classified elsewhere,DSS
L99.0*,Amyloidosis of skin (E85.-†) Lichen amyloidosis Macular amyloid,ASL
L99.8*,"Other specified disorders of skin and subcutaneous tissue in diseases classified elsewhere Syphilitic: • alopecia (A51.3†) • leukoderma (A51.3†, A52.7†)",DSS
M00,Pyogenic arthritis [See site code at the beginning of this chapter],PA
M00.0,Staphylococcal arthritis and polyarthritis,SAP
M00.1,Pneumococcal arthritis and polyarthritis,PAP
M00.2,Other streptococcal arthritis and polyarthritis,SAP
M00.8,Arthritis and polyarthritis due to other specified bacterial agents,APB
M00.9,"Pyogenic arthritis, unspecified Infective arthritis NOS",PAI NOS
M00–M03,Infectious arthropathies,IA
M00–M25,Arthropathies,ARTH
M01*,Direct infections of joint in infectious and parasitic diseases classified elsewhere [See site code at the beginning of this chapter],DIJ
M01.0*,Meningococcal arthritis (A39.8†),MA
M01.1*,Tuberculous arthritis (A18.0†),TA
M01.2*,Arthritis in Lyme disease (A69.2†),AIL
M01.3*,Arthritis in other bacterial diseases classified elsewhere Arthritis in: • leprosy [Hansen disease] (A30.-†) • localized Salmonella infection (A02.2†) • typhoid or paratyphoid fever (A01.-†) • gonococcal arthritis (A54.4†),AIB
M01.4*,Rubella arthritis (B06.8†),RA
M01.5*,Arthritis in other viral diseases classified elsewhere Arthritis in: • mumps (B26.8†) • O’nyong-nyong fever (A92.1†),AIV
M01.6*,Arthritis in mycoses (B35–B49†),AIM
M01.8*,Arthritis in other infectious and parasitic diseases classified elsewhere,AII
M02,Reactive arthropathies [See site code at the beginning of this chapter],RA
M02.0,Arthropathy following intestinal bypass,AFI
M02.1,Postdysenteric arthropathy,PA
M02.2,Postimmunization arthropathy,PA
M02.3,Reiter disease,RD
M02.8,Other reactive arthropathies,RA
M02.9,"Reactive arthropathy, unspecified",RA NOS
M03*,Postinfective and reactive arthropathies in diseases classified elsewhere [See site code at the beginning of this chapter],PRA
M03.0*,Postmeningococcal arthritis (A39.8†),PA
M03.1*,Postinfective arthropathy in syphilis Clutton joints (A50.5†),PAI
M03.2*,Other postinfectious arthropathies in diseases classified elsewhere Postinfectious arthropathy in: • enteritis due to Yersinia enterocolitica (A04.6†) • viral hepatitis (B15–B19†),PAI
M03.6*,Reactive arthropathy in other diseases classified elsewhere Arthropathy in infective endocarditis (I33.0†) Inflammatory polyarthropathies (M05–M14),RAI
M05,Seropositive rheumatoid arthritis [See site code at the beginning of this chapter],SRA
M05.0,Felty syndrome Rheumatoid arthritis with splenoadenomegaly and leukopenia,FSR
M05.1†,Rheumatoid lung disease (J99.0*),RLD
M05.2,Rheumatoid vasculitis,RV
M05.3†,Rheumatoid arthritis with involvement of other organs and systems Rheumatoid: • carditis (I52.8*) • endocarditis (I39.-*) • myocarditis (I41.8*) • myopathy (G73.7*) • pericarditis (I32.8*) • polyneuropathy (G63.6*),RAI
M05.8,Other seropositive rheumatoid arthritis,SRA
M05.9,"Seropositive rheumatoid arthritis, unspecified",SRA NOS
M05–M14,Inflammatory polyarthropathies,IP
M06,Other rheumatoid arthritis [See site code at the beginning of this chapter],RA
M06.0,Seronegative rheumatoid arthritis,SRA
M06.1,Adult-onset Still disease,ASD
M06.2,Rheumatoid bursitis,RB
M06.3,Rheumatoid nodule,RN
M06.4,Inflammatory polyarthropathy,IP
M06.8,Other specified rheumatoid arthritis,RA
M06.9,"Rheumatoid arthritis, unspecified",RA NOS
M07*,Psoriatic and enteropathic arthropathies [See site code at the beginning of this chapter],PEA
M07.0*,Distal interphalangeal psoriatic arthropathy (L40.5†),DIP
M07.1*,Arthritis mutilans (L40.5†),AM
M07.2*,Psoriatic spondylitis (L40.5†),PS
M07.3*,Other psoriatic arthropathies (L40.5†),PA
M07.4*,Arthropathy in Crohn disease [regional enteritis] (K50.-†),AIC
M07.5*,Arthropathy in ulcerative colitis (K51.-†),AIU
M07.6*,Other enteropathic arthropathies,EA
M08,Juvenile arthritis [See site code at the beginning of this chapter],JA
M08.0,Juvenile rheumatoid arthritis Juvenile rheumatoid arthritis with or without rheumatoid factor,JRA
M08.1,Juvenile ankylosing spondylitis,JAS
M08.2,Juvenile arthritis with systemic onset Still disease NOS,JAS NOS
M08.3,Juvenile polyarthritis (seronegative) Chronic juvenile polyarthritis,JPC
M08.4,Pauciarticular juvenile arthritis,PJA
M08.8,Other juvenile arthritis,JA
M08.9,"Juvenile arthritis, unspecified",JA NOS
M09*,Juvenile arthritis in diseases classified elsewhere [See site code at the beginning of this chapter],JAI
M09.0*,Juvenile arthritis in psoriasis (L40.5†),JAI
M09.1*,Juvenile arthritis in Crohn disease [regional enteritis] (K50.-†),JAI
M09.2*,Juvenile arthritis in ulcerative colitis (K51.-†),JAI
M09.8*,Juvenile arthritis in other diseases classified elsewhere,JAI
M10,Gout [See site code at the beginning of this chapter],GOUT
M10.0,Idiopathic gout Gouty bursitis Primary gout Urate tophus of heart† (I43.8*),IGG
M10.1,Lead-induced gout,LG
M10.2,Drug-induced gout,DG
M10.3,Gout due to impairment of renal function,GIR
M10.4,Other secondary gout,SG
M10.9,"Gout, unspecified",GOUT NOS
M11,Other crystal arthropathies [See site code at the beginning of this chapter],CA
M11.0,Hydroxyapatite deposition disease,HDD
M11.1,Familial chondrocalcinosis,FC NOS
M11.2,Other chondrocalcinosis Chondrocalcinosis NOS,CCN NOS
M11.8,Other specified crystal arthropathies,CA
M11.9,"Crystal arthropathy, unspecified",CA NOS
M12,Other specific arthropathies [See site code at the beginning of this chapter],SA
M12.0,Chronic postrheumatic arthropathy [Jaccoud],CPA
M12.1,Kaschin-Beck disease,KD
M12.2,Villonodular synovitis (pigmented),VS
M12.3,Palindromic rheumatism,PR
M12.4,Intermittent hydrarthrosis,IH
M12.5,Traumatic arthropathy,TA
M12.8,"Other specific arthropathies, not elsewhere classified Transient arthropathy",SAN
M13,Other arthritis [See site code at the beginning of this chapter],ARTH
M13.0,"Polyarthritis, unspecified",POLY NOS
M13.1,"Monoarthritis, not elsewhere classified",MNE
M13.8,Other specified arthritis Allergic arthritis,AAA
M13.9,"Arthritis, unspecified Arthropathy NOS",AAN NOS
M14*,Arthropathies in other diseases classified elsewhere,AID
M14.0*,Gouty arthropathy due to enzyme defects and other inherited disorders Gouty arthropathy in: • Lesch–Nyhan syndrome (E79.1†) • sickle-cell disorders (D57.-†),GAE
M14.1*,Crystal arthropathy in other metabolic disorders Crystal arthropathy in hyperparathyroidism (E21.-†),CAI
M14.2*,Diabetic arthropathy (E10–E14 with common fourth character .6†),DA
M14.3*,Lipoid dermatoarthritis (E78.8†),LD
M14.4*,Arthropathy in amyloidosis (E85.-†),AIA
M14.5*,"Arthropathies in other endocrine, nutritional and metabolic disorders Arthropathy in: • acromegaly and pituitary gigantism (E22.0†) • haemochromatosis (E83.1†) • hypothyroidism (E00–E03†) • thyrotoxicosis [hyperthyroidism] (E05.-†)",AIE
M14.6*,Neuropathic arthropathy Charcot or tabetic arthropathy (A52.1†) Diabetic neuropathic arthropathy (E10–E14 with common fourth character .6†),NAC
M14.8*,Arthropathies in other specified diseases classified elsewhere Arthropathy in: • erythema: – multiforme (L51.-†) – nodosum (L52†) • sarcoidosis (D86.8†) • Whipple disease (K90.8†) Arthrosis (M15–M19),AID
M15,Polyarthrosis,POLY
M15.0,Primary generalized (osteo)arthrosis,PGA
M15.1,Heberden nodes (with arthropathy),HN
M15.2,Bouchard nodes (with arthropathy),BN
M15.3,Secondary multiple arthrosis Post-traumatic polyarthrosis,SMA
M15.4,Erosive (osteo)arthrosis,EA
M15.8,Other polyarthrosis,POLY
M15.9,"Polyarthrosis, unspecified Generalized osteoarthritis NOS",PGO NOS
M15–M19,arthrosis cricoarytenoid arthropathy (J38.7),ACA
M16,Coxarthrosis [arthrosis of hip],COXA
M16.0,"Primary coxarthrosis, bilateral",PCB
M16.1,Other primary coxarthrosis Primary coxarthrosis: • NOS • unilateral,PCP NOS
M16.2,"Coxarthrosis resulting from dysplasia, bilateral",CRF
M16.3,Other dysplastic coxarthrosis Dysplastic coxarthrosis: • NOS • unilateral,DCD NOS
M16.4,"Post-traumatic coxarthrosis, bilateral",PCB
M16.5,Other post-traumatic coxarthrosis Post-traumatic coxarthrosis: • NOS • unilateral,PCP NOS
M16.6,"Other secondary coxarthrosis, bilateral",SCB
M16.7,Other secondary coxarthrosis Secondary coxarthrosis: • NOS • unilateral,SCS NOS
M16.9,"Coxarthrosis, unspecified",COXA NOS
M17,Gonarthrosis [arthrosis of knee],GONA
M17.0,"Primary gonarthrosis, bilateral",PGB
M17.1,Other primary gonarthrosis Primary gonarthrosis: • NOS • unilateral,PGP NOS
M17.2,"Post-traumatic gonarthrosis, bilateral",PGB
M17.3,Other post-traumatic gonarthrosis Post-traumatic gonarthrosis: • NOS • unilateral,PGP NOS
M17.4,"Other secondary gonarthrosis, bilateral",SGB
M17.5,Other secondary gonarthrosis Secondary gonarthrosis: • NOS • unilateral,SGS NOS
M17.9,"Gonarthrosis, unspecified",GONA NOS
M18,Arthrosis of first carpometacarpal joint,AFC
M18.0,"Primary arthrosis of first carpometacarpal joints, bilateral",PAF
M18.1,Other primary arthrosis of first carpometacarpal joint Primary arthrosis of first carpometacarpal joint: • NOS • unilateral,PAF NOS
M18.2,"Post-traumatic arthrosis of first carpometacarpal joints, bilateral",PAF
M18.3,Other post-traumatic arthrosis of first carpometacarpal joint Post-traumatic arthrosis of first carpometacarpal joint: • NOS • unilateral,PAF NOS
M18.4,"Other secondary arthrosis of first carpometacarpal joints, bilateral",SAF
M18.5,Other secondary arthrosis of first carpometacarpal joint Secondary arthrosis of first carpometacarpal joint: • NOS • unilateral,SAF NOS
M18.9,"Arthrosis of first carpometacarpal joint, unspecified",AFC NOS
M19,Other arthrosis [See site code at the beginning of this chapter],ARTH
M19.0,Primary arthrosis of other joints Primary arthrosis NOS,PAJ NOS
M19.1,Post-traumatic arthrosis of other joints Post-traumatic arthrosis NOS,PAJ NOS
M19.2,Other secondary arthrosis Secondary arthrosis NOS,SAS NOS
M19.8,Other specified arthrosis,ARTH
M19.9,"Arthrosis, unspecified Other joint disorders (M20–M25)",AJD NOS
M20,Acquired deformities of fingers and toes,ADF
M20.0,Deformity of finger(s) Boutonnière and swan-neck deformities,DFB
M20.1,Hallux valgus (acquired) Bunion,HVB
M20.2,Hallux rigidus,HR
M20.3,Other deformity of hallux (acquired) Hallux varus,DHH
M20.4,Other hammer toe(s) (acquired),HT
M20.5,Other deformities of toe(s) (acquired),DT
M20.6,"Acquired deformity of toe(s), unspecified",ADT NOS
M20–M21,• deformities of limbs congenital malformations and deformations of the musculoskeletal,•DL
M20–M25,Other joint disorders,JD
M21,Other acquired deformities of limbs [See site code at the beginning of this chapter],ADL
M21.0,"Valgus deformity, not elsewhere classified",VDN
M21.1,"Varus deformity, not elsewhere classified",VDN
M21.2,Flexion deformity,FD
M21.3,Wrist or foot drop (acquired),WOF
M21.4,Flat foot [pes planus] (acquired),FF
M21.5,"Acquired clawhand, clubhand, clawfoot and clubfoot",ACC
M21.6,Other acquired deformities of ankle and foot,ADA
M21.7,Unequal limb length (acquired),ULL
M21.8,Other specified acquired deformities of limbs,ADL
M21.9,"Acquired deformity of limb, unspecified",ADL NOS
M22,Disorders of patella,DP
M22.0,Recurrent dislocation of patella,RDP
M22.1,Recurrent subluxation of patella,RSP
M22.2,Patellofemoral disorders,PD
M22.3,Other derangements of patella,DP
M22.4,Chondromalacia patellae,CP
M22.8,Other disorders of patella,DP
M22.9,"Disorder of patella, unspecified",DP NOS
M23,Internal derangement of knee,IDK
M23.0,Cystic meniscus,CM
M23.1,Discoid meniscus (congenital),DM
M23.2,Derangement of meniscus due to old tear or injury Old bucket-handle tear,DMO
M23.3,Other meniscus derangements Degenerate Detached meniscus Retained,MDD
M23.4,Loose body in knee,LBI
M23.5,Chronic instability of knee,CIK
M23.6,Other spontaneous disruption of ligament(s) of knee,SDL
M23.8,Other internal derangements of knee Laxity of ligament of knee Snapping knee,IDK
M23.9,"Internal derangement of knee, unspecified",IDK NOS
M24,Other specific joint derangements [See site code at the beginning of this chapter],SJD
M24.0,Loose body in joint,LBI
M24.1,Other articular cartilage disorders,ACD
M24.2,Disorder of ligament Instability secondary to old ligament injury Ligamentous laxity NOS,DLI NOS
M24.3,"Pathological dislocation and subluxation of joint, not elsewhere classified",PDS
M24.4,Recurrent dislocation and subluxation of joint,RDS
M24.5,Contracture of joint,CJ
M24.6,Ankylosis of joint,AJ
M24.7,Protrusio acetabuli,PA
M24.8,"Other specific joint derangements, not elsewhere classified",SJD
M24.9,"Joint derangement, unspecified",JD NOS
M25,"Other joint disorders, not elsewhere classified [See site code at the beginning of this chapter]",JDN
M25.0,Haemarthrosis,HAEM
M25.1,Fistula of joint,FJ
M25.2,Flail joint,FJ
M25.3,Other instability of joint,IJ
M25.4,Effusion of joint,EJ
M25.5,Pain in joint,PIJ
M25.6,"Stiffness of joint, not elsewhere classified",SJN
M25.7,Osteophyte,OSTE
M25.8,Other specified joint disorders,JD
M25.9,"Joint disorder, unspecified Systemic connective tissue disorders (M30–M36)",JDS NOS
M30,Polyarteritis nodosa and related conditions,PNR
M30.0,Polyarteritis nodosa,PN
M30.1,Polyarteritis with lung involvement [Churg–Strauss] Allergic granulomatous angiitis,PLI
M30.2,Juvenile polyarteritis,JP
M30.3,Mucocutaneous lymph node syndrome [Kawasaki],MLN
M30.8,Other conditions related to polyarteritis nodosa Polyangiitis overlap syndrome,CRP
M30–M36,Systemic connective tissue disorders,SCT
M31,Other necrotizing vasculopathies,NV
M31.0,Hypersensitivity angiitis Goodpasture syndrome,HAG
M31.1,Thrombotic microangiopathy Thrombotic thrombocytopenic purpura,TMT
M31.2,Lethal midline granuloma,LMG
M31.3,Wegener granulomatosis Necrotizing respiratory granulomatosis,WGN
M31.4,Aortic arch syndrome [Takayasu],AAS
M31.5,Giant cell arteritis with polymyalgia rheumatica,GCA
M31.6,Other giant cell arteritis,GCA
M31.7,Microscopic polyangiitis Microscopic polyarteritis,MPM
M31.8,Other specified necrotizing vasculopathies Hypocomplementaemic vasculitis,NVH
M31.9,"Necrotizing vasculopathy, unspecified",NV NOS
M32,Systemic lupus erythematosus,SLE
M32.0,Drug-induced systemic lupus erythematosus,DSL
M32.1†,"Systemic lupus erythematosus with organ or system involvement Libman–Sacks disease (I39.-*) Lupus pericarditis (I32.8*) Systemic lupus erythematosus with: • kidney involvement (N08.5*, N16.4*) • lung involvement (J99.1*)",SLE
M32.8,Other forms of systemic lupus erythematosus,FSL
M32.9,"Systemic lupus erythematosus, unspecified",SLE NOS
M33,Dermatopolymyositis,DERM
M33.0,Juvenile dermatomyositis,JD
M33.1,Other dermatomyositis,DERM
M33.2,Polymyositis,POLY
M33.9,"Dermatopolymyositis, unspecified",DERM NOS
M34,Systemic sclerosis,SS
M34.0,Progressive systemic sclerosis,PSS
M34.1,"CR(E)ST syndrome Combination of calcinosis, Raynaud phenomenon, (o)esophageal dysfunction, sclerodactyly, telangiectasia.",CSC NOS
M34.2,Systemic sclerosis induced by drugs and chemicals,SSI
M34.8,Other forms of systemic sclerosis Systemic sclerosis with: • lung involvement† (J99.1*) • myopathy† (G73.7*),FSS
M34.9,"Systemic sclerosis, unspecified",SS NOS
M35,Other systemic involvement of connective tissue,SIC
M35.0,Sicca syndrome [Sjögren] Sjögren syndrome with: • keratoconjunctivitis† (H19.3*) • lung involvement† (J99.1*) • myopathy† (G73.7*) • renal tubulo-interstitial disorders† (N16.4*),SSS
M35.1,Other overlap syndromes Mixed connective tissue disease,OSM
M35.2,Behçet disease,BD
M35.3,Polymyalgia rheumatica,PR
M35.4,Diffuse (eosinophilic) fasciitis,DF
M35.5,Multifocal fibrosclerosis,MF
M35.6,Relapsing panniculitis [Weber–Christian],RP
M35.7,Hypermobility syndrome Familial ligamentous laxity,HSF
M35.8,Other specified systemic involvement of connective tissue,SIC
M35.9,"Systemic involvement of connective tissue, unspecified Autoimmune disease (systemic) NOS Collagen (vascular) disease NOS",SIC NOS
M36*,Systemic disorders of connective tissue in diseases classified elsewhere,SDC
M36.0*,Dermato(poly)myositis in neoplastic disease (C00–D48†),DIN
M36.1*,Arthropathy in neoplastic disease (C00–D48†) Arthropathy in: • leukaemia (C91–C95†) • malignant histiocytosis (C96.8†) • multiple myeloma (C90.0†),AIN
M36.2*,Haemophilic arthropathy (D66–D68†),HA
M36.3*,Arthropathy in other blood disorders (D50–D76†),AIB
M36.4*,Arthropathy in hypersensitivity reactions classified elsewhere Arthropathy in Henoch(–Schönlein) purpura (D69.0†),AIH
M36.8*,"Systemic disorders of connective tissue in other diseases classified elsewhere Systemic disorders of connective tissue in: • hypogammaglobulinaemia (D80.-†) • ochronosis (E70.2†) Dorsopathies (M40–M54) The following supplementary subclassification to indicate the site of involvement is provided for optional use with appropriate categories in the block on dorsopathies, except categories M50 and M51; see also note at the beginning of this chapter. 0 Multiple sites in spine 1 Occipito-atlanto-axial region 2 Cervical region 3 Cervicothoracic region 4 Thoracic region 5 Thoracolumbar region 6 Lumbar region",SDC NOS
M40,Kyphosis and lordosis [See site code before M40],KL
M40.0,Postural kyphosis,PK
M40.1,Other secondary kyphosis,SK
M40.2,Other and unspecified kyphosis,KYPH NOS
M40.3,Flatback syndrome,FS
M40.4,Other lordosis Lordosis: • acquired • postural,LL•
M40.5,"Lordosis, unspecified",LORD NOS
M40–M43,deforming dorsopathies dentofacial anomalies [including malocclusion] (K07.-) postprocedural musculoskeletal disorders (M96.-),DDD
M40–M54,Dorsopathies,DORS
M41,Scoliosis [See site code before M40],SCOL
M41.0,Infantile idiopathic scoliosis,IIS
M41.1,Juvenile idiopathic scoliosis Adolescent scoliosis,JIS
M41.2,Other idiopathic scoliosis,IS
M41.3,Thoracogenic scoliosis,TS
M41.4,"Neuromuscular scoliosis Scoliosis secondary to cerebral palsy, Friedreich ataxia, poliomyelitis, and other neuromuscular disorders",NSS
M41.5,Other secondary scoliosis,SS
M41.8,Other forms of scoliosis,FS
M41.9,"Scoliosis, unspecified",SCOL NOS
M42,Spinal osteochondrosis [See site code before M40],SO
M42.0,Juvenile osteochondrosis of spine • Calvé disease • Scheuermann disease,JOS
M42.1,Adult osteochondrosis of spine,AOS
M42.9,"Spinal osteochondrosis, unspecified",SO NOS
M43,Other deforming dorsopathies [See site code before M40],DD
M43.0,Spondylolysis,SPON
M43.1,Spondylolisthesis,SPON
M43.2,Other fusion of spine Ankylosis of spinal joint,FSA
M43.3,Recurrent atlantoaxial subluxation with myelopathy,RAS
M43.4,Other recurrent atlantoaxial subluxation,RAS
M43.5,Other recurrent vertebral subluxation,RVS
M43.6,Torticollis,TORT
M43.8,Other specified deforming dorsopathies,DD
M43.9,"Deforming dorsopathy, unspecified Curvature of spine NOS Spondylopathies (M45–M49)",DDC NOS
M45,Ankylosing spondylitis [See site code before M40],AS
M45–M49,Spondylopathies,SPON
M46,Other inflammatory spondylopathies [See site code before M40],IS
M46.0,Spinal enthesopathy Disorder of ligamentous or muscular attachments of spine,SED
M46.1,"Sacroiliitis, not elsewhere classified",SNE
M46.2,Osteomyelitis of vertebra,OV
M46.3,Infection of intervertebral disc (pyogenic),IID
M46.4,"Discitis, unspecified",DISC NOS
M46.5,Other infective spondylopathies,IS
M46.8,Other specified inflammatory spondylopathies,IS
M46.9,"Inflammatory spondylopathy, unspecified",IS NOS
M47,Spondylosis [See site code before M40],SPON
M47.0†,Anterior spinal and vertebral artery compression syndromes (G99.2*),ASV
M47.1,Other spondylosis with myelopathy Spondylogenic compression of spinal cord† (G99.2*),SMS
M47.2,Other spondylosis with radiculopathy,SR
M47.8,Other spondylosis Cervical spondylosis Lumbosacral spondylosis without myelopathy or radiculopathy Thoracic spondylosis,SCS
M47.9,"Spondylosis, unspecified",SPON NOS
M48,Other spondylopathies [See site code before M40],SPON
M48.0,Spinal stenosis Caudal stenosis,SSC NOS
M48.1,Ankylosing hyperostosis [Forestier] Diffuse idiopathic skeletal hyperostosis [DISH],AHD
M48.2,Kissing spine,KS
M48.3,Traumatic spondylopathy,TS
M48.4,Fatigue fracture of vertebra Stress fracture of vertebra,FFV
M48.5,"Collapsed vertebra, not elsewhere classified Collapsed vertebra NOS Wedging of vertebra NOS",CVN NOS
M48.8,Other specified spondylopathies Ossification of posterior longitudinal ligament,SOP
M48.9,"Spondylopathy, unspecified",SPON NOS
M49*,Spondylopathies in diseases classified elsewhere [See site code before M40],SID
M49.0*,Tuberculosis of spine (A18.0†) Pott’s curvature,TB
M49.1*,Brucella spondylitis (A23.-†),BS
M49.2*,Enterobacterial spondylitis (A01–A04†),ES
M49.3*,Spondylopathy in other infectious and parasitic diseases classified elsewhere,SII
M49.4*,Neuropathic spondylopathy Neuropathic spondylopathy in: • syringomyelia and syringobulbia (G95.0†) • tabes dorsalis (A52.1†),NSN
M49.5*,Collapsed vertebra in diseases classified elsewhere Metastatic fracture of vertebra (C79.5†),CVI
M49.8*,Spondylopathy in other diseases classified elsewhere Other dorsopathies (M50–M54),SID
M50,Cervical disc disorders,CDD
M50.0†,Cervical disc disorder with myelopathy (G99.2*),CDD
M50.1,Cervical disc disorder with radiculopathy,CDD
M50.2,Other cervical disc displacement,CDD
M50.3,Other cervical disc degeneration,CDD
M50.8,Other cervical disc disorders,CDD
M50.9,"Cervical disc disorder, unspecified",CDD NOS
M50–M51,intervertebral disc disorders neuralgia or neuritis NOS (M79.2) neuritis or radiculitis: • brachial NOS (M54.1) • lumbar NOS (M54.1) • lumbosacral NOS (M54.1) • thoracic NOS (M54.1) radiculitis NOS (M54.1) radiculopathy NOS (M54.1) spondylosis (M47.-),IDD NOS
M50–M54,Other dorsopathies,DORS
M51,Other intervertebral disc disorders,IDD
M51.0†,Lumbar and other intervertebral disc disorders with myelopathy (G99.2*),LID
M51.1†,Lumbar and other intervertebral disc disorders with radiculopathy (G55.1*) Sciatica due to intervertebral disc disorder,LID
M51.2,Other specified intervertebral disc displacement Lumbago due to displacement of intervertebral disc,IDD
M51.3,Other specified intervertebral disc degeneration,IDD
M51.4,Schmorl nodes,SN
M51.8,Other specified intervertebral disc disorders,IDD
M51.9,"Intervertebral disc disorder, unspecified",IDD NOS
M53,"Other dorsopathies, not elsewhere classified [See site code before M40]",DNE
M53.0,Cervicocranial syndrome Posterior cervical sympathetic syndrome,CSP
M53.1,Cervicobrachial syndrome,CS
M53.2,Spinal instabilities,SI
M53.3,"Sacrococcygeal disorders, not elsewhere classified Coccygodynia",SDN
M53.8,Other specified dorsopathies,DORS
M53.9,"Dorsopathy, unspecified",DORS NOS
M54,Dorsalgia [See site code before M40],DORS
M54.0,Panniculitis affecting regions of neck and back,PAR
M54.1,Radiculopathy Neuritis or radiculitis: • brachial NOS • lumbar NOS • lumbosacral NOS • thoracic NOS Radiculitis NOS,RNO NOS
M54.2,Cervicalgia,CERV
M54.3,Sciatica,SCIA
M54.4,Lumbago with sciatica,LS
M54.5,Low back pain Loin pain Low back strain Lumbago NOS,LBP NOS
M54.6,Pain in thoracic spine,PIT
M54.8,Other dorsalgia,DORS
M54.9,"Dorsalgia, unspecified Backache NOS Soft tissue disorders (M60–M79) Disorders of muscles (M60–M63)",DBN NOS
M60,Myositis [See site code at the beginning of this chapter],MYOS
M60.0,Infective myositis Tropical pyomyositis,IMT
M60.1,Interstitial myositis,IM
M60.2,"Foreign body granuloma of soft tissue, not elsewhere classified",FBG
M60.8,Other myositis,MYOS
M60.9,"Myositis, unspecified",MYOS NOS
M60–M63,Disorders of muscles,DM
M60–M79,Soft tissue disorders,STD
M61,Calcification and ossification of muscle [See site code at the beginning of this chapter],COM
M61.0,Myositis ossificans traumatica,MOT
M61.1,Myositis ossificans progressiva Fibrodysplasia ossificans progressiva,MOP
M61.2,Paralytic calcification and ossification of muscle Myositis ossificans associated with quadriplegia or paraplegia,PCO
M61.3,Calcification and ossification of muscles associated with burns Myositis ossificans associated with burns,COM
M61.4,Other calcification of muscle,CM
M61.5,Other ossification of muscle,OM
M61.9,"Calcification and ossification of muscle, unspecified",COM NOS
M62,Other disorders of muscle [See site code at the beginning of this chapter],DM
M62.0,Diastasis of muscle,DM
M62.1,Other rupture of muscle (nontraumatic),RM
M62.2,"Ischaemic infarction of muscle Compartment syndrome, non-traumatic",IIM
M62.3,Immobility syndrome (paraplegic),IS
M62.4,Contracture of muscle,CM
M62.5,"Muscle wasting and atrophy, not elsewhere classified Disuse atrophy NEC",MWA
M62.6,Muscle strain,MS
M62.8,Other specified disorders of muscle Muscle (sheath) hernia,DMM
M62.9,"Disorder of muscle, unspecified",DM NOS
M63*,Disorders of muscle in diseases classified elsewhere,DMI
M63.0*,"Myositis in bacterial diseases classified elsewhere Myositis in: • leprosy [Hansen disease] (A30.-†) • syphilis (A51.4†, A52.7†)",MIB
M63.1*,Myositis in protozoal and parasitic infections classified elsewhere Myositis in: • cysticercosis (B69.8†) • schistosomiasis [bilharziasis] (B65.-†) • toxoplasmosis (B58.8†) • trichinellosis (B75†),MIP
M63.2*,Myositis in other infectious diseases classified elsewhere Myositis in mycosis (B35–B49†),MII
M63.3*,Myositis in sarcoidosis (D86.8†),MIS
M63.8*,Other disorders of muscle in diseases classified elsewhere,DMI
M65,Synovitis and tenosynovitis [See site code at the beginning of this chapter],ST NOS
M65.0,Abscess of tendon sheath,ATS
M65.1,Other infective (teno)synovitis,IS
M65.2,Calcific tendinitis,CT
M65.3,Trigger finger Nodular tendinous disease,TFN
M65.4,Radial styloid tenosynovitis [de Quervain],RST NOS
M65.8,Other synovitis and tenosynovitis Irritable hip,STI NOS
M65.9,"Synovitis and tenosynovitis, unspecified",ST NOS
M65–M68,Disorders of synovium and tendon,DST
M66,Spontaneous rupture of synovium and tendon [See site code at the beginning of this chapter],SRS
M66.0,Rupture of popliteal cyst,RPC
M66.1,Rupture of synovium Rupture of synovial cyst,RSR
M66.2,Spontaneous rupture of extensor tendons,SRE
M66.3,Spontaneous rupture of flexor tendons,SRF
M66.4,Spontaneous rupture of other tendons,SRT
M66.5,"Spontaneous rupture of unspecified tendon Rupture at musculotendinous junction, nontraumatic",SRT NOS
M67,Other disorders of synovium and tendon,DST
M67.0,Short Achilles tendon (acquired),SAT
M67.1,Other contracture of tendon (sheath),CT
M67.2,"Synovial hypertrophy, not elsewhere classified",SHN
M67.3,Transient synovitis Toxic synovitis,TST
M67.4,Ganglion Ganglion of joint or tendon (sheath),GGJ
M67.8,Other specified disorders of synovium and tendon,DST
M67.9,"Disorder of synovium and tendon, unspecified",DST NOS
M68*,Disorders of synovium and tendon in diseases classified elsewhere,DST
M68.0*,Synovitis and tenosynovitis in bacterial diseases classified elsewhere Synovitis or tenosynovitis in: • gonorrhoea (A54.4†) • syphilis (A52.7†) • tuberculosis (A18.0†),TB
M68.8*,Other disorders of synovium and tendon in diseases classified elsewhere,DST
M70,"Soft tissue disorders related to use, overuse and pressure [See site code at the beginning of this chapter]",STD
M70.0,Chronic crepitant synovitis of hand and wrist,CCS
M70.1,Bursitis of hand,BH
M70.2,Olecranon bursitis,OB
M70.3,Other bursitis of elbow,BE
M70.4,Prepatellar bursitis,PB
M70.5,Other bursitis of knee,BK
M70.6,Trochanteric bursitis Trochanteric tendinitis,TBT
M70.7,Other bursitis of hip Ischial bursitis,BHI
M70.8,"Other soft tissue disorders related to use, overuse and pressure",STD
M70.9,"Unspecified soft tissue disorder related to use, overuse and pressure",STD NOS
M70–M79,Other soft tissue disorders,STD
M71,Other bursopathies [See site code at the beginning of this chapter],BURS
M71.0,Abscess of bursa,AB
M71.1,Other infective bursitis,IB
M71.2,Synovial cyst of popliteal space [Baker],SCP
M71.3,Other bursal cyst Synovial cyst NOS,BCS NOS
M71.4,Calcium deposit in bursa,CDI
M71.5,"Other bursitis, not elsewhere classified",BNE
M71.8,Other specified bursopathies,BURS
M71.9,"Bursopathy, unspecified Bursitis NOS",BBN NOS
M72,Fibroblastic disorders [See site code at the beginning of this chapter],FD
M72.0,Palmar fascial fibromatosis [Dupuytren],PFF
M72.1,Knuckle pads,KP
M72.2,Plantar fascial fibromatosis Plantar fasciitis,PFF
M72.4,Pseudosarcomatous fibromatosis Nodular fasciitis,PFN
M72.6,Necrotizing fasciitis,NF
M72.8,Other fibroblastic disorders Abscess of fascia,FDA
M72.9,"Fibroblastic disorder, unspecified Fasciitis NOS Fibromatosis NOS",FDF NOS
M73*,Soft tissue disorders in diseases classified elsewhere [See site code at the beginning of this chapter],STD
M73.0*,Gonococcal bursitis (A54.4†),GB
M73.1*,Syphilitic bursitis (A52.7†),SB
M73.8*,Other soft tissue disorders in diseases classified elsewhere,STD
M75,Shoulder lesions,SL
M75.0,Adhesive capsulitis of shoulder Frozen shoulder Periarthritis of shoulder,ACS
M75.1,"Rotator cuff syndrome Rotator cuff or supraspinatus tear or rupture (complete)(incomplete), not specified as traumatic Supraspinatus syndrome",RCS
M75.2,Bicipital tendinitis,BT
M75.3,Calcific tendinitis of shoulder Calcified bursa of shoulder,CTS
M75.4,Impingement syndrome of shoulder,ISS
M75.5,Bursitis of shoulder,BS
M75.8,Other shoulder lesions,SL
M75.9,"Shoulder lesion, unspecified",SL NOS
M75–M77,specified tendinitis,TEND
M76,"Enthesopathies of lower limb, excluding foot [See site code at the beginning of this chapter]",ELL
M76.0,Gluteal tendinitis,GT
M76.1,Psoas tendinitis,PT
M76.2,Iliac crest spur,ICS
M76.3,Iliotibial band syndrome,IBS
M76.4,Tibial collateral bursitis [Pellegrini–Stieda],TCB
M76.5,Patellar tendinitis,PT
M76.6,Achilles tendinitis Achilles bursitis,ATA
M76.7,Peroneal tendinitis,PT
M76.8,"Other enthesopathies of lower limb, excluding foot Anterior tibial syndrome Posterior tibial tendinitis",ELL
M76.9,"Enthesopathy of lower limb, unspecified",ELL NOS
M76–M77,enthesopathies,ENTH
M77,Other enthesopathies [See site code at the beginning of this chapter],ENTH
M77.0,Medial epicondylitis,ME
M77.1,Lateral epicondylitis Tennis elbow,LET
M77.2,Periarthritis of wrist,PW
M77.3,Calcaneal spur,CS
M77.4,Metatarsalgia,META
M77.5,Other enthesopathy of foot,EF
M77.8,"Other enthesopathies, not elsewhere classified",ENE
M77.9,"Enthesopathy, unspecified Bone spur NOS Capsulitis NOS Periarthritis NOS Tendinitis NOS",EBS NOS
M79,"Other soft tissue disorders, not elsewhere classified [See site code at the beginning of this chapter]",STD
M79.0,"Rheumatism, unspecified",RHEU NOS
M79.1,Myalgia,MYAL
M79.2,"Neuralgia and neuritis, unspecified",NN NOS
M79.3,"Panniculitis, unspecified",PANN NOS
M79.4,Hypertrophy of (infrapatellar) fat pad,HFP
M79.5,Residual foreign body in soft tissue,RFB
M79.6,Pain in limb,PIL
M79.7,Fibromyalgia Fibromyositis Fibrositis Myofibrositis,FFF
M79.8,Other specified soft tissue disorders,STD
M79.9,"Soft tissue disorder, unspecified Osteopathies and chondropathies (M80–M94) Disorders of bone density and structure (M80–M85)",STD NOS
M80,Osteoporosis with pathological fracture [See site code at the beginning of this chapter],OPF
M80.0,Postmenopausal osteoporosis with pathological fracture,POP
M80.1,Postoophorectomy osteoporosis with pathological fracture,POP
M80.2,Osteoporosis of disuse with pathological fracture,ODP
M80.3,Postsurgical malabsorption osteoporosis with pathological fracture,PMO
M80.4,Drug-induced osteoporosis with pathological fracture,DOP
M80.5,Idiopathic osteoporosis with pathological fracture,IOP
M80.8,Other osteoporosis with pathological fracture,OPF
M80.9,Unspecified osteoporosis with pathological fracture,OPF NOS
M80–M81,disorders associated with osteoporosis,DAO
M80–M85,Disorders of bone density and structure,DBD
M80–M94,Osteopathies and chondropathies,OC
M81,Osteoporosis without pathological fracture [See site code at the beginning of this chapter],OWP
M81.0,Postmenopausal osteoporosis,PO
M81.1,Postoophorectomy osteoporosis,PO
M81.2,Osteoporosis of disuse,OD
M81.3,Postsurgical malabsorption osteoporosis,PMO
M81.4,Drug-induced osteoporosis,DO
M81.5,Idiopathic osteoporosis,IO
M81.6,Localized osteoporosis [Lequesne],LO
M81.8,Other osteoporosis Senile osteoporosis,OSO
M81.9,"Osteoporosis, unspecified",OSTE NOS
M82*,Osteoporosis in diseases classified elsewhere [See site code at the beginning of this chapter],OID
M82.0*,Osteoporosis in multiple myelomatosis (C90.0†),OIM
M82.1*,Osteoporosis in endocrine disorders (E00–E34†),OIE
M82.8*,Osteoporosis in other diseases classified elsewhere,OID
M83,Adult osteomalacia [See site code at the beginning of this chapter],AO
M83.0,Puerperal osteomalacia,PO
M83.1,Senile osteomalacia,SO
M83.2,Adult osteomalacia due to malabsorption Postsurgical malabsorption osteomalacia in adults,AOM
M83.3,Adult osteomalacia due to malnutrition,AOM
M83.4,Aluminium bone disease,ABD
M83.5,Other drug-induced osteomalacia in adults,DOI
M83.8,Other adult osteomalacia,AO
M83.9,"Adult osteomalacia, unspecified",AO NOS
M84,Disorders of continuity of bone [See site code at the beginning of this chapter],DCB
M84.0,Malunion of fracture,MF
M84.1,Nonunion of fracture [pseudarthrosis],NF
M84.2,Delayed union of fracture,DUF
M84.3,"Stress fracture, not elsewhere classified Stress fracture NOS",SFN NOS
M84.4,"Pathological fracture, not elsewhere classified Pathological fracture NOS",PFN NOS
M84.8,Other disorders of continuity of bone,DCB
M84.9,"Disorder of continuity of bone, unspecified",DCB NOS
M85,Other disorders of bone density and structure [See site code at the beginning of this chapter],DBD
M85.0,Fibrous dysplasia (monostotic),FD NOS
M85.1,Skeletal fluorosis,SF
M85.2,Hyperostosis of skull,HS
M85.3,Osteitis condensans,OC
M85.4,Solitary bone cyst,SBC
M85.5,Aneurysmal bone cyst,ABC
M85.6,Other cyst of bone,CB
M85.8,"Other specified disorders of bone density and structure Hyperostosis of bones, except skull Osteosclerosis, acquired",DBD
M85.9,"Disorder of bone density and structure, unspecified Other osteopathies (M86–M90)",DBD NOS
M86,Osteomyelitis [See site code at the beginning of this chapter],OSTE
M86.0,Acute haematogenous osteomyelitis,AHO
M86.1,Other acute osteomyelitis,AO
M86.2,Subacute osteomyelitis,SO
M86.3,Chronic multifocal osteomyelitis,CMO
M86.4,Chronic osteomyelitis with draining sinus,COD
M86.5,Other chronic haematogenous osteomyelitis,CHO
M86.6,Other chronic osteomyelitis,CO
M86.8,Other osteomyelitis Brodie’s abscess,OBA
M86.9,"Osteomyelitis, unspecified Infection of bone NOS Periostitis without mention of osteomyelitis",OIB NOS
M86–M90,Other osteopathies,OSTE
M87,Osteonecrosis [See site code at the beginning of this chapter],OSTE
M87.0,Idiopathic aseptic necrosis of bone,IAN
M87.1,Osteonecrosis due to drugs,OD
M87.2,Osteonecrosis due to previous trauma,OPT
M87.3,Other secondary osteonecrosis,SO
M87.8,Other osteonecrosis,OSTE
M87.9,"Osteonecrosis, unspecified",OSTE NOS
M88,Paget disease of bone [osteitis deformans] [See site code at the beginning of this chapter],PDB
M88.0,Paget disease of skull,PDS
M88.8,Paget disease of other bones,PDB
M88.9,"Paget disease of bone, unspecified",PDB NOS
M89,Other disorders of bone [See site code at the beginning of this chapter],DB
M89.0,Algoneurodystrophy Shoulder-hand syndrome Sudeck atrophy Sympathetic reflex dystrophy,ASS
M89.1,Epiphyseal arrest,EA
M89.2,Other disorders of bone development and growth,DBD
M89.3,Hypertrophy of bone,HB
M89.4,Other hypertrophic osteoarthropathy Marie–Bamberger disease Pachydermoperiostosis,HOM
M89.5,Osteolysis,OSTE
M89.6,Osteopathy after poliomyelitis,OAP
M89.8,Other specified disorders of bone Infantile cortical hyperostoses Post-traumatic subperiosteal ossification,DBI
M89.9,"Disorder of bone, unspecified",DB NOS
M90*,Osteopathies in diseases classified elsewhere [See site code at the beginning of this chapter],OID
M90.0*,Tuberculosis of bone (A18.0†),TB
M90.1*,Periostitis in other infectious diseases classified elsewhere Secondary syphilitic periostitis (A51.4†),PII
M90.2*,"Osteopathy in other infectious diseases classified elsewhere Osteomyelitis: • echinococcal (B67.2†) • gonococcal (A54.4†) • salmonella (A02.2†) Syphilitic osteopathy or osteochondropathy (A50.5†, A52.7†)",OII
M90.3*,Osteonecrosis in Caisson disease (T70.3†),OIC
M90.4*,Osteonecrosis due to haemoglobinopathy (D50–D64†),OH
M90.5*,Osteonecrosis in other diseases classified elsewhere,OID
M90.6*,Osteitis deformans in neoplastic disease (C00–D48†) Osteitis deformans in malignant neoplasm of bone (C40–C41†),ODI
M90.7*,Fracture of bone in neoplastic disease (C00–D48†),FBI
M90.8*,Osteopathy in other diseases classified elsewhere Osteopathy in renal osteodystrophy (N25.0†) Chondropathies (M91–M94),OID
M91,Juvenile osteochondrosis of hip and pelvis [See site code at the beginning of this chapter],JOH
M91.0,Juvenile osteochondrosis of pelvis Osteochondrosis (juvenile) of: • acetabulum • iliac crest [Buchanan] • ischiopubic synchondrosis [van Neck] • symphisis pubis [Pierson],JOP
M91.1,Juvenile osteochondrosis of head of femur [Legg–Calvé– Perthes],JOH
M91.2,Coxa plana Hip deformity due to previous juvenile osteochondrosis,CPH
M91.3,Pseudocoxalgia,PSEU
M91.8,Other juvenile osteochondrosis of hip and pelvis Juvenile osteochondrosis after reduction of congenital dislocation of hip,JOH
M91.9,"Juvenile osteochondrosis of hip and pelvis, unspecified",JOH NOS
M91–M94,Chondropathies,CHON
M92,Other juvenile osteochondrosis,JO
M92.0,Juvenile osteochondrosis of humerus Osteochondrosis (juvenile) of: • capitulum of humerus [Panner] • head of humerus [Haas],JOH
M92.1,Juvenile osteochondrosis of radius and ulna Osteochondrosis (juvenile) of: • lower ulna [Burns] • radial head [Brailsford],JOR
M92.2,Juvenile osteochondrosis of hand Osteochondrosis (juvenile) of: • carpal lunate [Kienböck] • metacarpal heads [Mauclaire],JOH
M92.3,Other juvenile osteochondrosis of upper limb,JOU
M92.4,Juvenile osteochondrosis of patella Osteochondrosis (juvenile) of: • primary patellar centre [Köhler] • secondary patellar centre [Sinding–Larsen],JOP
M92.5,Juvenile osteochondrosis of tibia and fibula Osteochondrosis (juvenile) of: • proximal tibia [Blount] • tibial tubercle [Osgood–Schlatter] Tibia vara,JOT
M92.6,Juvenile osteochondrosis of tarsus Osteochondrosis (juvenile) of: • calcaneum [Sever] • os tibiale externum [Haglund] • talus [Diaz] • tarsal navicular [Köhler],JOT
M92.7,Juvenile osteochondrosis of metatarsus Osteochondrosis (juvenile) of: • fifth metatarsus [Iselin] • second metatarsus [Freiberg],JOM
M92.8,Other specified juvenile osteochondrosis Calcaneal apophysitis,JOC
M92.9,"Juvenile osteochondrosis, unspecified Apophysitis Epiphysitis specified as juvenile, of unspecified site Osteochondritis Osteochondrosis",JOA NOS
M93,Other osteochondropathies,OSTE
M93.0,Slipped upper femoral epiphysis (nontraumatic),SUF
M93.1,Kienböck’s disease of adults Adult osteochondrosis of carpal lunate,KDA
M93.2,Osteochondritis dissecans,OD
M93.8,Other specified osteochondropathies,OSTE
M93.9,"Osteochondropathy, unspecified Apophysitis Epiphysitis not specified as adult or juvenile, of Osteochondritis unspecified site Osteochondrosis",OAE NOS
M94,Other disorders of cartilage [See site code at the beginning of this chapter],DC
M94.0,Chondrocostal junction syndrome [Tietze] Costochondritis,CJS
M94.1,Relapsing polychondritis,RP
M94.2,Chondromalacia,CHON
M94.3,Chondrolysis,CHON
M94.8,Other specified disorders of cartilage,DC
M94.9,"Disorder of cartilage, unspecified",DC NOS
M95,Other acquired deformities of musculoskeletal system and connective tissue,ADM
M95.0,Acquired deformity of nose,ADN NOS
M95.1,Cauliflower ear,CE
M95.2,Other acquired deformity of head,ADH
M95.3,Acquired deformity of neck,ADN
M95.4,Acquired deformity of chest and rib,ADC
M95.5,Acquired deformity of pelvis,ADP
M95.8,Other specified acquired deformities of musculoskeletal system,ADM
M95.9,"Acquired deformity of musculoskeletal system, unspecified",ADM NOS
M95–M99,Other disorders of the musculoskeletal system and connective tissue Asterisk categories for this chapter are provided as follows:,DMS
M96,"Postprocedural musculoskeletal disorders, not elsewhere classified",PMD
M96.0,Pseudarthrosis after fusion or arthrodesis,PAF
M96.1,"Postlaminectomy syndrome, not elsewhere classified",PSN
M96.2,Postradiation kyphosis,PK
M96.3,Postlaminectomy kyphosis,PK
M96.4,Postsurgical lordosis,PL
M96.5,Postradiation scoliosis,PS
M96.6,"Fracture of bone following insertion of orthopaedic implant, joint prosthesis, or bone plate",FBF
M96.8,Other postprocedural musculoskeletal disorders Instability of joint secondary to removal of joint prosthesis,PMD
M96.9,"Postprocedural musculoskeletal disorder, unspecified",PMD NOS
M99,"Biomechanical lesions, not elsewhere classified",BLN
M99.0,Segmental and somatic dysfunction,SSD
M99.1,Subluxation complex (vertebral),SC
M99.2,Subluxation stenosis of neural canal,SSN NOS
M99.3,Osseous stenosis of neural canal,OSN NOS
M99.4,Connective tissue stenosis of neural canal,CTS NOS
M99.5,Intervertebral disc stenosis of neural canal,IDS NOS
M99.6,Osseous and subluxation stenosis of intervertebral foramina,OSS NOS
M99.7,Connective tissue and disc stenosis of intervertebral foramina,CTD NOS
M99.8,Other biomechanical lesions,BL
M99.9,"Biomechanical lesion, unspecified",BL NOS
N00,Acute nephritic syndrome [See before N00 for subdivisions],ANS
N00–N08,Glomerular diseases,GD
N01,Rapidly progressive nephritic syndrome [See before N00 for subdivisions],RPN
N02,Recurrent and persistent haematuria [See before N00 for subdivisions],RPH
N03,Chronic nephritic syndrome [See before N00 for subdivisions],CNS
N04,Nephrotic syndrome [See before N00 for subdivisions],NS
N05,Unspecified nephritic syndrome [See before N00 for subdivisions],NS NOS
N06,Isolated proteinuria with specified morphological lesion [See before N00 for subdivisions],IPM
N07,"Hereditary nephropathy, not elsewhere classified [See before N00 for subdivisions]",HNN
N08*,Glomerular disorders in diseases classified elsewhere,GDI
N08.0*,Glomerular disorders in infectious and parasitic diseases classified elsewhere Glomerular disorders in: • Plasmodium malariae malaria (B52.0†) • mumps (B26.8†) • schistosomiasis [bilharziasis] (B65.-†) • sepsis (A40–A41†) • strongyloidiasis (B78.-†) • syphilis (A52.7†),GDI
N08.1*,Glomerular disorders in neoplastic diseases Glomerular disorders in: • multiple myeloma (C90.0†) • Waldenström macroglobulinaemia (C88.0†),GDI
N08.2*,Glomerular disorders in blood diseases and disorders involving the immune mechanism Glomerular disorders in: • cryoglobulinaemia (D89.1†) • disseminated intravascular coagulation [defibrination syndrome] (D65†) • haemolytic-uraemic syndrome (D59.3†) • Henoch(–Schönlein) purpura (D69.0†) • sickle-cell disorders (D57.-†),GDI
N08.3*,Glomerular disorders in diabetes mellitus (E10–E14 with common fourth character .2†),DM
N08.4*,"Glomerular disorders in other endocrine, nutritional and metabolic diseases Glomerular disorders in: • amyloidosis (E85.-†) • Fabry(–Anderson) disease (E75.2†) • lecithin cholesterol acyltransferase deficiency (E78.6†)",GDI
N08.5*,Glomerular disorders in systemic connective tissue disorders Glomerular disorders in: • Goodpasture syndrome (M31.0†) • microscopic polyangiitis (M31.7†) • systemic lupus erythematosus (M32.1†) • thrombotic thrombocytopenic purpura (M31.1†) • Wegener granulomatosis (M31.3†),GDI
N08.8*,Glomerular disorders in other diseases classified elsewhere Glomerular disorders in subacute bacterial endocarditis (I33.0†) Renal tubulo-interstitial diseases (N10–N16),GDI
N10,Acute tubulo-interstitial nephritis,ATN
N10–N16,Renal tubulo-interstitial diseases,RTD
N11,Chronic tubulo-interstitial nephritis,CTN
N11.0,Nonobstructive reflux-associated chronic pyelonephritis Pyelonephritis (chronic) associated with (vesicoureteral) reflux,NRC
N11.1,Chronic obstructive pyelonephritis Pyelonephritis (chronic) associated with: pelviureteric junction • anomaly of pyeloureteric junction • kinking ureter • obstruction • stricture,COP
N11.8,Other chronic tubulo-interstitial nephritis Nonobstructive chronic pyelonephritis NOS,CTN NOS
N11.9,"Chronic tubulo-interstitial nephritis, unspecified Chronic: • interstitial nephritis NOS • pyelitis NOS • pyelonephritis NOS",CTN NOS
N12,"Tubulo-interstitial nephritis, not specified as acute or chronic",TNN
N13,Obstructive and reflux uropathy,ORU
N13.0,Hydronephrosis with ureteropelvic junction obstruction,HUJ
N13.1,"Hydronephrosis with ureteral stricture, not elsewhere classified",HUS
N13.2,Hydronephrosis with renal and ureteral calculous obstruction,HRU
N13.3,Other and unspecified hydronephrosis,HYDR NOS
N13.4,Hydroureter,HYDR
N13.5,Kinking and stricture of ureter without hydronephrosis,KSU
N13.6,Pyonephrosis Conditions in N13.0–N13.5 with infection Obstructive uropathy with infection,PCI
N13.7,Vesicoureteral-reflux-associated uropathy Vesicoureteral reflux: • NOS • with scarring,VUV NOS
N13.8,Other obstructive and reflux uropathy,ORU
N13.9,"Obstructive and reflux uropathy, unspecified Urinary tract obstruction NOS",ORU NOS
N14,Drug- and heavy-metal-induced tubulo-interstitial and tubular conditions,DHT
N14.0,Analgesic nephropathy,AN
N14.1,"Nephropathy induced by other drugs, medicaments and biological substances",NIB
N14.2,"Nephropathy induced by unspecified drug, medicament or biological substance",NIB NOS
N14.3,Nephropathy induced by heavy metals,NIB
N14.4,"Toxic nephropathy, not elsewhere classified",TNN
N15,Other renal tubulo-interstitial diseases,RTD
N15.0,Balkan nephropathy Balkan endemic nephropathy,BNB
N15.1,Renal and perinephric abscess,RPA
N15.8,Other specified renal tubulo-interstitial diseases,RTD
N15.9,"Renal tubulo-interstitial disease, unspecified Infection of kidney NOS",RTD NOS
N16*,Renal tubulo-interstitial disorders in diseases classified elsewhere,RTD
N16.0*,Renal tubulo-interstitial disorders in infectious and parasitic diseases classified elsewhere Renal tubulo-interstitial disorders (due to)(in): • brucellosis (A23.-†) • diphtheria (A36.8†) • salmonella infection (A02.2†) • sepsis (A40–A41†) • toxoplasmosis (B58.8†),RTD
N16.1*,"Renal tubulo-interstitial disorders in neoplastic diseases Renal tubulo-interstitial disorders in: • leukaemia (C91–C95†) • lymphoma (C81–C85†, C96.-†) • multiple myeloma (C90.0†)",RTD
N16.2*,Renal tubulo-interstitial disorders in blood diseases and disorders involving the immune mechanism Renal tubulo-interstitial disorders in: • mixed cryoglobulinaemia (D89.1†) • sarcoidosis (D86.-†),RTD
N16.3*,Renal tubulo-interstitial disorders in metabolic diseases Renal tubulo-interstitial disorders in: • cystinosis (E72.0†) • glycogen storage disease (E74.0†) • Wilson disease (E83.0†),RTD NOS
N16.4*,Renal tubulo-interstitial disorders in systemic connective tissue disorders Renal tubulo-interstitial disorders in: • sicca syndrome [Sjögren] (M35.0†) • systemic lupus erythematosus (M32.1†),RTD
N16.5*,Renal tubulo-interstitial disorders in transplant rejection (T86.-†),RTD
N16.8*,Renal tubulo-interstitial disorders in other diseases classified elsewhere,RTD
N17,Acute renal failure,ARF
N17.0,Acute renal failure with tubular necrosis Tubular necrosis: • NOS • acute • renal,ARF NOS
N17.1,Acute renal failure with acute cortical necrosis Cortical necrosis: • NOS • acute • renal,ARF NOS
N17.2,Acute renal failure with medullary necrosis Medullary [papillary] necrosis: • NOS • acute • renal,ARF NOS
N17.8,Other acute renal failure,ARF
N17.9,"Acute renal failure, unspecified",ARF NOS
N17–N19,Renal failure,RF
N18,Chronic kidney disease,CKD
N18.1,"Chronic kidney disease, stage 1 Kidney damage with normal or increased GFR (≥ 90 mL/min)",CKD Stage 1
N18.2,"Chronic kidney disease, stage 2 Kidney damage with mild decreased GFR (60–89 mL/min)",CKD Stage 2
N18.3,"Chronic kidney disease, stage 3 Kidney damage with moderately decreased GFR (30–59 mL/min)",CKD Stage 3
N18.4,"Chronic kidney disease, stage 4 Kidney damage with severely decreased GFR (15–29 mL/min)",CKD Stage 4
N18.5,"Chronic kidney disease, stage 5 End-stage kidney disease: • in allograft failure • NOS • on dialysis • without dialysis or transplant Renal retinitis (H32.8*) Uraemic: • apoplexia† (I68.8*) • dementia† (F02.8*) • neuropathy† (G63.8*) • paralysis† (G99.8*) • pericarditis† (I32.8*)",CKD Stage 5
N18.9,"Chronic kidney disease, unspecified Chronic uraemia NOS Chronic renal impairment Diffuse sclerosing glomerulonephritis NOS",CKD NOS
N19,Unspecified kidney failure,KF NOS
N20,Calculus of kidney and ureter,CKU
N20.0,Calculus of kidney Nephrolithiasis NOS Renal calculus or stone Staghorn calculus Stone in kidney,CKN NOS
N20.1,Calculus of ureter Ureteric stone,CUU
N20.2,Calculus of kidney with calculus of ureter,CKC
N20.9,"Urinary calculus, unspecified",UC NOS
N20–N23,• with urolithiasis,•U
N21,Calculus of lower urinary tract,CLU
N21.0,Calculus in bladder Calculus in diverticulum of bladder Urinary bladder stone,CIB
N21.1,Calculus in urethra,CIU
N21.8,Other lower urinary tract calculus,LUT
N21.9,"Calculus of lower urinary tract, unspecified",CLU NOS
N22*,Calculus of urinary tract in diseases classified elsewhere,CUT
N22.0*,Urinary calculus in schistosomiasis [bilharziasis] (B65.-†),UCI
N22.8*,Calculus of urinary tract in other diseases classified elsewhere,CUT
N23,Unspecified renal colic,RC NOS
N25,Disorders resulting from impaired renal tubular function,DRF
N25.0,Renal osteodystrophy Azotaemic osteodystrophy Phosphate-losing tubular disorders Renal: • rickets • short stature,ROA
N25.1,Nephrogenic diabetes insipidus,NDI
N25.8,Other disorders resulting from impaired renal tubular function Lightwood–Albright syndrome Renal tubular acidosis NOS Secondary hyperparathyroidism of renal origin,DRF NOS
N25.9,"Disorder resulting from impaired renal tubular function, unspecified",DRF NOS
N25–N29,Other disorders of kidney and ureter,DKU
N26,Unspecified contracted kidney,CK NOS
N27,Small kidney of unknown cause,SKU
N27.0,"Small kidney, unilateral",SKU
N27.1,"Small kidney, bilateral",SKB
N27.9,"Small kidney, unspecified",SK NOS
N28,"Other disorders of kidney and ureter, not elsewhere classified",DKU
N28.0,Ischaemia and infarction of kidney Renal artery: • embolism • obstruction • occlusion • thrombosis Renal infarct,IIK
N28.1,Cyst of kidney Cyst (acquired) (multiple)(solitary) of kidney,CKC
N28.8,Other specified disorders of kidney and ureter Hypertrophy of kidney Megaloureter Nephroptosis Pyelitis Pyeloureteritis cystica Ureteritis Ureterocele,DKU
N28.9,"Disorder of kidney and ureter, unspecified Nephropathy NOS Renal disease NOS",DKU NOS
N29*,Other disorders of kidney and ureter in diseases classified elsewhere,DKU
N29.0*,Late syphilis of kidney (A52.7†),LSK
N29.1*,Other disorders of kidney and ureter in infectious and parasitic diseases classified elsewhere Disorders of kidney and ureter in: • schistosomiasis [bilharziasis] (B65.-†) • tuberculosis (A18.1†),TB
N29.8*,Other disorders of kidney and ureter in other diseases classified elsewhere Cystine storage disease (E72.0†),DKU
N30,Cystitis,CYST
N30.0,Acute cystitis,AC
N30.1,Interstitial cystitis (chronic),IC
N30.2,Other chronic cystitis,CC
N30.3,Trigonitis Urethrotrigonitis,TU
N30.4,Irradiation cystitis,IC
N30.8,Other cystitis Abscess of bladder,CAB
N30.9,"Cystitis, unspecified",CYST NOS
N30–N39,Other diseases of urinary system,DUS
N31,"Neuromuscular dysfunction of bladder, not elsewhere classified",NDB
N31.0,"Uninhibited neuropathic bladder, not elsewhere classified",UNB
N31.1,"Reflex neuropathic bladder, not elsewhere classified",RNB
N31.2,"Flaccid neuropathic bladder, not elsewhere classified Neuropathic bladder: • atonic (motor)(sensory) • autonomous • nonreflex",FNB
N31.8,Other neuromuscular dysfunction of bladder,NDB
N31.9,"Neuromuscular dysfunction of bladder, unspecified Neurogenic bladder dysfunction NOS",NDB NOS
N32,Other disorders of bladder,DB
N32.0,Bladder-neck obstruction Bladder-neck stenosis (acquired),BOB NOS
N32.1,Vesicointestinal fistula Vesicorectal fistula,VFV
N32.2,"Vesical fistula, not elsewhere classified",VFN
N32.3,Diverticulum of bladder Diverticulitis of bladder,DBD
N32.4,"Rupture of bladder, nontraumatic",RBN
N32.8,Other specified disorders of bladder Bladder: • calcified • contracted • overactive,DBB
N32.9,"Bladder disorder, unspecified",BD NOS
N33*,Bladder disorders in diseases classified elsewhere,BDI
N33.0*,Tuberculous cystitis (A18.1†),TC
N33.8*,Bladder disorders in other diseases classified elsewhere Bladder disorder in schistosomiasis [bilharziasis] (B65.-†),BDI
N34,Urethritis and urethral syndrome,UUS
N34.0,Urethral abscess Abscess (of): • Cowper gland • Littré gland • periurethral • urethral (gland),UAA
N34.1,Nonspecific urethritis Urethritis: • nongonococcal • nonvenereal,NUU
N34.2,"Other urethritis Meatitis, urethral Ulcer of urethra (meatus) Urethritis: • NOS • postmenopausal",UMU NOS
N34.3,"Urethral syndrome, unspecified",US NOS
N35,Urethral stricture,US
N35.0,Post-traumatic urethral stricture Stricture of urethra as a sequela of: • childbirth • injury,PUS
N35.1,"Postinfective urethral stricture, not elsewhere classified",PUS
N35.8,Other urethral stricture,US
N35.9,"Urethral stricture, unspecified Pinhole meatus NOS",USP NOS
N36,Other disorders of urethra,DU
N36.0,Urethral fistula False urethral passage Fistula: • urethroperineal • urethrorectal • urinary NOS,UFF NOS
N36.1,Urethral diverticulum,UD
N36.2,Urethral caruncle,UC
N36.3,"Prolapsed urethral mucosa Prolapse of urethra Urethrocele, male",PUM
N36.8,Other specified disorders of urethra,DU
N36.9,"Urethral disorder, unspecified",UD NOS
N37*,Urethral disorders in diseases classified elsewhere,UDI
N37.0*,Urethritis in diseases classified elsewhere Candidal urethritis (B37.4†),UID
N37.8*,Other urethral disorders in diseases classified elsewhere,UDI
N39,Other disorders of urinary system,DUS
N39.0,"Urinary tract infection, site not specified",UTI
N39.1,"Persistent proteinuria, unspecified",PP NOS
N39.2,"Orthostatic proteinuria, unspecified",OP NOS
N39.3,Stress incontinence,SI
N39.4,Other specified urinary incontinence Overflow Reflex incontinence Urge,UIO
N39.8,Other specified disorders of urinary system,DUS
N39.9,"Disorder of urinary system, unspecified",DUS NOS
N40,Hyperplasia of prostate,HP
N40–N51,Diseases of male genital organs,DMG
N41,Inflammatory diseases of prostate,IDP
N41.0,Acute prostatitis,AP
N41.1,Chronic prostatitis,CP
N41.2,Abscess of prostate,AP
N41.3,Prostatocystitis,PROS
N41.8,Other inflammatory diseases of prostate,IDP
N41.9,"Inflammatory disease of prostate, unspecified Prostatitis NOS",IDP NOS
N42,Other disorders of prostate,DP
N42.0,Calculus of prostate Prostatic stone,CPP
N42.1,Congestion and haemorrhage of prostate,CHP
N42.2,Atrophy of prostate,AP
N42.3,Dysplasia of prostate Low-grade dysplasia,DPL
N42.8,Other specified disorders of prostate,DP
N42.9,"Disorder of prostate, unspecified",DP NOS
N43,Hydrocele and spermatocele,HS
N43.0,Encysted hydrocele,EH
N43.1,Infected hydrocele,IH
N43.2,Other hydrocele,HYDR
N43.3,"Hydrocele, unspecified",HYDR NOS
N43.4,Spermatocele,SPER
N44,Torsion of testis,TT
N45,Orchitis and epididymitis,OE
N45.0,"Orchitis, epididymitis and epididymo-orchitis with abscess Abscess of epididymis or testis",OEE
N45.9,"Orchitis, epididymitis and epididymo-orchitis without abscess Epididymitis NOS Orchitis NOS",OEE NOS
N46,Male infertility,MI
N47,"Redundant prepuce, phimosis and paraphimosis",RPP
N48,Other disorders of penis,DP
N48.0,Leukoplakia of penis Balanitis xerotica obliterans Kraurosis of penis,LPB
N48.1,Balanoposthitis Balanitis,BB
N48.2,Other inflammatory disorders of penis Abscess Boil of corpus cavernosum and penis Carbuncle Cellulitis Cavernitis (penis),IDP NOS
N48.3,Priapism Painful erection,PPE
N48.4,Impotence of organic origin,IOO
N48.5,Ulcer of penis,UP
N48.6,Induratio penis plastica Peyronie disease Plastic induration of penis,IPP
N48.8,Other specified disorders of penis Atrophy Hypertrophy of corpus cavernosum and penis Thrombosis,DPA NOS
N48.9,"Disorder of penis, unspecified",DP NOS
N48–N50,• male,•M
N49,"Inflammatory disorders of male genital organs, not elsewhere classified",IDM
N49.0,Inflammatory disorders of seminal vesicle Vesiculitis NOS,IDS NOS
N49.1,"Inflammatory disorders of spermatic cord, tunica vaginalis and vas deferens Vasitis",IDS
N49.2,Inflammatory disorders of scrotum,IDS
N49.8,Inflammatory disorders of other specified male genital organs Inflammation of multiple sites in male genital organs,IDM
N49.9,Inflammatory disorder of unspecified male genital organ Abscess Boil of unspecified male genital organ Carbuncle Cellulitis,IDM NOS
N50,Other disorders of male genital organs,DMG
N50.0,Atrophy of testis,AT
N50.1,Vascular disorders of male genital organs Haematocele NOS Haemorrhage of male genital organs Thrombosis,VDM NOS
N50.8,"Other specified disorders of male genital organs Atrophy of scrotum, seminal vesicle, spermatic Hypertrophy cord, testis [except atrophy], tunica Oedema vaginalis and vas deferens Ulcer Chylocele, tunica vaginalis (nonfilarial) NOS Fistula, urethroscrotal Stricture of: • spermatic cord • tunica vaginalis • vas deferens",DMG NOS
N50.9,"Disorder of male genital organs, unspecified",DMG NOS
N51*,Disorders of male genital organs in diseases classified elsewhere,DMG
N51.0*,Disorders of prostate in diseases classified elsewhere Prostatitis: • gonococcal (A54.2†) • trichomonal (A59.0†) • tuberculous (A18.1†),DPI
N51.1*,Disorders of testis and epididymis in diseases classified elsewhere Chlamydial: • epididymitis (A56.1†) • orchitis (A56.1†) Gonococcal: • epididymitis (A54.2†) • orchitis (A54.2†) Mumps orchitis (B26.0†) Tuberculosis of: • epididymis (A18.1†) • testis (A18.1†),TB
N51.2*,Balanitis in diseases classified elsewhere Balanitis: • amoebic (A06.8†) • candidal (B37.4†),BID
N51.8*,"Other disorders of male genital organs in diseases classified elsewhere Filarial chylocele, tunica vaginalis (B74.-†) Herpesviral [herpes simplex] infection of male genital tract (A60.0†) Tuberculosis of seminal vesicle (A18.1†)",TB
N60,Benign mammary dysplasia,BMD
N60.0,Solitary cyst of breast Cyst of breast,SCB
N60.1,Diffuse cystic mastopathy Cystic breast,DCM
N60.2,Fibroadenosis of breast,FB NOS
N60.3,Fibrosclerosis of breast Cystic mastopathy with epithelial proliferation,FBC
N60.4,Mammary duct ectasia,MDE
N60.8,Other benign mammary dysplasias,BMD
N60.9,"Benign mammary dysplasia, unspecified",BMD NOS
N60–N64,Disorders of breast,DB
N61,Inflammatory disorders of breast,IDB
N62,Hypertrophy of breast,HB
N63,Unspecified lump in breast,LIB NOS
N64,Other disorders of breast,DB
N64.0,Fissure and fistula of nipple,FFN
N64.1,Fat necrosis of breast Fat necrosis (segmental) of breast,FNB
N64.2,Atrophy of breast,AB
N64.3,Galactorrhoea not associated with childbirth,GNA
N64.4,Mastodynia,MAST
N64.5,Other signs and symptoms in breast Induration of breast Nipple discharge Retraction of nipple,SSI
N64.8,Other specified disorders of breast Galactocele Subinvolution of breast (postlactational),DBG
N64.9,"Disorder of breast, unspecified Inflammatory diseases of female pelvic organs (N70–N77)",DBI NOS
N70,Salpingitis and oophoritis,SO
N70.0,Acute salpingitis and oophoritis,ASO
N70.1,Chronic salpingitis and oophoritis Hydrosalpinx,CSO
N70.9,"Salpingitis and oophoritis, unspecified",SO NOS
N70–N77,Inflammatory diseases of female pelvic organs,IDF
N71,"Inflammatory disease of uterus, except cervix",IDU
N71.0,Acute inflammatory disease of uterus,AID
N71.1,Chronic inflammatory disease of uterus,CID
N71.9,"Inflammatory disease of uterus, unspecified",IDU NOS
N72,Inflammatory disease of cervix uteri,IDC
N73,Other female pelvic inflammatory diseases,FPI
N73.0,"Acute parametritis and pelvic cellulitis Abscess of: • broad ligament specified as acute • parametrium Pelvic cellulitis, female",APP
N73.1,Chronic parametritis and pelvic cellulitis Any condition in N73.0 specified as chronic,CPP
N73.2,Unspecified parametritis and pelvic cellulitis Any condition in N73.0 unspecified whether acute or chronic,PPC NOS
N73.3,Female acute pelvic peritonitis,FAP
N73.4,Female chronic pelvic peritonitis,FCP
N73.5,"Female pelvic peritonitis, unspecified",FPP NOS
N73.6,Female pelvic peritoneal adhesions,FPP
N73.8,Other specified female pelvic inflammatory diseases,FPI
N73.9,"Female pelvic inflammatory disease, unspecified Female pelvic infection or inflammation NOS",FPI NOS
N74*,Female pelvic inflammatory disorders in diseases classified elsewhere,FPI
N74.0*,Tuberculous infection of cervix uteri (A18.1†),TIC
N74.1*,Female tuberculous pelvic inflammatory disease (A18.1†) Tuberculous endometritis,FTP
N74.2*,"Female syphilitic pelvic inflammatory disease (A51.4†, A52.7†)",FSP
N74.3*,Female gonococcal pelvic inflammatory disease (A54.2†),FGP
N74.4*,Female chlamydial pelvic inflammatory disease (A56.1†),FCP
N74.8*,Female pelvic inflammatory disorders in other diseases classified elsewhere,FPI
N75,Diseases of Bartholin gland,DBG
N75.0,Cyst of Bartholin gland,CBG
N75.1,Abscess of Bartholin gland,ABG
N75.8,Other diseases of Bartholin gland Bartholinitis,DBG
N75.9,"Disease of Bartholin gland, unspecified",DBG NOS
N76,Other inflammation of vagina and vulva,IVV
N76.0,Acute vaginitis Vaginitis NOS Vulvovaginitis: • NOS • acute,AVV NOS
N76.1,Subacute and chronic vaginitis Vulvovaginitis: • chronic • subacute,SCV
N76.2,Acute vulvitis Vulvitis NOS,AVV NOS
N76.3,Subacute and chronic vulvitis,SCV
N76.4,Abscess of vulva Furuncle of vulva,AVF
N76.5,Ulceration of vagina,UV
N76.6,Ulceration of vulva,UV
N76.8,Other specified inflammation of vagina and vulva,IVV
N77*,Vulvovaginal ulceration and inflammation in diseases classified elsewhere,VUI
N77.0*,Ulceration of vulva in infectious and parasitic diseases classified elsewhere Ulceration of vulva in: • herpesviral [herpes simplex] infection (A60.0†) • tuberculosis (A18.1†),TB
N77.1*,"Vaginitis, vulvitis and vulvovaginitis in infectious and parasitic diseases classified elsewhere Vaginitis, vulvitis and vulvovaginitis in: • candidiasis (B37.3†) • herpesviral [herpes simplex] infection (A60.0†) • pinworm infection (B80†)",VVV
N77.8*,Vulvovaginal ulceration and inflammation in other diseases classified elsewhere Ulceration of vulva in Behçet disease (M35.2†) Noninflammatory disorders of female genital tract (N80–N98),VUI
N80,Endometriosis,ENDO
N80.0,Endometriosis of uterus Adenomyosis,EUA
N80.1,Endometriosis of ovary,EO
N80.2,Endometriosis of fallopian tube,EFT
N80.3,Endometriosis of pelvic peritoneum,EPP
N80.4,Endometriosis of rectovaginal septum and vagina,ERS
N80.5,Endometriosis of intestine,EI
N80.6,Endometriosis in cutaneous scar,EIC
N80.8,Other endometriosis Endometriosis of thorax,EET
N80.9,"Endometriosis, unspecified",ENDO NOS
N80–N98,Noninflammatory disorders of female genital tract,NDF
N81,Female genital prolapse,FGP
N81.0,Female urethrocele,FU
N81.1,Cystocele Cystocele with urethrocele,CCU
N81.2,Incomplete uterovaginal prolapse Prolapse of cervix NOS Uterine prolapse: • first–degree • second–degree,IUP NOS
N81.3,Complete uterovaginal prolapse Procidentia (uteri) NOS Third–degree uterine prolapse,CUP NOS
N81.4,"Uterovaginal prolapse, unspecified Prolapse of uterus NOS",UPP NOS
N81.5,Vaginal enterocele,VE
N81.6,Rectocele Prolapse of posterior vaginal wall,RPP
N81.8,Other female genital prolapse Deficient perineum Old laceration of muscles of pelvic floor,FGP
N81.9,"Female genital prolapse, unspecified",FGP NOS
N82,Fistulae involving female genital tract,FIF
N82.0,Vesicovaginal fistula,VF
N82.1,Other female urinary-genital tract fistulae Fistula: • cervicovesical • ureterovaginal • urethrovaginal • uteroureteric • uterovesical,FUT
N82.2,Fistula of vagina to small intestine,FVS
N82.3,Fistula of vagina to large intestine Rectovaginal fistula,FVL
N82.4,Other female intestinal-genital tract fistulae Intestinouterine fistula,FIT
N82.5,Female genital tract-skin fistulae Fistula: • uterus to abdominal wall • vaginoperineal,FGT
N82.8,Other female genital tract fistulae,FGT
N82.9,"Female genital tract fistula, unspecified",FGT NOS
N83,"Noninflammatory disorders of ovary, fallopian tube and broad ligament",NDO
N83.0,Follicular cyst of ovary Cyst of graafian follicle Haemorrhagic follicular cyst (of ovary),FCO
N83.1,Corpus luteum cyst Haemorrhagic corpus luteum cyst,CLC
N83.2,Other and unspecified ovarian cysts Retention cyst of ovary Simple cyst,OCR NOS
N83.3,Acquired atrophy of ovary and fallopian tube,AAO
N83.4,Prolapse and hernia of ovary and fallopian tube,PHO
N83.5,"Torsion of ovary, ovarian pedicle and fallopian tube Torsion: • accessory tube • hydatid of Morgagni",TOO
N83.6,Haematosalpinx,HAEM
N83.7,Haematoma of broad ligament,HBL
N83.8,"Other noninflammatory disorders of ovary, fallopian tube and broad ligament Broad ligament laceration syndrome [Allen–Masters]",NDO
N83.9,"Noninflammatory disorder of ovary, fallopian tube and broad ligament, unspecified",NDO NOS
N84,Polyp of female genital tract,PFG
N84.0,Polyp of corpus uteri Polyp of: • endometrium • uterus NOS,PCU NOS
N84.1,Polyp of cervix uteri Mucous polyp of cervix,PCU
N84.2,Polyp of vagina,PV
N84.3,Polyp of vulva Polyp of labia,PVP
N84.8,Polyp of other parts of female genital tract,PPF
N84.9,"Polyp of female genital tract, unspecified",PFG NOS
N85,"Other noninflammatory disorders of uterus, except cervix",NDU
N85.0,Endometrial glandular hyperplasia Hyperplasia of endometrium: • NOS • cystic • glandular-cystic • polypoid,EGH NOS
N85.1,"Endometrial adenomatous hyperplasia Hyperplasia of endometrium, atypical (adenomatous)",EAH
N85.2,Hypertrophy of uterus Bulky or enlarged uterus,HUB
N85.3,Subinvolution of uterus,SU
N85.4,Malposition of uterus Anteversion Retroflexion of uterus Retroversion,MUA
N85.5,Inversion of uterus,IU
N85.6,Intrauterine synechiae,IS
N85.7,Haematometra Haematosalpinx with haematometra,HHH
N85.8,"Other specified noninflammatory disorders of uterus Atrophy of uterus, acquired Fibrosis of uterus NOS",NDU NOS
N85.9,"Noninflammatory disorder of uterus, unspecified Disorder of uterus NOS",NDU NOS
N86,Erosion and ectropion of cervix uteri,EEC
N87,Dysplasia of cervix uteri,DCU
N87.0,"Mild cervical dysplasia Cervical intraepithelial neoplasia [CIN], grade I Low-grade squamous intraepithelial lesion (LSIL)",MCD
N87.1,"Moderate cervical dysplasia Cervical intraepithelial neoplasia [CIN], grade II",MCD
N87.2,"Severe cervical dysplasia, not elsewhere classified Severe cervical dysplasia NOS",SCD NOS
N87.9,"Dysplasia of cervix uteri, unspecified",DCU NOS
N88,Other noninflammatory disorders of cervix uteri,NDC
N88.0,Leukoplakia of cervix uteri,LCU
N88.1,Old laceration of cervix uteri Adhesions of cervix,OLC
N88.2,Stricture and stenosis of cervix uteri,SSC NOS
N88.3,Incompetence of cervix uteri Investigation and management of (suspected) cervical incompetence in a nonpregnant woman,ICU
N88.4,Hypertrophic elongation of cervix uteri,HEC
N88.8,Other specified noninflammatory disorders of cervix uteri,NDC
N88.9,"Noninflammatory disorder of cervix uteri, unspecified",NDC NOS
N89,Other noninflammatory disorders of vagina,NDV
N89.0,"Mild vaginal dysplasia Vaginal intraepithelial neoplasia [VAIN], grade I",MVD
N89.1,"Moderate vaginal dysplasia Vaginal intraepithelial neoplasia [VAIN], grade II",MVD
N89.2,"Severe vaginal dysplasia, not elsewhere classified Severe vaginal dysplasia NOS",SVD NOS
N89.3,"Dysplasia of vagina, unspecified",DV NOS
N89.4,Leukoplakia of vagina,LV
N89.5,Stricture and atresia of vagina Vaginal: • adhesions • stenosis,SAV NOS
N89.6,Tight hymenal ring Rigid hymen Tight introitus,THR
N89.7,Haematocolpos Haematocolpos with haematometra or haematosalpinx,HHH
N89.8,Other specified noninflammatory disorders of vagina Leukorrhoea NOS Old vaginal laceration Pessary ulcer of vagina,NDV NOS
N89.9,"Noninflammatory disorder of vagina, unspecified",NDV NOS
N90,Other noninflammatory disorders of vulva and perineum,NDV
N90.0,"Mild vulvar dysplasia Vulvar intraepithelial neoplasia [VIN], grade I",MVD
N90.1,"Moderate vulvar dysplasia Vulvar intraepithelial neoplasia [VIN], grade II",MVD
N90.2,"Severe vulvar dysplasia, not elsewhere classified Severe vulvar dysplasia NOS",SVD NOS
N90.3,"Dysplasia of vulva, unspecified",DV NOS
N90.4,Leukoplakia of vulva Dystrophy of vulva Kraurosis,LVD
N90.5,Atrophy of vulva Stenosis of vulva,AVS NOS
N90.6,Hypertrophy of vulva Hypertrophy of labia,HVH
N90.7,Vulvar cyst,VC
N90.8,Other specified noninflammatory disorders of vulva and perineum Adhesions of vulva Hypertrophy of clitoris,NDV
N90.9,"Noninflammatory disorder of vulva and perineum, unspecified",NDV NOS
N91,"Absent, scanty and rare menstruation",ASR
N91.0,Primary amenorrhoea Failure to start menstruation at puberty.,PAF
N91.1,Secondary amenorrhoea Absence of menstruation in a woman who had previously menstruated.,SAA
N91.2,"Amenorrhoea, unspecified Absence of menstruation NOS",AAM NOS
N91.3,Primary oligomenorrhoea Menstruation which is scanty or rare from the start.,POM
N91.4,Secondary oligomenorrhoea Scanty and rare menstruation in a woman with previously normal periods.,SOS
N91.5,"Oligomenorrhoea, unspecified Hypomenorrhoea NOS",OHN NOS
N92,"Excessive, frequent and irregular menstruation",EFI
N92.0,Excessive and frequent menstruation with regular cycle Heavy periods NOS Menorrhagia NOS Polymenorrhoea,EFM NOS
N92.1,"Excessive and frequent menstruation with irregular cycle Irregular intermenstrual bleeding Irregular, shortened intervals between menstrual bleeding Menometrorrhagia Metrorrhagia",EFM
N92.2,Excessive menstruation at puberty Excessive bleeding associated with onset of menstrual periods Pubertal menorrhagia Puberty bleeding,EMA
N92.3,Ovulation bleeding Regular intermenstrual bleeding,OBR
N92.4,Excessive bleeding in the premenopausal period Menorrhagia or metrorrhagia: • climacteric • menopausal • preclimacteric • premenopausal,EBI
N92.5,Other specified irregular menstruation,IM
N92.6,"Irregular menstruation, unspecified Irregular: • bleeding NOS • periods NOS",IMI NOS
N93,Other abnormal uterine and vaginal bleeding,AUV
N93.0,Postcoital and contact bleeding,PCB
N93.8,Other specified abnormal uterine and vaginal bleeding Dysfunctional or functional uterine or vaginal bleeding NOS,AUV NOS
N93.9,"Abnormal uterine and vaginal bleeding, unspecified",AUV NOS
N94,Pain and other conditions associated with female genital organs and menstrual cycle,PCA
N94.0,Mittelschmerz,MITT
N94.1,Dyspareunia,DYSP
N94.2,Vaginismus,VAGI
N94.3,Premenstrual tension syndrome,PTS
N94.4,Primary dysmenorrhoea,PD
N94.5,Secondary dysmenorrhoea,SD
N94.6,"Dysmenorrhoea, unspecified",DYSM NOS
N94.8,Other specified conditions associated with female genital organs and menstrual cycle,CAF
N94.9,Unspecified condition associated with female genital organs and menstrual cycle,CAF NOS
N95,Menopausal and other perimenopausal disorders,MPD
N95.0,Postmenopausal bleeding,PB
N95.1,"Menopausal and female climacteric states Symptoms such as flushing, sleeplessness, headache, lack of concentration, associated with menopause",MFC
N95.2,Postmenopausal atrophic vaginitis Senile (atrophic) vaginitis,PAV
N95.3,States associated with artificial menopause Post-artificial-menopause syndrome,SAA
N95.8,Other specified menopausal and perimenopausal disorders,MPD
N95.9,"Menopausal and perimenopausal disorder, unspecified",MPD NOS
N96,Habitual aborter,HA
N97,Female infertility,FI
N97.0,Female infertility associated with anovulation,FIA
N97.1,Female infertility of tubal origin Associated with congenital anomaly of tube Tubal: • block • occlusion • stenosis,FIT NOS
N97.2,Female infertility of uterine origin Associated with congenital anomaly of uterus Nonimplantation of ovum,FIU
N97.3,Female infertility of cervical origin,FIC
N97.4,Female infertility associated with male factors,FIA
N97.8,Female infertility of other origin,FIO
N97.9,"Female infertility, unspecified",FI NOS
N98,Complications associated with artificial fertilization,CAA
N98.0,Infection associated with artificial insemination,IAA
N98.1,Hyperstimulation of ovaries Hyperstimulation of ovaries: • NOS • associated with induced ovulation,HOH NOS
N98.2,Complications of attempted introduction of fertilized ovum following in vitro fertilization,CAI
N98.3,Complications of attempted introduction of embryo in embryo transfer,CAI
N98.8,Other complications associated with artificial fertilization Complications of artificial insemination by: • donor • husband,CAA
N98.9,"Complication associated with artificial fertilization, unspecified Other disorders of the genitourinary system (N99)",CAA NOS
N99,"Postprocedural disorders of genitourinary system, not elsewhere classified",PDG
N99.0,Postprocedural renal failure,PRF
N99.1,Postprocedural urethral stricture Postcatheterization urethral stricture,PUS
N99.2,Postoperative adhesions of vagina,PAV
N99.3,Prolapse of vaginal vault after hysterectomy,PVV
N99.4,Postprocedural pelvic peritoneal adhesions,PPP
N99.5,Malfunction of external stoma of urinary tract,MES
N99.8,Other postprocedural disorders of genitourinary system Residual ovary syndrome,PDG
N99.9,"Postprocedural disorder of genitourinary system, unspecified",PDG NOS
O00,Ectopic pregnancy,EP
O00.0,Abdominal pregnancy,AP
O00.1,Tubal pregnancy Fallopian pregnancy Rupture of (fallopian) tube due to pregnancy Tubal abortion,TPF
O00.2,Ovarian pregnancy,OP
O00.8,Other ectopic pregnancy Pregnancy: • cervical • cornual • intraligamentous • mural,EPP
O00.9,"Ectopic pregnancy, unspecified",EP NOS
O00–O08,• abortion or ectopic or molar pregnancy • labour and delivery (O74.-) • puerperium (O89.-),•AO
O00–O99,puerperium,PUER
O01,Hydatidiform mole,HM
O01.0,Classical hydatidiform mole Complete hydatidiform mole,CHM
O01.1,Incomplete and partial hydatidiform mole,IPH
O01.9,"Hydatidiform mole, unspecified Trophoblastic disease NOS Vesicular mole NOS",HMT NOS
O02,Other abnormal products of conception,APC
O02.0,Blighted ovum and nonhydatidiform mole Mole: • carneous • fleshy • intrauterine NOS Pathological ovum,BON NOS
O02.1,Missed abortion Early fetal death with retention of dead fetus,MAE
O02.8,Other specified abnormal products of conception,APC
O02.9,"Abnormal product of conception, unspecified The following fourth-character subdivisions are for use with categories O03–O06:",APC NOS
O03,Spontaneous abortion [See before O03 for subdivisions],SA
O03–O06,• with current abortion • without current pregnancy (N96),•CA
O04,Medical abortion [See before O03 for subdivisions],MA
O05,Other abortion [See before O03 for subdivisions],ABOR
O06,Unspecified abortion [See before O03 for subdivisions],ABOR NOS
O07,Failed attempted abortion,FAA
O07.0,"Failed medical abortion, complicated by genital tract and pelvic infection With conditions in O08.0",FMA
O07.1,"Failed medical abortion, complicated by delayed or excessive haemorrhage With conditions in O08.1",FMA
O07.2,"Failed medical abortion, complicated by embolism With conditions in O08.2",FMA
O07.3,"Failed medical abortion, with other and unspecified complications With conditions in O08.3–O08.9",FMA NOS
O07.4,"Failed medical abortion, without complication Failed medical abortion NOS",FMA NOS
O07.5,"Other and unspecified failed attempted abortion, complicated by genital tract and pelvic infection With conditions in O08.0",FAA NOS
O07.6,"Other and unspecified failed attempted abortion, complicated by delayed or excessive haemorrhage With conditions in O08.1",FAA NOS
O07.7,"Other and unspecified failed attempted abortion, complicated by embolism With conditions in O08.2",FAA NOS
O07.8,"Other and unspecified failed attempted abortion, with other and unspecified complications With conditions in O08.3–O08.9",FAA NOS
O07.9,"Other and unspecified failed attempted abortion, without complication Failed attempted abortion NOS",FAA NOS
O08,Complications following abortion and ectopic and molar pregnancy,CFA
O08.0,Genital tract and pelvic infection following abortion and ectopic and molar pregnancy Endometritis Oophoritis Parametritis following conditions classifiable to Pelvic peritonitis O00–O07 Salpingitis Salpingo-oophoritis Sepsis,GTP
O08.1,Delayed or excessive haemorrhage following abortion and ectopic and molar pregnancy Afibrinogenaemia following conditions classifiable to Defibrination syndrome O00–O07 Intravascular coagulation,DOE
O08.2,Embolism following abortion and ectopic and molar pregnancy Embolism: • NOS • air • amniotic fluid following conditions classifiable to • blood-clot O00–O07 • pulmonary • pyaemic • septic or septicopyaemic • soap,EFA NOS
O08.3,Shock following abortion and ectopic and molar pregnancy Circulatory collapse following conditions classifiable Shock (postoperative) to O00–O07,SFA
O08.4,Renal failure following abortion and ectopic and molar pregnancy Oliguria Renal: • failure (acute) following conditions classifiable to • shutdown O00–O07 • tubular necrosis Uraemia,RFF
O08.5,Metabolic disorders following abortion and ectopic and molar pregnancy Electrolyte imbalance following conditions classifiable to O00-O07,MDF
O08.6,"Damage to pelvic organs and tissues following abortion and ectopic and molar pregnancy Laceration, perforation, tear or chemical damage of: • bladder • bowel following conditions classifiable to • broad ligament O00–O07 • cervix • periurethral tissue • uterus",DPO
O08.7,Other venous complications following abortion and ectopic and molar pregnancy,VCF
O08.8,Other complications following abortion and ectopic and molar pregnancy Cardiac arrest following conditions classifiable to Urinary tract infection O00–O07,UTI
O08.9,"Complication following abortion and ectopic and molar pregnancy, unspecified Unspecified complication following conditions classifiable to O00–O07",CFA NOS
O10,"Pre-existing hypertension complicating pregnancy, childbirth and the puerperium",HTN
O10.0,"Pre-existing essential hypertension complicating pregnancy, childbirth and the puerperium Any condition in I10 specified as a reason for obstetric care during pregnancy, childbirth or the puerperium",HTN
O10.1,"Pre-existing hypertensive heart disease complicating pregnancy, childbirth and the puerperium Any condition in I11.- specified as a reason for obstetric care during pregnancy, childbirth or the puerperium",PHH
O10.2,"Pre-existing hypertensive renal disease complicating pregnancy, childbirth and the puerperium Any condition in I12.- specified as a reason for obstetric care during pregnancy, childbirth or the puerperium",PHR
O10.3,"Pre-existing hypertensive heart and renal disease complicating pregnancy, childbirth and the puerperium Any condition in I13.- specified as a reason for obstetric care during pregnancy, childbirth or the puerperium",PHH
O10.4,"Pre-existing secondary hypertension complicating pregnancy, childbirth and the puerperium Any condition in I15.- specified as a reason for obstetric care during pregnancy, childbirth or the puerperium",HTN
O10.9,"Unspecified pre-existing hypertension complicating pregnancy, childbirth and the puerperium",HTN
O10–O16,"hypertensive disorders obstetric embolism (O88.-) venous complications and cerebrovenous sinus thrombosis in: • labour, childbirth and the puerperium (O87.-) • pregnancy (O22.-)",HDO
O11,Pre-eclampsia superimposed on chronic hypertension,HTN
O12,Gestational [pregnancy-induced] oedema and proteinuria without hypertension,HTN
O12.0,Gestational oedema,GO
O12.1,Gestational proteinuria,GP
O12.2,Gestational oedema with proteinuria,GOP
O13,Gestational [pregnancy-induced] hypertension,HTN
O14,Pre-eclampsia,PRE-
O14.0,Mild to moderate pre-eclampsia,MMP
O14.1,Severe pre-eclampsia,SP
O14.2,"HELLP syndrome Combination of haemolysis, elevated liver enzymes and low platelet count",HSC
O14.9,"Pre-eclampsia, unspecified",PRE- NOS
O15,Eclampsia,ECLA
O15.0,Eclampsia in pregnancy,EIP
O15.1,Eclampsia in labour,EIL
O15.2,Eclampsia in the puerperium,EIP
O15.9,"Eclampsia, unspecified as to time period Eclampsia NOS",EAT NOS
O16,Unspecified maternal hypertension Other maternal disorders predominantly related to pregnancy (O20–O29),HTN
O20,Haemorrhage in early pregnancy,HIE
O20.0,Threatened abortion Haemorrhage specified as due to threatened abortion,TAH
O20.8,Other haemorrhage in early pregnancy,HIE
O20.9,"Haemorrhage in early pregnancy, unspecified",HIE NOS
O20–O29,Other maternal disorders predominantly related to pregnancy,MDP
O21,Excessive vomiting in pregnancy,EVI
O21.0,"Mild hyperemesis gravidarum Hyperemesis gravidarum, mild or unspecified, starting before the end of the 22nd week of gestation",MHG NOS
O21.1,"Hyperemesis gravidarum with metabolic disturbance Hyperemesis gravidarum, starting before the end of the 22nd week of gestation, with metabolic disturbance such as: • carbohydrate depletion • dehydration • electrolyte imbalance",HGM
O21.2,Late vomiting of pregnancy Excessive vomiting starting after 22 completed weeks of gestation,LVP
O21.8,"Other vomiting complicating pregnancy Vomiting due to diseases classified elsewhere, complicating pregnancy",VCP
O21.9,"Vomiting of pregnancy, unspecified",VP NOS
O22,Venous complications and haemorrhoids in pregnancy,VCH
O22.0,Varicose veins of lower extremity in pregnancy Varicose veins NOS in pregnancy,VVL NOS
O22.1,Genital varices in pregnancy Perineal Vaginal varices in pregnancy Vulval,GVI
O22.2,Superficial thrombophlebitis in pregnancy Thrombophlebitis of legs in pregnancy,STI
O22.3,"Deep phlebothrombosis in pregnancy Deep-vein thrombosis, antepartum",DPI
O22.4,Haemorrhoids in pregnancy,HIP
O22.5,Cerebral venous thrombosis in pregnancy Cerebrovenous sinus thrombosis in pregnancy,CVT
O22.8,Other venous complications in pregnancy,VCI
O22.9,"Venous complication in pregnancy, unspecified Gestational: • phlebitis NOS • phlebopathy NOS • thrombosis NOS",VCI NOS
O23,Infections of genitourinary tract in pregnancy,IGT
O23.0,Infections of kidney in pregnancy,IKI
O23.1,Infections of bladder in pregnancy,IBI
O23.2,Infections of urethra in pregnancy,IUI
O23.3,Infections of other parts of urinary tract in pregnancy,IPU
O23.4,Unspecified infection of urinary tract in pregnancy,IUT NOS
O23.5,Infections of the genital tract in pregnancy,IGT
O23.9,Other and unspecified genitourinary tract infection in pregnancy Genitourinary tract infection in pregnancy NOS,UTI
O24,Diabetes mellitus in pregnancy,DM
O24.0,Pre-existing type 1 diabetes mellitus,T1DM
O24.1,Pre-existing type 2 diabetes mellitus,T2DM
O24.2,Pre-existing malnutrition-related diabetes mellitus,DM
O24.3,"Pre-existing diabetes mellitus, unspecified",DM NOS
O24.4,Diabetes mellitus arising in pregnancy Gestational diabetes mellitus NOS,DM
O24.9,"Diabetes mellitus in pregnancy, unspecified",DM NOS
O25,Malnutrition in pregnancy,MIP
O26,Maternal care for other conditions predominantly related to pregnancy,MCF
O26.0,Excessive weight gain in pregnancy,EWG
O26.1,Low weight gain in pregnancy,LWG
O26.2,Pregnancy care of habitual aborter,PCH
O26.3,Retained intrauterine contraceptive device in pregnancy,RIC
O26.4,Herpes gestationis,HG
O26.5,Maternal hypotension syndrome Supine hypotensive syndrome,MHS
O26.6,"Liver disorders in pregnancy, childbirth and the puerperium Cholestasis (intrahepatic) in pregnancy Obstetric cholestasis",LDI
O26.7,"Subluxation of symphysis (pubis) in pregnancy, childbirth and the puerperium",SSI
O26.8,Other specified pregnancy-related conditions Exhaustion and fatigue Peripheral neuritis pregnancy-related Renal disease,PCE
O26.9,"Pregnancy-related condition, unspecified",PC NOS
O28,Abnormal findings on antenatal screening of mother,AFO
O28.0,Abnormal haematological finding on antenatal screening of mother,AHF
O28.1,Abnormal biochemical finding on antenatal screening of mother,ABF
O28.2,Abnormal cytological finding on antenatal screening of mother,ACF
O28.3,Abnormal ultrasonic finding on antenatal screening of mother,AUF
O28.4,Abnormal radiological finding on antenatal screening of mother,ARF
O28.5,Abnormal chromosomal and genetic finding on antenatal screening of mother,ACG
O28.8,Other abnormal findings on antenatal screening of mother,AFO
O28.9,"Abnormal finding on antenatal screening of mother, unspecified",AFO NOS
O29,Complications of anaesthesia during pregnancy,CAD
O29.0,Pulmonary complications of anaesthesia during pregnancy Aspiration pneumonitis Chemical pneumonitis due to aspiration Inhalation of stomach contents or due to anaesthesia during secretions NOS pregnancy Mendelson syndrome Pressure collapse of lung,PCA NOS
O29.1,Cardiac complications of anaesthesia during pregnancy Cardiac: due to anaesthesia during • arrest pregnancy • failure,CCA
O29.2,Central nervous system complications of anaesthesia during pregnancy Cerebral anoxia due to anaesthesia during pregnancy,CNS
O29.3,Toxic reaction to local anaesthesia during pregnancy,TRL
O29.4,Spinal and epidural anaesthesia-induced headache during pregnancy,SEA
O29.5,Other complications of spinal and epidural anaesthesia during pregnancy,CSE
O29.6,Failed or difficult intubation during pregnancy,FOD
O29.8,Other complications of anaesthesia during pregnancy,CAD
O29.9,"Complication of anaesthesia during pregnancy, unspecified",CAD NOS
O30,Multiple gestation,MG
O30.0,Twin pregnancy,TP
O30.1,Triplet pregnancy,TP
O30.2,Quadruplet pregnancy,QP
O30.8,Other multiple gestation,MG
O30.9,"Multiple gestation, unspecified Multiple pregnancy NOS",MGM NOS
O30–O48,delivery problems,DP
O31,Complications specific to multiple gestation,CSM
O31.0,Papyraceous fetus Fetus compressus,PFF
O31.1,Continuing pregnancy after abortion of one fetus or more,CPA
O31.2,Continuing pregnancy after intrauterine death of one fetus or more,CPA
O31.8,Other complications specific to multiple gestation,CSM
O32,Maternal care for known or suspected malpresentation of fetus,MCF
O32.0,Maternal care for unstable lie,MCF
O32.1,Maternal care for breech presentation,MCF
O32.2,Maternal care for transverse and oblique lie Presentation: • oblique • transverse,MCF
O32.3,"Maternal care for face, brow and chin presentation",MCF
O32.4,Maternal care for high head at term Failure of head to enter pelvic brim,MCF
O32.5,Maternal care for multiple gestation with malpresentation of one fetus or more,MCF
O32.6,Maternal care for compound presentation,MCF
O32.8,Maternal care for other malpresentation of fetus,MCF
O32.9,"Maternal care for malpresentation of fetus, unspecified",MCF NOS
O33,Maternal care for known or suspected disproportion,MCF
O33.0,Maternal care for disproportion due to deformity of maternal pelvic bones Pelvic deformity causing disproportion NOS,MCF NOS
O33.1,Maternal care for disproportion due to generally contracted pelvis Contracted pelvis NOS causing disproportion,MCF NOS
O33.2,Maternal care for disproportion due to inlet contraction of pelvis Inlet contraction (pelvis) causing disproportion,MCF
O33.3,Maternal care for disproportion due to outlet contraction of pelvis Mid-cavity contraction (pelvis) causing disproportion Outlet contraction (pelvis,MCF
O33.4,Maternal care for disproportion of mixed maternal and fetal origin,MCF
O33.5,Maternal care for disproportion due to unusually large fetus Disproportion of fetal origin with normally formed fetus Fetal disproportion NOS,MCF NOS
O33.6,Maternal care for disproportion due to hydrocephalic fetus,MCF
O33.7,Maternal care for disproportion due to other fetal deformities Conjoined twins Fetal: • ascites • hydrops causing disproportion • meningomyelocele • sacral teratoma • tumour,MCF
O33.8,Maternal care for disproportion of other origin,MCF
O33.9,"Maternal care for disproportion, unspecified Cephalopelvic disproportion NOS Fetopelvic disproportion NOS",MCF NOS
O34,Maternal care for known or suspected abnormality of pelvic organs,MCF
O34.0,Maternal care for congenital malformation of uterus Maternal care for: • double uterus • uterus bicornis,MCF
O34.1,Maternal care for tumour of corpus uteri Maternal care for: • polyp of corpus uteri • uterine fibroid,MCF
O34.2,Maternal care due to uterine scar from previous surgery Maternal care for scar from previous caesarean section,MCU
O34.3,Maternal care for cervical incompetence Maternal care for: with or without mention of cervical • cerclage incompetence • Shirodkar suture,MCF
O34.4,Maternal care for other abnormalities of cervix Maternal care for: • polyp of cervix • previous surgery to cervix • stricture or stenosis of cervix • tumour of cervix,MCF NOS
O34.5,Maternal care for other abnormalities of gravid uterus Maternal care for: • incarceration of gravid uterus • prolapse • retroversion,MCF
O34.6,Maternal care for abnormality of vagina Maternal care for: • previous surgery to vagina • septate vagina • stenosis of vagina (acquired)(congenital) • stricture of vagina • tumour of vagina,MCF NOS
O34.7,Maternal care for abnormality of vulva and perineum Maternal care for: • fibrosis of perineum • previous surgery to perineum or vulva • rigid perineum • tumour of vulva,MCF
O34.8,Maternal care for other abnormalities of pelvic organs Maternal care for: • cystocele • pelvic floor repair (previous) • pendulous abdomen • rectocele • rigid pelvic floor,MCF
O34.9,"Maternal care for abnormality of pelvic organ, unspecified",MCF NOS
O35,Maternal care for known or suspected fetal abnormality and damage,MCF
O35.0,Maternal care for (suspected) central nervous system malformation in fetus Maternal care for (suspected) fetal: • anencephaly • spina bifida,MCF
O35.1,Maternal care for (suspected) chromosomal abnormality in fetus,MCF
O35.2,Maternal care for (suspected) hereditary disease in fetus,MCF
O35.3,Maternal care for (suspected) damage to fetus from viral disease in mother Maternal care for (suspected) damage to fetus from maternal: • cytomegalovirus infection • rubella,MCF
O35.4,Maternal care for (suspected) damage to fetus from alcohol,MCF
O35.5,Maternal care for (suspected) damage to fetus by drugs Maternal care for (suspected) damage to fetus from drug addiction,MCF
O35.6,Maternal care for (suspected) damage to fetus by radiation,MCF
O35.7,Maternal care for (suspected) damage to fetus by other medical procedures Maternal care for (suspected) damage to fetus by: • amniocentesis • biopsy procedures • haematological investigation • intrauterine contraceptive device • intrauterine surgery,MCF
O35.8,Maternal care for other (suspected) fetal abnormality and damage Maternal care for (suspected) damage to fetus from maternal: • listeriosis • toxoplasmosis,MCF
O35.9,"Maternal care for (suspected) fetal abnormality and damage, unspecified",MCF NOS
O35–O36,suspected to have affected the fetus,SHA
O36,Maternal care for other known or suspected fetal problems,MCF
O36.0,Maternal care for rhesus isoimmunization Anti-D [Rh] antibodies Rh incompatibility (with hydrops fetalis),MCF
O36.1,Maternal care for other isoimmunization ABO isoimmunization Isoimmunization NOS (with hydrops fetalis),MCF NOS
O36.2,Maternal care for hydrops fetalis Hydrops fetalis: • NOS • not associated with isoimmunization,MCF NOS
O36.3,Maternal care for signs of fetal hypoxia,MCF
O36.4,Maternal care for intrauterine death,MCF
O36.5,Maternal care for poor fetal growth Maternal care for known or suspected: • light-for-dates • placental insufficiency • small-for-dates,MCF
O36.6,Maternal care for excessive fetal growth Maternal care for known or suspected large-for-dates,MCF
O36.7,Maternal care for viable fetus in abdominal pregnancy,MCF
O36.8,Maternal care for other specified fetal problems,MCF
O36.9,"Maternal care for fetal problem, unspecified",MCF NOS
O40,Polyhydramnios,POLY
O41,Other disorders of amniotic fluid and membranes,DAF
O41.0,Oligohydramnios Oligohydramnios without mention of rupture of membranes,OOW
O41.1,Infection of amniotic sac and membranes Amnionitis Chorioamnionitis Membranitis Placentitis,IAS
O41.8,Other specified disorders of amniotic fluid and membranes,DAF
O41.9,"Disorder of amniotic fluid and membranes, unspecified",DAF NOS
O42,Premature rupture of membranes,PRM
O42.0,"Premature rupture of membranes, onset of labour within 24 hours",PRM
O42.1,"Premature rupture of membranes, onset of labour after 24 hours",PRM
O42.2,"Premature rupture of membranes, labour delayed by therapy",PRM
O42.9,"Premature rupture of membranes, unspecified",PRM NOS
O43,Placental disorders,PD
O43.0,Placental transfusion syndromes Transfusion: • fetomaternal • maternofetal • twin-to-twin,PTS
O43.1,Malformation of placenta Abnormal placenta NOS Circumvallate placenta,MPA NOS
O43.2,Morbidly adherent placenta Placenta: • accreta • increta • percreta,MAP
O43.8,Other placental disorders Placental: • dysfunction • infarction,PDP
O43.9,"Placental disorder, unspecified",PD NOS
O44,Placenta praevia,PP
O44.0,Placenta praevia specified as without haemorrhage Low implantation of placenta specified as without haemorrhage,PPA
O44.1,"Placenta praevia with haemorrhage Low implantation of placenta, NOS or with haemorrhage Placenta praevia: • marginal NOS or with haemorrhage • partial • total",PPH NOS
O45,Premature separation of placenta [abruptio placentae],PSP
O45.0,Premature separation of placenta with coagulation defect Abruptio placentae with (excessive) haemorrhage associated with: • afibrinogenaemia • disseminated intravascular coagulation • hyperfibrinolysis • hypofibrinogenaemia,PSP
O45.8,Other premature separation of placenta,PSP
O45.9,"Premature separation of placenta, unspecified Abruptio placentae NOS",PSP NOS
O46,"Antepartum haemorrhage, not elsewhere classified",AHN
O46.0,Antepartum haemorrhage with coagulation defect Antepartum haemorrhage (excessive) associated with: • afibrinogenaemia • disseminated intravascular coagulation • hyperfibrinolysis • hypofibrinogenaemia,AHC
O46.8,Other antepartum haemorrhage,AH
O46.9,"Antepartum haemorrhage, unspecified",AH NOS
O47,False labour,FL
O47.0,False labour before 37 completed weeks of gestation,FLB
O47.1,False labour at or after 37 completed weeks of gestation,FLA
O47.9,"False labour, unspecified",FL NOS
O48,Prolonged pregnancy,PP
O60,Preterm labour and delivery,PLD
O60.0,Preterm labour without delivery Preterm labour: • induced • spontaneous,PLW
O60.1,Preterm spontaneous labour with preterm delivery Preterm labour with delivery NOS Preterm spontaneous labour with preterm delivery by caesarean section,PSL NOS
O60.2,Preterm spontaneous labour with term delivery Preterm spontaneous labour with term delivery by caesarean section,PSL
O60.3,"Preterm delivery without spontaneous labour Preterm delivery by: • caesarean section, without spontaneous labour • induction",PDW
O60–O75,Complications of labour and delivery,CLD
O61,Failed induction of labour,FIL
O61.0,Failed medical induction of labour Failed induction (of labour) by: • oxytocin • prostaglandins,FMI
O61.1,Failed instrumental induction of labour Failed induction (of labour): • mechanical • surgical,FII
O61.8,Other failed induction of labour,FIL
O61.9,"Failed induction of labour, unspecified",FIL NOS
O62,Abnormalities of forces of labour,AFL
O62.0,Primary inadequate contractions Failure of cervical dilatation Primary hypotonic uterine dysfunction Uterine inertia during latent phase of labour,PIC
O62.1,Secondary uterine inertia Arrested active phase of labour Secondary hypotonic uterine dysfunction,SUI
O62.2,Other uterine inertia Atony of uterus Desultory labour Hypotonic uterine dysfunction NOS Irregular labour Poor contractions Uterine inertia NOS,UIA NOS
O62.3,Precipitate labour,PL
O62.4,"Hypertonic, incoordinate, and prolonged uterine contractions Contraction ring dystocia Dyscoordinate labour Hour-glass contraction of uterus Hypertonic uterine dysfunction Incoordinate uterine action Tetanic contractions Uterine dystocia NOS",HIP NOS
O62.8,Other abnormalities of forces of labour,AFL
O62.9,"Abnormality of forces of labour, unspecified",AFL NOS
O63,Long labour,LL
O63.0,Prolonged first stage (of labour),PFS
O63.1,Prolonged second stage (of labour),PSS
O63.2,"Delayed delivery of second twin, triplet, etc.",DDS
O63.9,"Long labour, unspecified Prolonged labour NOS",LLP NOS
O64,Obstructed labour due to malposition and malpresentation of fetus,OLM
O64.0,Obstructed labour due to incomplete rotation of fetal head Deep transverse arrest Obstructed labour due to persistent (position): • occipitoiliac • occipitoposterior • occipitosacral • occipitotransverse,OLI
O64.1,Obstructed labour due to breech presentation,OLB
O64.2,Obstructed labour due to face presentation Obstructed labour due to chin presentation,OLF
O64.3,Obstructed labour due to brow presentation,OLB
O64.4,Obstructed labour due to shoulder presentation Prolapsed arm,OLS
O64.5,Obstructed labour due to compound presentation,OLC
O64.8,Obstructed labour due to other malposition and malpresentation,OLM
O64.9,"Obstructed labour due to malposition and malpresentation, unspecified",OLM NOS
O64–O66,with obstructed labour,OL
O65,Obstructed labour due to maternal pelvic abnormality,OLM
O65.0,Obstructed labour due to deformed pelvis,OLD
O65.1,Obstructed labour due to generally contracted pelvis,OLG
O65.2,Obstructed labour due to pelvic inlet contraction,OLP
O65.3,Obstructed labour due to pelvic outlet and mid-cavity contraction,OLP
O65.4,"Obstructed labour due to fetopelvic disproportion, unspecified",OLF NOS
O65.5,Obstructed labour due to abnormality of maternal pelvic organs Obstructed labour due to conditions listed in O34.-,OLA
O65.8,Obstructed labour due to other maternal pelvic abnormalities,OLM
O65.9,"Obstructed labour due to maternal pelvic abnormality, unspecified",OLM NOS
O66,Other obstructed labour,OL
O66.0,Obstructed labour due to shoulder dystocia Impacted shoulders,OLS
O66.1,Obstructed labour due to locked twins,OLL
O66.2,Obstructed labour due to unusually large fetus,OLU
O66.3,Obstructed labour due to other abnormalities of fetus Dystocia due to: • conjoined twins • fetal: – ascites – hydrops – meningomyelocele – sacral teratoma – tumour • hydrocephalic fetus,OLA
O66.4,"Failed trial of labour, unspecified Failed trial of labour with subsequent delivery by caesarean section",FTL NOS
O66.5,"Failed application of vacuum extractor and forceps, unspecified Failed application of ventouse or forceps, with subsequent delivery by forceps or caesarean section respectively",FAV NOS
O66.8,Other specified obstructed labour,OL
O66.9,"Obstructed labour, unspecified Dystocia: • NOS • fetal NOS • maternal NOS",OLD NOS
O67,"Labour and delivery complicated by intrapartum haemorrhage, not elsewhere classified",LDC
O67.0,Intrapartum haemorrhage with coagulation defect Intrapartum haemorrhage (excessive) associated with: • afibrinogenaemia • disseminated intravascular coagulation • hyperfibrinolysis • hypofibrinogenaemia,IHC
O67.8,Other intrapartum haemorrhage Excessive intrapartum haemorrhage,IHE
O67.9,"Intrapartum haemorrhage, unspecified",IH NOS
O68,Labour and delivery complicated by fetal stress [distress],LDC
O68.0,Labour and delivery complicated by fetal heart rate anomaly Fetal: • bradycardia • heart rate irregularity • tachycardia,LDC
O68.1,Labour and delivery complicated by meconium in amniotic fluid,LDC
O68.2,Labour and delivery complicated by fetal heart rate anomaly with meconium in amniotic fluid,LDC
O68.3,Labour and delivery complicated by biochemical evidence of fetal stress Abnormal fetal: • acidaemia • acid–base balance,LDC
O68.8,Labour and delivery complicated by other evidence of fetal stress Evidence of fetal distress: • electrocardiographic • ultrasonic,LDC
O68.9,"Labour and delivery complicated by fetal stress, unspecified",LDC NOS
O69,Labour and delivery complicated by umbilical cord complications,LDC
O69.0,Labour and delivery complicated by prolapse of cord,LDC
O69.1,"Labour and delivery complicated by cord around neck, with compression",LDC
O69.2,"Labour and delivery complicated by other cord entanglement, with compression Compression of cord NOS Entanglement of cords of twins in monoamniotic sac Knot in cord",LDC NOS
O69.3,Labour and delivery complicated by short cord,LDC
O69.4,Labour and delivery complicated by vasa praevia Haemorrhage from vasa praevia,LDC
O69.5,Labour and delivery complicated by vascular lesion of cord Cord: • bruising • haematoma Thrombosis of umbilical vessels,LDC
O69.8,Labour and delivery complicated by other cord complications Cord around neck without compression,LDC
O69.9,"Labour and delivery complicated by cord complication, unspecified",LDC NOS
O70,Perineal laceration during delivery,PLD
O70.0,"First-degree perineal laceration during delivery Perineal laceration, rupture or tear (involving): • fourchette • labia • periurethral tissue during delivery • skin • slight • vagina, low • vulva",FPL
O70.1,"Second-degree perineal laceration during delivery Perineal laceration, rupture or tear as in O70.0, also involving: • pelvic floor during delivery • perineal muscles • vaginal muscles",SPL
O70.2,"Third-degree perineal laceration during delivery Perineal laceration, rupture or tear as in O70.1, also involving: • anal sphincter during delivery • rectovaginal septum • sphincter NOS",TPL NOS
O70.3,"Fourth-degree perineal laceration during delivery Perineal laceration, rupture or tear as in O70.2, also involving: during delivery • anal mucosa • rectal mucosa",FPL
O70.9,"Perineal laceration during delivery, unspecified",PLD NOS
O70–O71,obstetric trauma malunion of fracture (M84.0) nonunion of fracture [pseudarthrosis] (M84.1) pathological fracture (M84.4) pathological fracture with osteoporosis (M80.-) stress fracture (M84.3) This chapter contains the following blocks:,OTM
O71,Other obstetric trauma,OT
O71.0,Rupture of uterus before onset of labour,RUB
O71.1,Rupture of uterus during labour Rupture of uterus not stated as occurring before onset of labour,RUD
O71.2,Postpartum inversion of uterus,PIU
O71.3,Obstetric laceration of cervix Annular detachment of cervix,OLC
O71.4,Obstetric high vaginal laceration Laceration of: • middle or upper third of vaginal wall • vaginal sulcus,OHV
O71.5,Other obstetric injury to pelvic organs Obstetric injury to: • bladder • urethra,OIP
O71.6,Obstetric damage to pelvic joints and ligaments Avulsion of inner symphyseal cartilage Damage to coccyx obstetric Traumatic separation of symphysis (pubis),ODP
O71.7,Obstetric haematoma of pelvis Obstetric haematoma of: • perineum • vagina • vulva,OHP
O71.8,Other specified obstetric trauma,OT
O71.9,"Obstetric trauma, unspecified",OT NOS
O72,Postpartum haemorrhage,PH
O72.0,"Third-stage haemorrhage Haemorrhage associated with retained, trapped or adherent placenta Retained placenta NOS",THH NOS
O72.1,Other immediate postpartum haemorrhage Haemorrhage following delivery of placenta Postpartum haemorrhage (atonic) NOS,IPH NOS
O72.2,"Delayed and secondary postpartum haemorrhage Haemorrhage associated with retained portions of placenta or membranes Retained products of conception NOS, following delivery",DSP NOS
O72.3,Postpartum coagulation defects Postpartum: • afibrinogenaemia • fibrinolysis,PCD
O73,"Retained placenta and membranes, without haemorrhage",RPM
O73.0,Retained placenta without haemorrhage,RPW
O73.1,"Retained portions of placenta and membranes, without haemorrhage Retained products of conception following delivery, without haemorrhage",RPP
O74,Complications of anaesthesia during labour and delivery,CAD
O74.0,Aspiration pneumonitis due to anaesthesia during labour and delivery Chemical pneumonitis due to aspiration due to anaesthesia Inhalation of stomach contents or secretions NOS during labour and Mendelson syndrome delivery,APA NOS
O74.1,Other pulmonary complications of anaesthesia during labour and delivery Pressure collapse of lung due to anaesthesia during labour and delivery,PCA
O74.2,Cardiac complications of anaesthesia during labour and delivery Cardiac: due to anaesthesia during labour and • arrest delivery • failure,CCA
O74.3,Central nervous system complications of anaesthesia during labour and delivery Cerebral anoxia due to anaesthesia during labour and delivery,CNS
O74.4,Toxic reaction to local anaesthesia during labour and delivery,TRL
O74.5,Spinal and epidural anaesthesia-induced headache during labour and delivery,SEA
O74.6,Other complications of spinal and epidural anaesthesia during labour and delivery,CSE
O74.7,Failed or difficult intubation during labour and delivery,FOD
O74.8,Other complications of anaesthesia during labour and delivery,CAD
O74.9,"Complication of anaesthesia during labour and delivery, unspecified",CAD NOS
O75,"Other complications of labour and delivery, not elsewhere classified",CLD
O75.0,Maternal distress during labour and delivery,MDD
O75.1,Shock during or following labour and delivery Obstetric shock,SDO
O75.2,"Pyrexia during labour, not elsewhere classified",PDL
O75.3,Other infection during labour Sepsis during labour,IDL
O75.4,"Other complications of obstetric surgery and procedures Cardiac: following caesarean or other obstetric • arrest surgery or procedures, including delivery • failure NOS Cerebral anoxia",COS NOS
O75.5,Delayed delivery after artificial rupture of membranes,DDA
O75.6,Delayed delivery after spontaneous or unspecified rupture of membranes,DDA NOS
O75.7,Vaginal delivery following previous caesarean section,VDF
O75.8,Other specified complications of labour and delivery,CLD
O75.9,"Complication of labour and delivery, unspecified",CLD NOS
O80,Single spontaneous delivery,SSD
O80.0,Spontaneous vertex delivery,SVD
O80.1,Spontaneous breech delivery,SBD
O80.8,Other single spontaneous delivery,SSD
O80.9,"Single spontaneous delivery, unspecified Spontaneous delivery NOS",SSD NOS
O80–O84,Delivery,DELI
O81,Single delivery by forceps and vacuum extractor,SDB
O81.0,Low forceps delivery,LFD
O81.1,Mid-cavity forceps delivery,MFD
O81.2,Mid-cavity forceps with rotation,MFR
O81.3,Other and unspecified forceps delivery,FD NOS
O81.4,Vacuum extractor delivery Ventouse delivery,VED
O81.5,Delivery by combination of forceps and vacuum extractor Forceps and ventouse delivery,DBC
O82,Single delivery by caesarean section,SDB
O82.0,Delivery by elective caesarean section Repeat caesarean section NOS,DBE NOS
O82.1,Delivery by emergency caesarean section,DBE
O82.2,Delivery by caesarean hysterectomy,DBC
O82.8,Other single delivery by caesarean section,SDB
O82.9,"Delivery by caesarean section, unspecified",DBC NOS
O83,Other assisted single delivery,ASD
O83.0,Breech extraction,BE
O83.1,Other assisted breech delivery Breech delivery NOS,ABD NOS
O83.2,Other manipulation-assisted delivery Version with extraction,MDV
O83.3,Delivery of viable fetus in abdominal pregnancy,DVF
O83.4,Destructive operation for delivery Cleidotomy Craniotomy to facilitate delivery Embryotomy,DOF
O83.8,Other specified assisted single delivery,ASD
O83.9,"Assisted single delivery, unspecified Assisted delivery NOS",ASD NOS
O84,Multiple delivery,MD
O84.0,"Multiple delivery, all spontaneous",MDA
O84.1,"Multiple delivery, all by forceps and vacuum extractor",MDA
O84.2,"Multiple delivery, all by caesarean section",MDA
O84.8,Other multiple delivery Multiple delivery by combination of methods,MDM
O84.9,"Multiple delivery, unspecified Complications predominantly related to the puerperium (O85–O92)",MDC NOS
O85,Puerperal sepsis,PS
O85–O92,Complications predominantly related to the puerperium,CPR
O86,Other puerperal infections,PI
O86.0,Infection of obstetric surgical wound Infected: • caesarean section wound following delivery • perineal repair,IOS
O86.1,Other infection of genital tract following delivery Cervicitis following delivery Vaginitis,IGT
O86.2,"Urinary tract infection following delivery Conditions in N10-N12, N15.-, N30.-, N34.-, N39.0 following delivery",UTI
O86.3,Other genitourinary tract infections following delivery Puerperal genitourinary tract infection NOS,UTI
O86.4,Pyrexia of unknown origin following delivery Puerperal: • infection NOS • pyrexia NOS,PUO NOS
O86.8,Other specified puerperal infections,PI
O87,Venous complications and haemorrhoids in the puerperium,VCH
O87.0,Superficial thrombophlebitis in the puerperium,STI
O87.1,"Deep phlebothrombosis in the puerperium Deep-vein thrombosis, postpartum Pelvic thrombophlebitis, postpartum",DPI
O87.2,Haemorrhoids in the puerperium,HIP
O87.3,Cerebral venous thrombosis in the puerperium Cerebrovenous sinus thrombosis in the puerperium,CVT
O87.8,Other venous complications in the puerperium Genital varices in the puerperium,VCI
O87.9,"Venous complication in the puerperium, unspecified Puerperal: • phlebitis NOS • phlebopathy NOS • thrombosis NOS",VCI NOS
O88,Obstetric embolism,OE
O88.0,Obstetric air embolism,OAE
O88.1,Amniotic fluid embolism Anaphylactoid syndrome of pregnancy,AFE
O88.2,Obstetric blood-clot embolism Obstetric (pulmonary) embolism NOS Puerperal (pulmonary) embolism NOS,OBE NOS
O88.3,Obstetric pyaemic and septic embolism,OPS
O88.8,Other obstetric embolism Obstetric fat embolism,OEO
O89,Complications of anaesthesia during the puerperium,CAD
O89.0,Pulmonary complications of anaesthesia during the puerperium Aspiration pneumonitis Chemical pneumonitis due to aspiration due to anaesthesia Inhalation of stomach contents or secretions NOS during the Mendelson syndrome puerperium Pressure collapse of lung,PCA NOS
O89.1,Cardiac complications of anaesthesia during the puerperium Cardiac: • arrest due to anaesthesia during the puerperium • failure,CCA
O89.2,Central nervous system complications of anaesthesia during the puerperium Cerebral anoxia due to anaesthesia during the puerperium,CNS
O89.3,Toxic reaction to local anaesthesia during the puerperium,TRL
O89.4,Spinal and epidural anaesthesia-induced headache during the puerperium,SEA
O89.5,Other complications of spinal and epidural anaesthesia during the puerperium,CSE
O89.6,Failed or difficult intubation during the puerperium,FOD
O89.8,Other complications of anaesthesia during the puerperium,CAD
O89.9,"Complication of anaesthesia during the puerperium, unspecified",CAD NOS
O90,"Complications of the puerperium, not elsewhere classified",CPN
O90.0,Disruption of caesarean section wound,DCS
O90.1,Disruption of perineal obstetric wound Disruption of wound of: • episiotomy • perineal laceration Secondary perineal tear,DPO
O90.2,Haematoma of obstetric wound,HOW
O90.3,Cardiomyopathy in the puerperium Conditions in I42.-,CIP
O90.4,Postpartum acute renal failure Hepatorenal syndrome following labour and delivery,PAR
O90.5,Postpartum thyroiditis,PT
O90.8,"Other complications of the puerperium, not elsewhere classified Placental polyp",CPN
O90.9,"Complication of the puerperium, unspecified",CP NOS
O91,Infections of breast associated with childbirth,IBA
O91.0,Infection of nipple associated with childbirth Abscess of nipple: • gestational • puerperal,INA
O91.1,Abscess of breast associated with childbirth Mammary abscess Purulent mastitis gestational or puerperal Subareolar abscess,ABA
O91.2,Nonpurulent mastitis associated with childbirth Lymphangitis of breast Mastitis: • NOS gestational or puerperal • interstitial • parenchymatous,NMA NOS
O92,Other disorders of breast and lactation associated with childbirth,DBL
O92.0,Retracted nipple associated with childbirth,RNA
O92.1,"Cracked nipple associated with childbirth Fissure of nipple, gestational or puerperal",CNA
O92.2,Other and unspecified disorders of breast associated with childbirth,DBA NOS
O92.3,Agalactia Primary agalactia,APA
O92.4,Hypogalactia,HYPO
O92.5,Suppressed lactation Agalactia: • elective • secondary • therapeutic,SLA
O92.6,Galactorrhoea,GALA
O92.7,"Other and unspecified disorders of lactation Puerperal galactocele Other obstetric conditions, not elsewhere classified (O94–O99)",DLP NOS
O94,"Sequelae of complication of pregnancy, childbirth and the puerperium",SCP
O94–O99,"Other obstetric conditions, not elsewhere classified",OCN
O95,Obstetric death of unspecified cause,ODC NOS
O96,Death from any obstetric cause occurring more than 42 days but less than one year after delivery,DFA
O96.0,Death from direct obstetric cause occurring more than 42 days but less than one year after delivery,DFD
O96.1,Death from indirect obstetric cause occurring more than 42 days but less than one year after delivery,DFI
O96.9,Death from unspecified obstetric cause occurring more than 42 days but less than one year after delivery,DFO NOS
O97,Death from sequelae of obstetric causes,DFS
O97.0,Death from sequelae of direct obstetric cause,DFS
O97.1,Death from sequelae of indirect obstetric cause,DFS
O97.9,"Death from sequelae of obstetric cause, unspecified",DFS NOS
O98,"Maternal infectious and parasitic diseases classifiable elsewhere but complicating pregnancy, childbirth and the puerperium",MIP
O98.0,"Tuberculosis complicating pregnancy, childbirth and the puerperium Conditions in A15–A19",TB
O98.1,"Syphilis complicating pregnancy, childbirth and the puerperium Conditions in A50–A53",SCP
O98.2,"Gonorrhoea complicating pregnancy, childbirth and the puerperium Conditions in A54.-",GCP
O98.3,"Other infections with a predominantly sexual mode of transmission complicating pregnancy, childbirth and the puerperium Conditions in A55–A64",IAP
O98.4,"Viral hepatitis complicating pregnancy, childbirth and the puerperium Conditions in B15–B19",VHC
O98.5,"Other viral diseases complicating pregnancy, childbirth and the puerperium Conditions in A80–B09, B25–B34",VDC
O98.6,"Protozoal diseases complicating pregnancy, childbirth and the puerperium Conditions in B50–B64",PDC
O98.7,"Human immunodeficiency virus [HIV] disease complicating pregnancy, childbirth and the puerperium",HIV
O98.8,"Other maternal infectious and parasitic diseases complicating pregnancy, childbirth and the puerperium",MIP
O98.9,"Unspecified maternal infectious or parasitic disease complicating pregnancy, childbirth and the puerperium",MIO NOS
O98–O99,"delivery, and the puerperium",DP
O99,"Other maternal diseases classifiable elsewhere but complicating pregnancy, childbirth and the puerperium",MDC
O99.0,"Anaemia complicating pregnancy, childbirth and the puerperium Conditions in D50–D64",ACP
O99.1,"Other diseases of the blood and blood-forming organs and certain disorders involving the immune mechanism complicating pregnancy, childbirth and the puerperium Conditions in D65–D89",DBB
O99.2,"Endocrine, nutritional and metabolic diseases complicating pregnancy, childbirth and the puerperium Conditions in E00–E90",ENM
O99.3,"Mental disorders and diseases of the nervous system complicating pregnancy, childbirth and the puerperium Conditions in F00–F99 and G00–G99",MDD
O99.4,"Diseases of the circulatory system complicating pregnancy, childbirth and the puerperium Conditions in I00–I99",DCS
O99.5,"Diseases of the respiratory system complicating pregnancy, childbirth and the puerperium Conditions in J00–J99",DRS
O99.6,"Diseases of the digestive system complicating pregnancy, childbirth and the puerperium Conditions in K00–K93",DDS
O99.7,"Diseases of the skin and subcutaneous tissue complicating pregnancy, childbirth and the puerperium Conditions in L00–L99",DSS
O99.8,"Other specified diseases and conditions complicating pregnancy, childbirth and the puerperium Combination of conditions classifiable to O99.0–O99.7 Conditions in C00–D48, H00–H95, M00–M99, N00–N99 and Q00–Q99 not elsewhere classified",DCC
P00,Fetus and newborn affected by maternal conditions that may be unrelated to present pregnancy,FNA
P00.0,"Fetus and newborn affected by maternal hypertensive disorders Fetus or newborn affected by maternal conditions classifiable to O10–O11, O13–O16",FNA
P00.1,Fetus and newborn affected by maternal renal and urinary tract diseases Fetus or newborn affected by maternal conditions classifiable to N00–N39,FNA
P00.2,Fetus and newborn affected by maternal infectious and parasitic diseases Fetus or newborn affected by maternal infectious disease classifiable to,FNA
P00.3,"Fetus and newborn affected by other maternal circulatory and respiratory diseases Fetus or newborn affected by maternal conditions classifiable to I00–I99, J00–J99, Q20–Q34 and not included in P00.0, P00.2",FNA
P00.4,Fetus and newborn affected by maternal nutritional disorders Fetus or newborn affected by maternal disorders classifiable to E40–E64 Maternal malnutrition NOS,FNA NOS
P00.5,Fetus and newborn affected by maternal injury Fetus or newborn affected by maternal conditions classifiable to S00–T79,FNA
P00.6,Fetus and newborn affected by surgical procedure on mother,FNA
P00.7,"Fetus and newborn affected by other medical procedures on mother, not elsewhere classified Fetus or newborn affected by radiology on mother",FNA
P00.8,Fetus and newborn affected by other maternal conditions Fetus or newborn affected by: • conditions classifiable to T80–T88 • maternal genital tract and other localized infections • maternal systemic lupus erythematosus,FNA
P00.9,Fetus and newborn affected by unspecified maternal condition,FNA NOS
P00–P04,"Fetus and newborn affected by maternal factors and by complications of pregnancy, labour and delivery",FNA
P00–P96,drug reaction and poisoning affecting the fetus and newborn,DRP
P01,Fetus and newborn affected by maternal complications of pregnancy,FNA
P01.0,Fetus and newborn affected by incompetent cervix,FNA
P01.1,Fetus and newborn affected by premature rupture of membranes,FNA
P01.2,Fetus and newborn affected by oligohydramnios,FNA
P01.3,Fetus and newborn affected by polyhydramnios Hydramnios,FNA
P01.4,Fetus and newborn affected by ectopic pregnancy Abdominal pregnancy,FNA
P01.5,Fetus and newborn affected by multiple pregnancy Triplet (pregnancy) Twin (pregnancy),FNA
P01.6,Fetus and newborn affected by maternal death,FNA
P01.7,Fetus and newborn affected by malpresentation before labour Breech presentation External version Face presentation before labour Transverse lie Unstable lie,FNA
P01.8,"Fetus and newborn affected by other maternal complications of pregnancy Spontaneous abortion, fetus",FNA
P01.9,"Fetus and newborn affected by maternal complication of pregnancy, unspecified",FNA NOS
P02,"Fetus and newborn affected by complications of placenta, cord and membranes",FNA
P02.0,Fetus and newborn affected by placenta praevia,FNA
P02.1,"Fetus and newborn affected by other forms of placental separation and haemorrhage Abruptio placentae Accidental haemorrhage Antepartum haemorrhage Damage to placenta from amniocentesis, caesarean section or surgical induction Maternal blood loss Premature separation of placenta",FNA
P02.2,Fetus and newborn affected by other and unspecified morphological and functional abnormalities of placenta Placental: • dysfunction • infarction • insufficiency,FNA NOS
P02.3,Fetus and newborn affected by placental transfusion syndromes Placental and cord abnormalities resulting in twin-to-twin or other transplacental transfusion,FNA
P02.4,Fetus and newborn affected by prolapsed cord,FNA
P02.5,Fetus and newborn affected by other compression of umbilical cord Cord (tightly) around neck Entanglement of cord Knot in cord,FNA
P02.6,Fetus and newborn affected by other and unspecified conditions of umbilical cord Short cord Vasa praevia,FNA NOS
P02.7,Fetus and newborn affected by chorioamnionitis Amnionitis Membranitis Placentitis,FNA
P02.8,Fetus and newborn affected by other abnormalities of membranes,FNA
P02.9,"Fetus and newborn affected by abnormality of membranes, unspecified",FNA NOS
P03,Fetus and newborn affected by other complications of labour and delivery,FNA
P03.0,Fetus and newborn affected by breech delivery and extraction,FNA
P03.1,"Fetus and newborn affected by other malpresentation, malposition and disproportion during labour and delivery Contracted pelvis Fetus or newborn affected by conditions classifiable to O64–O66 Persistent occipitoposterior Transverse lie",FNA
P03.2,Fetus and newborn affected by forceps delivery,FNA
P03.3,Fetus and newborn affected by delivery by vacuum extractor [ventouse],FNA
P03.4,Fetus and newborn affected by caesarean delivery,FNA
P03.5,Fetus and newborn affected by precipitate delivery Rapid second stage,FNA
P03.6,"Fetus and newborn affected by abnormal uterine contractions Fetus or newborn affected by conditions classifiable to O62.-, except O62.3 Hypertonic labour Uterine inertia",FNA
P03.8,Fetus and newborn affected by other specified complications of labour and delivery Abnormality of maternal soft tissues Destructive operation to facilitate delivery Fetus or newborn affected by conditions classifiable to O60–O75 and by procedures used in labour and delivery not included in P02.- and P03.0–P03.6 Induction of labour,FNA
P03.9,"Fetus and newborn affected by complication of labour and delivery, unspecified",FNA NOS
P04,Fetus and newborn affected by noxious influences transmitted via placenta or breast milk,FNA
P04.0,"Fetus and newborn affected by maternal anaesthesia and analgesia in pregnancy, labour and delivery Reactions and intoxications from maternal opiates and tranquillizers administered during labour and delivery",FNA
P04.1,Fetus and newborn affected by other maternal medication Cancer chemotherapy Cytotoxic drugs,FNA
P04.2,Fetus and newborn affected by maternal use of tobacco,FNA
P04.3,Fetus and newborn affected by maternal use of alcohol,FNA
P04.4,Fetus and newborn affected by maternal use of drugs of addiction,FNA
P04.5,Fetus and newborn affected by maternal use of nutritional chemical substances,FNA
P04.6,Fetus and newborn affected by maternal exposure to environmental chemical substances,FNA
P04.8,Fetus and newborn affected by other maternal noxious influences,FNA
P04.9,"Fetus and newborn affected by maternal noxious influence, unspecified Disorders related to length of gestation and fetal growth (P05–P08)",FNA NOS
P05,Slow fetal growth and fetal malnutrition,SFG
P05.0,Light for gestational age Usually referred to as weight below but length above 10th centile for gestational age. Light-for-dates,LFG
P05.1,Small for gestational age Usually referred to as weight and length below 10th centile for gestational age. Small-for-dates Small-and-light-for-dates,SFG
P05.2,"Fetal malnutrition without mention of light or small for gestational age Infant, not light or small for gestational age, showing signs of fetal malnutrition, such as dry, peeling skin and loss of subcutaneous tissue.",FMW
P05.9,"Slow fetal growth, unspecified Fetal growth retardation NOS",SFG NOS
P05–P08,Disorders related to length of gestation and fetal growth,DRL
P07,"Disorders related to short gestation and low birth weight, not elsewhere classified",DRS
P07.0,Extremely low birth weight Birth weight 999 g or less,ELB
P07.1,Other low birth weight Birth weight 1000–2499 g,LBW
P07.2,Extreme immaturity Less than 28 completed weeks (less than 196 completed days) of gestation,EIL
P07.3,Other preterm infants 28 completed weeks or more but less than 37 completed weeks (196 completed days but less than 259 completed days) of gestation Prematurity NOS,PI2 NOS
P08,Disorders related to long gestation and high birth weight,DRL
P08.0,Exceptionally large baby Usually implies a birth weight of 4500 g or more,ELB
P08.1,Other heavy for gestational age infants Usually implies a birth weight >90th percentile for gestational age or 4000 g or more at term Other fetus or infant heavy- or large-for-dates regardless of period of gestation.,HFG
P08.2,"Post-term infant, not heavy for gestational age Fetus or infant with gestation period of 42 completed weeks or more (294 days or more), not heavy- or large-for-dates. Postmaturity NOS Birth trauma (P10–P15)",PIN NOS
P10,Intracranial laceration and haemorrhage due to birth injury,ILH
P10.0,Subdural haemorrhage due to birth injury Subdural haematoma (localized) due to birth injury,SHB
P10.1,Cerebral haemorrhage due to birth injury,CHB
P10.2,Intraventricular haemorrhage due to birth injury,IHB
P10.3,Subarachnoid haemorrhage due to birth injury,SHB
P10.4,Tentorial tear due to birth injury,TTB
P10.8,Other intracranial lacerations and haemorrhages due to birth injury,ILH
P10.9,Unspecified intracranial laceration and haemorrhage due to birth injury,ILH NOS
P10–P15,Birth trauma,BT
P11,Other birth injuries to central nervous system,BIC
P11.0,Cerebral oedema due to birth injury,COB
P11.1,Other specified brain damage due to birth injury,BDB
P11.2,Unspecified brain damage due to birth injury,BDB NOS
P11.3,Birth injury to facial nerve Facial palsy due to birth injury,BIF
P11.4,Birth injury to other cranial nerves,BIC
P11.5,Birth injury to spine and spinal cord Fracture of spine due to birth injury,BIS
P11.9,"Birth injury to central nervous system, unspecified",BIC NOS
P12,Birth injury to scalp,BIS
P12.0,Cephalhaematoma due to birth injury,CBI
P12.1,Chignon due to birth injury,CBI
P12.2,Epicranial subaponeurotic haemorrhage due to birth injury,ESH
P12.3,Bruising of scalp due to birth injury,BSB
P12.4,Monitoring injury of scalp of newborn Sampling incision Scalp clip (electrode) injury,MIS
P12.8,Other birth injuries to scalp,BIS
P12.9,"Birth injury to scalp, unspecified",BIS NOS
P13,Birth injury to skeleton,BIS
P13.0,Fracture of skull due to birth injury,FSB
P13.1,Other birth injuries to skull,BIS
P13.2,Birth injury to femur,BIF
P13.3,Birth injury to other long bones,BIL
P13.4,Fracture of clavicle due to birth injury,FCB
P13.8,Birth injuries to other parts of skeleton,BIP
P13.9,"Birth injury to skeleton, unspecified",BIS NOS
P14,Birth injury to peripheral nervous system,BIP
P14.0,Erb paralysis due to birth injury,EPB
P14.1,Klumpke paralysis due to birth injury,KPB
P14.2,Phrenic nerve paralysis due to birth injury,PNP
P14.3,Other brachial plexus birth injuries,BPB
P14.8,Birth injuries to other parts of peripheral nervous system,BIP
P14.9,"Birth injury to peripheral nervous system, unspecified",BIP NOS
P15,Other birth injuries,BI
P15.0,Birth injury to liver Rupture of liver due to birth injury,BIL
P15.1,Birth injury to spleen Rupture of spleen due to birth injury,BIS
P15.2,Sternomastoid injury due to birth injury,SIB
P15.3,Birth injury to eye Subconjunctival haemorrhage due to birth injury Traumatic glaucoma,BIE
P15.4,Birth injury to face Facial congestion due to birth injury,BIF
P15.5,Birth injury to external genitalia,BIE
P15.6,Subcutaneous fat necrosis due to birth injury,SFN
P15.8,Other specified birth injuries,BI
P15.9,"Birth injury, unspecified Respiratory and cardiovascular disorders specific to the perinatal period (P20–P29)",BIR NOS
P20,Intrauterine hypoxia,IH
P20.0,Intrauterine hypoxia first noted before onset of labour,IHF
P20.1,Intrauterine hypoxia first noted during labour and delivery,IHF
P20.9,"Intrauterine hypoxia, unspecified",IH NOS
P20–P29,Respiratory and cardiovascular disorders specific to the perinatal period,RCD
P21,Birth asphyxia,BA
P21.0,"Severe birth asphyxia Pulse less than 100 per minute at birth and falling or steady, respiration absent or gasping, colour poor, tone absent. Asphyxia with 1-minute Apgar score 0–3 White asphyxia",SBA
P21.1,"Mild and moderate birth asphyxia Normal respiration not established within one minute, but heart rate 100 or above, some muscle tone present, some response to stimulation. Asphyxia with 1-minute Apgar score 4–7 Blue asphyxia",MMB
P21.9,"Birth asphyxia, unspecified Anoxia Asphyxia NOS Hypoxia",BAA NOS
P22,Respiratory distress of newborn,RDN
P22.0,Respiratory distress syndrome of newborn Hyaline membrane disease,RDS
P22.1,Transient tachypnoea of newborn,TTN
P22.8,Other respiratory distress of newborn,RDN
P22.9,"Respiratory distress of newborn, unspecified",RDN NOS
P23,Congenital pneumonia,CP
P23.0,Congenital pneumonia due to viral agent,CPV
P23.1,Congenital pneumonia due to Chlamydia,CPC
P23.2,Congenital pneumonia due to Staphylococcus,CPS
P23.3,"Congenital pneumonia due to Streptococcus, group B",CPS
P23.4,Congenital pneumonia due to Escherichia coli,CPE
P23.5,Congenital pneumonia due to Pseudomonas,CPP
P23.6,"Congenital pneumonia due to other bacterial agents Haemophilus influenzae Klebsiella pneumoniae Mycoplasma Streptococcus, except group B",CPB
P23.8,Congenital pneumonia due to other organisms,CPO
P23.9,"Congenital pneumonia, unspecified",CP NOS
P24,Neonatal aspiration syndromes,NAS
P24.0,Neonatal aspiration of meconium,NAM
P24.1,Neonatal aspiration of amniotic fluid and mucus Aspiration of liquor (amnii),NAA
P24.2,Neonatal aspiration of blood,NAB
P24.3,Neonatal aspiration of milk and regurgitated food,NAM
P24.8,Other neonatal aspiration syndromes,NAS
P24.9,"Neonatal aspiration syndrome, unspecified Neonatal aspiration pneumonia NOS",NAS NOS
P25,Interstitial emphysema and related conditions originating in the perinatal period,IER
P25.0,Interstitial emphysema originating in the perinatal period,IEO
P25.1,Pneumothorax originating in the perinatal period,POI
P25.2,Pneumomediastinum originating in the perinatal period,POI
P25.3,Pneumopericardium originating in the perinatal period,POI
P25.8,Other conditions related to interstitial emphysema originating in the perinatal period,CRI
P26,Pulmonary haemorrhage originating in the perinatal period,PHO
P26.0,Tracheobronchial haemorrhage originating in the perinatal period,THO
P26.1,Massive pulmonary haemorrhage originating in the perinatal period,MPH
P26.8,Other pulmonary haemorrhages originating in the perinatal period,PHO
P26.9,Unspecified pulmonary haemorrhage originating in the perinatal period,PHO NOS
P27,Chronic respiratory disease originating in the perinatal period,CRD
P27.0,Wilson–Mikity syndrome Pulmonary dysmaturity,WSP
P27.1,Bronchopulmonary dysplasia originating in the perinatal period,BDO
P27.8,Other chronic respiratory diseases originating in the perinatal period Congenital pulmonary fibrosis Ventilator lung in newborn,CRD
P27.9,Unspecified chronic respiratory disease originating in the perinatal period,CRD NOS
P28,Other respiratory conditions originating in the perinatal period,RCO
P28.0,Primary atelectasis of newborn Primary failure to expand terminal respiratory units Pulmonary: • hypoplasia associated with short gestation • immaturity NOS,PAN NOS
P28.1,Other and unspecified atelectasis of newborn Atelectasis: • NOS • partial • secondary Resorption atelectasis without respiratory distress syndrome,ANA NOS
P28.2,Cyanotic attacks of newborn,CAN
P28.3,Primary sleep apnoea of newborn Sleep apnoea of newborn: • central • NOS • obstructive,PSA NOS
P28.4,"Other apnoea of newborn Apnoea (of): • newborn, obstructive • prematurity",ANA
P28.5,Respiratory failure of newborn,RFN
P28.8,Other specified respiratory conditions of newborn Congenital (laryngeal) stridor NOS Snuffles in newborn,RCN NOS
P28.9,"Respiratory condition of newborn, unspecified",RCN NOS
P29,Cardiovascular disorders originating in the perinatal period,CDO
P29.0,Neonatal cardiac failure,NCF
P29.1,Neonatal cardiac dysrhythmia,NCD
P29.2,Neonatal hypertension,HTN
P29.3,Persistent fetal circulation Delayed closure of ductus arteriosus Pulmonary hypertension of newborn (persistent),HTN
P29.4,Transient myocardial ischaemia of newborn,TMI
P29.8,Other cardiovascular disorders originating in the perinatal period,CDO
P29.9,"Cardiovascular disorder originating in the perinatal period, unspecified Infections specific to the perinatal period (P35–P39)",CDO NOS
P35,Congenital viral diseases,CVD
P35.0,Congenital rubella syndrome Congenital rubella pneumonitis,CRS
P35.1,Congenital cytomegalovirus infection,CCI
P35.2,Congenital herpesviral [herpes simplex] infection,CHI
P35.3,Congenital viral hepatitis,CVH
P35.8,Other congenital viral diseases Congenital varicella [chickenpox],CVD
P35.9,"Congenital viral disease, unspecified",CVD NOS
P35–P39,Infections specific to the perinatal period,ISP
P36,Bacterial sepsis of newborn,BSN
P36.0,"Sepsis of newborn due to Streptococcus, group B",SNS
P36.1,Sepsis of newborn due to other and unspecified Streptococci,SNS NOS
P36.2,Sepsis of newborn due to Staphylococcus aureus,SNS
P36.3,Sepsis of newborn due to other and unspecified staphylococci,SNS NOS
P36.4,Sepsis of newborn due to Escherichia coli,SNE
P36.5,Sepsis of newborn due to anaerobes,SNA
P36.8,Other bacterial sepsis of newborn,BSN
P36.9,"Bacterial sepsis of newborn, unspecified",BSN NOS
P37,Other congenital infectious and parasitic diseases,CIP
P37.0,Congenital tuberculosis,TB
P37.1,Congenital toxoplasmosis Hydrocephalus due to congenital toxoplasmosis,CTH
P37.2,Neonatal (disseminated) listeriosis,NL
P37.3,Congenital falciparum malaria,CFM
P37.4,Other congenital malaria,CM
P37.5,Neonatal candidiasis,NC
P37.8,Other specified congenital infectious and parasitic diseases,CIP
P37.9,"Congenital infectious and parasitic disease, unspecified",CIP NOS
P38,Omphalitis of newborn with or without mild haemorrhage,ONO
P39,Other infections specific to the perinatal period,ISP
P39.0,Neonatal infective mastitis,NIM
P39.1,Neonatal conjunctivitis and dacryocystitis Neonatal chlamydial conjunctivitis Ophthalmia neonatorum NOS,NCD NOS
P39.2,"Intra-amniotic infection of fetus, not elsewhere classified",IIF
P39.3,Neonatal urinary tract infection,UTI
P39.4,Neonatal skin infection Neonatal pyoderma,NSI
P39.8,Other specified infections specific to the perinatal period,ISP
P39.9,"Infection specific to the perinatal period, unspecified Haemorrhagic and haematological disorders of fetus and newborn (P50–P61)",ISP NOS
P50,Fetal blood loss,FBL
P50.0,Fetal blood loss from vasa praevia,FBL
P50.1,Fetal blood loss from ruptured cord,FBL
P50.2,Fetal blood loss from placenta,FBL
P50.3,Haemorrhage into co-twin,HIC
P50.4,Haemorrhage into maternal circulation,HIM
P50.5,Fetal blood loss from cut end of co-twin’s cord,FBL
P50.8,Other fetal blood loss,FBL
P50.9,"Fetal blood loss, unspecified Fetal haemorrhage NOS",FBL NOS
P50–P61,Haemorrhagic and haematological disorders of fetus and newborn,HHD
P51,Umbilical haemorrhage of newborn,UHN
P51.0,Massive umbilical haemorrhage of newborn,MUH
P51.8,Other umbilical haemorrhages of newborn Slipped umbilical ligature NOS,UHN NOS
P51.9,"Umbilical haemorrhage of newborn, unspecified",UHN NOS
P52,Intracranial nontraumatic haemorrhage of fetus and newborn,INH
P52.0,"Intraventricular (nontraumatic) haemorrhage, grade 1, of fetus and newborn Subependymal haemorrhage (without intraventricular extension)",IHG
P52.1,"Intraventricular (nontraumatic) haemorrhage, grade 2, of fetus and newborn Subependymal haemorrhage with intraventricular extension",IHG
P52.2,"Intraventricular (nontraumatic) haemorrhage, grade 3 and grade 4 of fetus and newborn Subependymal haemorrhage with both intraventricular and intracerebral extension",IHG
P52.3,Unspecified intraventricular (nontraumatic) haemorrhage of fetus and newborn,IHF NOS
P52.4,Intracerebral (nontraumatic) haemorrhage of fetus and newborn,IHF
P52.5,Subarachnoid (nontraumatic) haemorrhage of fetus and newborn,SHF
P52.6,Cerebellar (nontraumatic) and posterior fossa haemorrhage of fetus and newborn,CPF
P52.8,Other intracranial (nontraumatic) haemorrhages of fetus and newborn,IHF
P52.9,"Intracranial (nontraumatic) haemorrhage of fetus and newborn, unspecified",IHF NOS
P53,Haemorrhagic disease of fetus and newborn,HDF
P54,Other neonatal haemorrhages,NH
P54.0,Neonatal haematemesis,NH
P54.1,Neonatal melaena,NM
P54.2,Neonatal rectal haemorrhage,NRH
P54.3,Other neonatal gastrointestinal haemorrhage,NGH
P54.4,Neonatal adrenal haemorrhage,NAH
P54.5,Neonatal cutaneous haemorrhage Bruising Ecchymoses in fetus or newborn Petechiae Superficial haematomata,NCH
P54.6,Neonatal vaginal haemorrhage Pseudomenses,NVH
P54.8,Other specified neonatal haemorrhages,NH
P54.9,"Neonatal haemorrhage, unspecified",NH NOS
P55,Haemolytic disease of fetus and newborn,HDF
P55.0,Rh isoimmunization of fetus and newborn,RIF
P55.1,ABO isoimmunization of fetus and newborn,AIF
P55.8,Other haemolytic diseases of fetus and newborn,HDF
P55.9,"Haemolytic disease of fetus and newborn, unspecified",HDF NOS
P55–P59,icterus of fetus and newborn,IFN
P56,Hydrops fetalis due to haemolytic disease,HFH
P56.0,Hydrops fetalis due to isoimmunization,HFI
P56.9,Hydrops fetalis due to other and unspecified haemolytic disease,HFH NOS
P57,Kernicterus,KERN
P57.0,Kernicterus due to isoimmunization,KI
P57.8,Other specified kernicterus,KERN
P57.9,"Kernicterus, unspecified",KERN NOS
P58,Neonatal jaundice due to other excessive haemolysis,NJE
P58.0,Neonatal jaundice due to bruising,NJB
P58.1,Neonatal jaundice due to bleeding,NJB
P58.2,Neonatal jaundice due to infection,NJI
P58.3,Neonatal jaundice due to polycythaemia,NJP
P58.4,Neonatal jaundice due to drugs or toxins transmitted from mother or given to newborn,NJD
P58.5,Neonatal jaundice due to swallowed maternal blood,NJS
P58.8,Neonatal jaundice due to other specified excessive haemolysis,NJE
P58.9,"Neonatal jaundice due to excessive haemolysis, unspecified",NJE NOS
P59,Neonatal jaundice from other and unspecified causes,NJF NOS
P59.0,Neonatal jaundice associated with preterm delivery Hyperbilirubinaemia of prematurity Jaundice due to delayed conjugation associated with preterm delivery,NJA
P59.1,Inspissated bile syndrome,IBS
P59.2,Neonatal jaundice from other and unspecified hepatocellular damage Fetal or neonatal giant cell hepatitis Fetal or neonatal (idiopathic) hepatitis,NJF NOS
P59.3,Neonatal jaundice from breast milk inhibitor,NJF
P59.8,Neonatal jaundice from other specified causes,NJF
P59.9,"Neonatal jaundice, unspecified Physiological jaundice (intense)(prolonged) NOS",NJP NOS
P60,Disseminated intravascular coagulation of fetus and newborn,DIC
P61,Other perinatal haematological disorders,PHD
P61.0,Transient neonatal thrombocytopenia Neonatal thrombocytopenia due to: • exchange transfusion • idiopathic maternal thrombocytopenia • isoimmunization,TNT
P61.1,Polycythaemia neonatorum,PN
P61.2,Anaemia of prematurity,AP
P61.3,Congenital anaemia from fetal blood loss,CAF
P61.4,"Other congenital anaemias, not elsewhere classified Congenital anaemia NOS",CAN NOS
P61.5,Transient neonatal neutropenia,TNN
P61.6,Other transient neonatal disorders of coagulation,TND
P61.8,Other specified perinatal haematological disorders,PHD
P61.9,"Perinatal haematological disorder, unspecified Transitory endocrine and metabolic disorders specific to fetus and newborn (P70–P74)",PHD NOS
P70,Transitory disorders of carbohydrate metabolism specific to fetus and newborn,TDC
P70.0,Syndrome of infant of mother with gestational diabetes Fetus or newborn (with hypoglycaemia) affected by maternal gestational diabetes,SIM
P70.1,Syndrome of infant of a diabetic mother Fetus or newborn (with hypoglyacemia) affected by maternal diabetes mellitus (pre-existing),DM
P70.2,Neonatal diabetes mellitus,DM
P70.3,Iatrogenic neonatal hypoglycaemia,INH
P70.4,Other neonatal hypoglycaemia Transitory neonatal hypoglycaemia,NHT
P70.8,Other transitory disorders of carbohydrate metabolism of fetus and newborn,TDC
P70.9,"Transitory disorder of carbohydrate metabolism of fetus and newborn, unspecified",TDC NOS
P70–P74,• maternal endocrine and metabolic disorders • noxious influences transmitted via placenta or breast milk (P04.-),•ME
P71,Transitory neonatal disorders of calcium and magnesium metabolism,TND
P71.0,Cow’s milk hypocalcaemia in newborn,CMH
P71.1,Other neonatal hypocalcaemia,NH
P71.2,Neonatal hypomagnesaemia,NH
P71.3,Neonatal tetany without calcium or magnesium deficiency Neonatal tetany NOS,NTW NOS
P71.4,Transitory neonatal hypoparathyroidism,TNH
P71.8,Other transitory neonatal disorders of calcium and magnesium metabolism,TND
P71.9,"Transitory neonatal disorder of calcium and magnesium metabolism, unspecified",TND NOS
P72,Other transitory neonatal endocrine disorders,TNE
P72.0,"Neonatal goitre, not elsewhere classified Transitory congenital goitre with normal function",NGN
P72.1,Transitory neonatal hyperthyroidism Neonatal thyrotoxicosis,TNH
P72.2,"Other transitory neonatal disorders of thyroid function, not elsewhere classified Transitory neonatal hypothyroidism",TND
P72.8,Other specified transitory neonatal endocrine disorders,TNE
P72.9,"Transitory neonatal endocrine disorder, unspecified",TNE NOS
P74,Other transitory neonatal electrolyte and metabolic disturbances,TNE
P74.0,Late metabolic acidosis of newborn,LMA
P74.1,Dehydration of newborn,DN
P74.2,Disturbances of sodium balance of newborn,DSB
P74.3,Disturbances of potassium balance of newborn,DPB
P74.4,Other transitory electrolyte disturbances of newborn,TED
P74.5,Transitory tyrosinaemia of newborn,TTN
P74.8,Other transitory metabolic disturbances of newborn,TMD
P74.9,"Transitory metabolic disturbance of newborn, unspecified Digestive system disorders of fetus and newborn (P75–P78)",TMD NOS
P75*,Meconium ileus in cystic fibrosis (E84.1†),MII
P75–P78,Digestive system disorders of fetus and newborn,DSD
P76,Other intestinal obstruction of newborn,ION
P76.0,Meconium plug syndrome Meconium ileus in cases where cystic fibrosis is known not to be present.,MPS
P76.1,Transitory ileus of newborn,TIN
P76.2,Intestinal obstruction due to inspissated milk,IOI
P76.8,Other specified intestinal obstruction of newborn,ION
P76.9,"Intestinal obstruction of newborn, unspecified",ION NOS
P77,Necrotizing enterocolitis of fetus and newborn,NEF
P78,Other perinatal digestive system disorders,PDS
P78.0,Perinatal intestinal perforation Meconium peritonitis,PIP
P78.1,Other neonatal peritonitis Neonatal peritonitis NOS,NPN NOS
P78.2,Neonatal haematemesis and melaena due to swallowed maternal blood,NHM
P78.3,Noninfective neonatal diarrhoea,NND
P78.8,Other specified perinatal digestive system disorders Congenital cirrhosis (of liver) Neonatal oesophageal reflux Peptic ulcer of newborn,PDS
P78.9,"Perinatal digestive system disorder, unspecified Conditions involving the integument and temperature regulation of fetus and newborn (P80–P83)",PDS NOS
P80,Hypothermia of newborn,HN
P80.0,"Cold injury syndrome Severe and usually chronic hypothermia associated with a pink flushed appearance, oedema and neurological and biochemical abnormalities",CIS
P80.8,Other hypothermia of newborn Mild hypothermia of newborn,HNM
P80.9,"Hypothermia of newborn, unspecified",HN NOS
P80–P83,Conditions involving the integument and temperature regulation of fetus and newborn,CII
P81,Other disturbances of temperature regulation of newborn,DTR
P81.0,Environmental hyperthermia of newborn,EHN
P81.8,Other specified disturbances of temperature regulation of newborn,DTR
P81.9,"Disturbance of temperature regulation of newborn, unspecified Fever of newborn NOS",DTR NOS
P83,Other conditions of integument specific to fetus and newborn,CIS
P83.0,Sclerema neonatorum,SN
P83.1,Neonatal erythema toxicum,NET
P83.2,Hydrops fetalis not due to haemolytic disease Hydrops fetalis NOS,HFN NOS
P83.3,Other and unspecified oedema specific to fetus and newborn,OSF NOS
P83.4,Breast engorgement of newborn Noninfective mastitis of newborn,BEN
P83.5,Congenital hydrocele,CH
P83.6,Umbilical polyp of newborn,UPN
P83.8,Other specified conditions of integument specific to fetus and newborn Bronze baby syndrome Neonatal scleroderma Urticaria neonatorum,CIS
P83.9,"Condition of integument specific to fetus and newborn, unspecified Other disorders originating in the perinatal period (P90–P96)",CIS NOS
P90,Convulsions of newborn,CN
P90–P96,Other disorders originating in the perinatal period Asterisk categories for this chapter are provided as follows:,DOI
P91,Other disturbances of cerebral status of newborn,DCS
P91.0,Neonatal cerebral ischaemia,NCI
P91.1,Acquired periventricular cysts of newborn,APC
P91.2,Neonatal cerebral leukomalacia,NCL
P91.3,Neonatal cerebral irritability,NCI
P91.4,Neonatal cerebral depression,NCD
P91.5,Neonatal coma,NC
P91.6,Hypoxic ischaemic encephalopathy of newborn,HIE
P91.7,Acquired hydrocephalus of newborn Posthaemorrhagic hydrocephalus of newborn,AHN
P91.8,Other specified disturbances of cerebral status of newborn,DCS
P91.9,"Disturbance of cerebral status of newborn, unspecified",DCS NOS
P92,Feeding problems of newborn,FPN
P92.0,Vomiting in newborn,VIN
P92.1,Regurgitation and rumination in newborn,RRI
P92.2,Slow feeding of newborn,SFN
P92.3,Underfeeding of newborn,UN
P92.4,Overfeeding of newborn,ON
P92.5,Neonatal difficulty in feeding at breast,NDI
P92.8,Other feeding problems of newborn,FPN
P92.9,"Feeding problem of newborn, unspecified",FPN NOS
P93,Reactions and intoxications due to drugs administered to fetus and newborn,RID
P94,Disorders of muscle tone of newborn,DMT
P94.0,Transient neonatal myasthenia gravis,TNM
P94.1,Congenital hypertonia,CH
P94.2,Congenital hypotonia Nonspecific floppy baby syndrome,CHN
P94.8,Other disorders of muscle tone of newborn,DMT
P94.9,"Disorder of muscle tone of newborn, unspecified",DMT NOS
P95,Fetal death of unspecified cause,FDC NOS
P96,Other conditions originating in the perinatal period,COI
P96.0,Congenital renal failure Uraemia of newborn,CRF
P96.1,Neonatal withdrawal symptoms from maternal use of drugs of addiction Drug withdrawal syndrome in infant of dependent mother Neonatal abstinence syndrome,NWS
P96.2,Withdrawal symptoms from therapeutic use of drugs in newborn,WSF
P96.3,Wide cranial sutures of newborn Neonatal craniotabes,WCS
P96.4,"Termination of pregnancy, affecting fetus and newborn",TPA
P96.5,"Complications of intrauterine procedures, not elsewhere classified",CIP
P96.8,Other specified conditions originating in the perinatal period,COI
P96.9,"Condition originating in the perinatal period, unspecified Congenital debility NOS",COI NOS
Q00,Anencephaly and similar malformations,ASM
Q00.0,Anencephaly Acephaly Acrania Amyelencephaly Hemianencephaly Hemicephaly,AAA
Q00.1,Craniorachischisis,CRAN
Q00.2,Iniencephaly,INIE
Q00–Q07,Congenital malformations of the nervous system,CMN
Q01,Encephalocele,ENCE
Q01.0,Frontal encephalocele,FE
Q01.1,Nasofrontal encephalocele,NE
Q01.2,Occipital encephalocele,OE
Q01.8,Encephalocele of other sites,ES
Q01.9,"Encephalocele, unspecified",ENCE NOS
Q02,Microcephaly,MICR
Q03,Congenital hydrocephalus,CH
Q03.0,"Malformations of aqueduct of Sylvius Aqueduct of Sylvius: • anomaly • obstruction, congenital • stenosis",MAS NOS
Q03.1,Atresia of foramina of Magendie and Luschka Dandy–Walker syndrome,AFM
Q03.8,Other congenital hydrocephalus,CH
Q03.9,"Congenital hydrocephalus, unspecified",CH NOS
Q04,Other congenital malformations of brain,CMB
Q04.0,Congenital malformations of corpus callosum Agenesis of corpus callosum,CMC
Q04.1,Arhinencephaly,ARHI
Q04.2,Holoprosencephaly,HOLO
Q04.3,Other reduction deformities of brain Absence Agenesis of part of brain Aplasia Hypoplasia Agyria Hydranencephaly Lissencephaly Microgyria Pachygyria,RDB
Q04.4,Septo-optic dysplasia,SD
Q04.5,Megalencephaly,MEGA
Q04.6,Congenital cerebral cysts Porencephaly Schizencephaly,CCC
Q04.8,Other specified congenital malformations of brain Macrogyria,CMB
Q04.9,"Congenital malformation of brain, unspecified Congenital: • anomaly • deformity NOS of brain • disease or lesion • multiple anomalies",CMB NOS
Q05,Spina bifida,SB
Q05.0,Cervical spina bifida with hydrocephalus,CSB
Q05.1,Thoracic spina bifida with hydrocephalus Spina bifida: • dorsal with hydrocephalus • thoracolumbar,TSB
Q05.2,Lumbar spina bifida with hydrocephalus Lumbosacral spina bifida with hydrocephalus,LSB
Q05.3,Sacral spina bifida with hydrocephalus,SSB
Q05.4,Unspecified spina bifida with hydrocephalus,SBH NOS
Q05.5,Cervical spina bifida without hydrocephalus,CSB
Q05.6,Thoracic spina bifida without hydrocephalus Spina bifida: • dorsal NOS • thoracolumbar NOS,TSB NOS
Q05.7,Lumbar spina bifida without hydrocephalus Lumbosacral spina bifida NOS,LSB NOS
Q05.8,Sacral spina bifida without hydrocephalus,SSB
Q05.9,"Spina bifida, unspecified",SB NOS
Q06,Other congenital malformations of spinal cord,CMS
Q06.0,Amyelia,AMYE
Q06.1,Hypoplasia and dysplasia of spinal cord Atelomyelia Myelatelia Myelodysplasia of spinal cord,HDS
Q06.2,Diastematomyelia,DIAS
Q06.3,Other congenital cauda equina malformations,CCE
Q06.4,Hydromyelia Hydrorachis,HH
Q06.8,Other specified congenital malformations of spinal cord,CMS
Q06.9,"Congenital malformation of spinal cord, unspecified Congenital: • anomaly NOS of spinal cord or meninges • deformity • disease or lesion",CMS NOS
Q07,Other congenital malformations of nervous system,CMN
Q07.0,Arnold–Chiari syndrome,AS
Q07.8,Other specified congenital malformations of nervous system Agenesis of nerve Displacement of brachial plexus Jaw-winking syndrome Marcus Gunn syndrome,CMN
Q07.9,"Congenital malformation of nervous system, unspecified Congenital: • anomaly NOS of nervous system • deformity • disease or lesion Congenital malformations of eye, ear, face and neck (Q10–Q18)",CMN NOS
Q10,"Congenital malformations of eyelid, lacrimal apparatus and orbit",CME
Q10.0,Congenital ptosis,CP
Q10.1,Congenital ectropion,CE
Q10.2,Congenital entropion,CE
Q10.3,"Other congenital malformations of eyelid Ablepharon Absence or agenesis of: • cilia • eyelid Accessory: • eyelid • eye muscle Blepharophimosis, congenital Coloboma of eyelid Congenital malformation of eyelid NOS",CME NOS
Q10.4,Absence and agenesis of lacrimal apparatus Absence of punctum lacrimale,AAL
Q10.5,Congenital stenosis and stricture of lacrimal duct,CSS NOS
Q10.6,Other congenital malformations of lacrimal apparatus Congenital malformation of lacrimal apparatus NOS,CML NOS
Q10.7,Congenital malformation of orbit,CMO
Q10–Q18,"Congenital malformations of eye, ear, face and neck",CME
Q11,"Anophthalmos, microphthalmos and macrophthalmos",AMM
Q11.0,Cystic eyeball,CE
Q11.1,Other anophthalmos Agenesis of eye Aplasia,AAE
Q11.2,Microphthalmos Cryptophthalmos NOS Dysplasia of eye Hypoplasia of eye Rudimentary eye,MCN NOS
Q11.3,Macrophthalmos,MACR
Q12,Congenital lens malformations,CLM
Q12.0,Congenital cataract,CC
Q12.1,Congenital displaced lens,CDL
Q12.2,Coloboma of lens,CL
Q12.3,Congenital aphakia,CA
Q12.4,Spherophakia,SPHE
Q12.8,Other congenital lens malformations,CLM
Q12.9,"Congenital lens malformation, unspecified",CLM NOS
Q13,Congenital malformations of anterior segment of eye,CMA
Q13.0,Coloboma of iris Coloboma NOS,CIC NOS
Q13.1,Absence of iris Aniridia,AIA
Q13.2,"Other congenital malformations of iris Anisocoria, congenital Atresia of pupil Congenital malformation of iris NOS Corectopia",CMI NOS
Q13.3,Congenital corneal opacity,CCO
Q13.4,Other congenital corneal malformations Congenital malformation of cornea NOS Microcornea Peter anomaly,CCM NOS
Q13.5,Blue sclera,BS
Q13.8,Other congenital malformations of anterior segment of eye Rieger anomaly,CMA
Q13.9,"Congenital malformation of anterior segment of eye, unspecified",CMA NOS
Q14,Congenital malformations of posterior segment of eye,CMP
Q14.0,Congenital malformation of vitreous humour Congenital vitreous opacity,CMV
Q14.1,Congenital malformation of retina Congenital retinal aneurysm,CMR
Q14.2,Congenital malformation of optic disc Coloboma of optic disc,CMO
Q14.3,Congenital malformation of choroid,CMC
Q14.8,Other congenital malformations of posterior segment of eye Coloboma of the fundus,CMP
Q14.9,"Congenital malformation of posterior segment of eye, unspecified",CMP NOS
Q15,Other congenital malformations of eye,CME
Q15.0,"Congenital glaucoma Buphthalmos Glaucoma of newborn Hydrophthalmos Keratoglobus, congenital, with glaucoma Macrocornea with glaucoma Macrophthalmos in congenital glaucoma Megalocornea with glaucoma",CGB
Q15.8,Other specified congenital malformations of eye,CME
Q15.9,"Congenital malformation of eye, unspecified Congenital: • anomaly NOS of eye • deformity",CME NOS
Q16,Congenital malformations of ear causing impairment of hearing,CME
Q16.0,Congenital absence of (ear) auricle,CAA
Q16.1,"Congenital absence, atresia and stricture of auditory canal (external) Atresia or stricture of osseous meatus",CAA
Q16.2,Absence of eustachian tube,AET
Q16.3,Congenital malformation of ear ossicles Fusion of ear ossicles,CME
Q16.4,Other congenital malformations of middle ear Congenital malformation of middle ear NOS,CMM NOS
Q16.5,Congenital malformation of inner ear Anomaly: • membranous labyrinth • organ of Corti,CMI
Q16.9,"Congenital malformation of ear causing impairment of hearing, unspecified Congenital absence of ear NOS",CME NOS
Q17,Other congenital malformations of ear,CME
Q17.0,Accessory auricle Accessory tragus Polyotia Preauricular appendage or tag Supernumerary: • ear • lobule,AAA
Q17.1,Macrotia,MACR
Q17.2,Microtia,MICR
Q17.3,Other misshapen ear Pointed ear,MEP
Q17.4,Misplaced ear Low-set ears,MEL
Q17.5,Prominent ear Bat ear,PEB
Q17.8,Other specified congenital malformations of ear Congenital absence of lobe of ear,CME
Q17.9,"Congenital malformation of ear, unspecified Congenital anomaly of ear NOS",CME NOS
Q18,Other congenital malformations of face and neck,CMF
Q18.0,"Sinus, fistula and cyst of branchial cleft Branchial vestige",SFC
Q18.1,"Preauricular sinus and cyst Fistula (of): • auricle, congenital • cervicoaural Pretragal sinus and cyst",PSC
Q18.2,Other branchial cleft malformations Branchial cleft malformation NOS Cervical auricle Otocephaly,BCM NOS
Q18.3,Webbing of neck Pterygium colli,WNP
Q18.4,Macrostomia,MACR
Q18.5,Microstomia,MICR
Q18.6,"Macrocheilia Hypertrophy of lip, congenital",MHL
Q18.7,Microcheilia,MICR
Q18.8,Other specified congenital malformations of face and neck Medial: • cyst of face and neck • fistula • sinus,CMF
Q18.9,"Congenital malformation of face and neck, unspecified Congenital anomaly NOS of face and neck Congenital malformations of the circulatory system (Q20–Q28)",CMF NOS
Q20,Congenital malformations of cardiac chambers and connections,CMC
Q20.0,Common arterial trunk Persistent truncus arteriosus,CAT
Q20.1,Double outlet right ventricle Taussig–Bing syndrome,DOR
Q20.2,Double outlet left ventricle,DOL
Q20.3,Discordant ventriculoarterial connection Dextrotransposition of aorta Transposition of great vessels (complete),DVC
Q20.4,Double inlet ventricle Common ventricle Cor triloculare biatriatum Single ventricle,DIV
Q20.5,Discordant atrioventricular connection Corrected transposition Laevotransposition Ventricular inversion,DAC
Q20.6,Isomerism of atrial appendages Isomerism of atrial appendages with asplenia or polysplenia,IAA
Q20.8,Other congenital malformations of cardiac chambers and connections,CMC
Q20.9,"Congenital malformation of cardiac chambers and connections, unspecified",CMC NOS
Q20–Q28,Congenital malformations of the circulatory system,CMC
Q21,Congenital malformations of cardiac septa,CMC
Q21.0,Ventricular septal defect,VSD
Q21.1,Atrial septal defect Coronary sinus defect Patent or persistent: • foramen ovale • ostium secundum defect (type II) Sinus venosus defect,ASD NOS
Q21.2,Atrioventricular septal defect Common atrioventricular canal Endocardial cushion defect Ostium primum atrial septal defect (type I),ASD
Q21.3,"Tetralogy of Fallot Ventricular septal defect with pulmonary stenosis or atresia, dextroposition of aorta and hypertrophy of right ventricle.",TFV NOS
Q21.4,Aortopulmonary septal defect Aortic septal defect Aortopulmonary window,ASD
Q21.8,Other congenital malformations of cardiac septa Eisenmenger defect Pentalogy of Fallot,CMC
Q21.9,"Congenital malformation of cardiac septum, unspecified Septal (heart) defect NOS",CMC NOS
Q22,Congenital malformations of pulmonary and tricuspid valves,CMP
Q22.0,Pulmonary valve atresia,PVA
Q22.1,Congenital pulmonary valve stenosis,CPV NOS
Q22.2,Congenital pulmonary valve insufficiency Congenital pulmonary valve regurgitation,CPV
Q22.3,Other congenital malformations of pulmonary valve Congenital malformation of pulmonary valve NOS,CMP NOS
Q22.4,Congenital tricuspid stenosis Tricuspid atresia,CTS NOS
Q22.5,Ebstein’s anomaly,EA
Q22.6,Hypoplastic right heart syndrome,HRH
Q22.8,Other congenital malformations of tricuspid valve,CMT
Q22.9,"Congenital malformation of tricuspid valve, unspecified",CMT NOS
Q23,Congenital malformations of aortic and mitral valves,CMA
Q23.0,Congenital stenosis of aortic valve Congenital aortic: • atresia • stenosis,CSA NOS
Q23.1,Congenital insufficiency of aortic valve Bicuspid aortic valve Congenital aortic insufficiency,CIA
Q23.2,Congenital mitral stenosis Congenital mitral atresia,CMS NOS
Q23.3,Congenital mitral insufficiency,CMI
Q23.4,"Hypoplastic left heart syndrome Atresia, or marked hypoplasia of aortic orifice or valve, with hypoplasia of ascending aorta and defective development of left ventricle (with mitral valve stenosis or atresia)",HLH NOS
Q23.8,Other congenital malformations of aortic and mitral valves,CMA
Q23.9,"Congenital malformation of aortic and mitral valves, unspecified",CMA NOS
Q24,Other congenital malformations of heart,CMH
Q24.0,Dextrocardia,DEXT
Q24.1,"Laevocardia Location of heart in left hemithorax with apex pointing to the left, but with situs inversus of other viscera and defects of the heart, or corrected transposition of great vessels.",LLH
Q24.2,Cor triatriatum,CT
Q24.3,Pulmonary infundibular stenosis,PIS NOS
Q24.4,Congenital subaortic stenosis,CSS NOS
Q24.5,Malformation of coronary vessels Congenital coronary (artery) aneurysm,MCV
Q24.6,Congenital heart block,CHB
Q24.8,Other specified congenital malformations of heart Congenital: • diverticulum of left ventricle • malformation of: – myocardium – pericardium Malposition of heart Uhl disease,CMH
Q24.9,"Congenital malformation of heart, unspecified Congenital: • anomaly NOS of heart • disease",CMH NOS
Q25,Congenital malformations of great arteries,CMG
Q25.0,Patent ductus arteriosus Patent ductus Botalli Persistent ductus arteriosus,PDA
Q25.1,Coarctation of aorta Coarctation of aorta (preductal)(postductal),CAC
Q25.2,Atresia of aorta,AA
Q25.3,Stenosis of aorta Supravalvular aortic stenosis,SAS NOS
Q25.4,Other congenital malformations of aorta Absence Aplasia Congenital: of aorta • aneurysm • dilatation Aneurysm of sinus of Valsalva (ruptured) Double aortic arch [vascular ring of aorta] Hypoplasia of aorta Persistent: • convolutions of aortic arch • right aortic arch,CMA
Q25.5,Atresia of pulmonary artery,APA
Q25.6,Stenosis of pulmonary artery Supravalvular pulmonary stenosis,SPA NOS
Q25.7,"Other congenital malformations of pulmonary artery Aberrant pulmonary artery Agenesis Aneurysm, congenital of pulmonary artery Anomaly Hypoplasia Pulmonary arteriovenous aneurysm",CMP
Q25.8,Other congenital malformations of great arteries,CMG
Q25.9,"Congenital malformation of great arteries, unspecified",CMG NOS
Q26,Congenital malformations of great veins,CMG
Q26.0,Congenital stenosis of vena cava Congenital stenosis of vena cava (inferior)(superior),CSV NOS
Q26.1,Persistent left superior vena cava,PLS
Q26.2,Total anomalous pulmonary venous connection,TAP
Q26.3,Partial anomalous pulmonary venous connection,PAP
Q26.4,"Anomalous pulmonary venous connection, unspecified",APV NOS
Q26.5,Anomalous portal venous connection,APV
Q26.6,Portal vein–hepatic artery fistula,PVA
Q26.8,Other congenital malformations of great veins Absence of vena cava (inferior)(superior) Azygos continuation of inferior vena cava Persistent left posterior cardinal vein Scimitar syndrome,CMG
Q26.9,"Congenital malformation of great vein, unspecified Anomaly of vena cava (inferior)(superior) NOS",CMG NOS
Q27,Other congenital malformations of peripheral vascular system,CMP
Q27.0,Congenital absence and hypoplasia of umbilical artery Single umbilical artery,CAH
Q27.1,Congenital renal artery stenosis,CRA NOS
Q27.2,Other congenital malformations of renal artery Congenital malformation of renal artery NOS Multiple renal arteries,CMR NOS
Q27.3,Peripheral arteriovenous malformation Arteriovenous aneurysm,PAM
Q27.4,Congenital phlebectasia,CP
Q27.8,"Other specified congenital malformations of peripheral vascular system Aberrant subclavian artery Absence of artery or vein NEC Atresia Congenital: • aneurysm (peripheral) • stricture, artery • varix",CMP
Q27.9,"Congenital malformation of peripheral vascular system, unspecified Anomaly of artery or vein NOS",CMP NOS
Q28,Other congenital malformations of circulatory system,CMC
Q28.0,Arteriovenous malformation of precerebral vessels Congenital arteriovenous precerebral aneurysm (nonruptured),AMP
Q28.1,Other malformations of precerebral vessels Congenital: • malformation of precerebral vessels NOS • precerebral aneurysm (nonruptured),MPV NOS
Q28.2,Arteriovenous malformation of cerebral vessels Arteriovenous malformation of brain NOS Congenital arteriovenous cerebral aneurysm (nonruptured),AMC NOS
Q28.3,Other malformations of cerebral vessels Congenital: • cerebral aneurysm (nonruptured) • malformation of cerebral vessels NOS,MCV NOS
Q28.8,"Other specified congenital malformations of circulatory system Congenital aneurysm, specified site NEC",CMC
Q28.9,"Congenital malformation of circulatory system, unspecified Congenital malformations of the respiratory system (Q30–Q34)",CMC NOS
Q30,Congenital malformations of nose,CMN NOS
Q30.0,Choanal atresia Atresia of nares (anterior)(posterior) Congenital stenosis,CAA NOS
Q30.1,Agenesis and underdevelopment of nose Congenital absence of nose,AUN NOS
Q30.2,"Fissured, notched and cleft nose",FNC NOS
Q30.3,Congenital perforated nasal septum,CPN
Q30.8,Other congenital malformations of nose Accessory nose Congenital anomaly of nasal sinus wall,CMN NOS
Q30.9,"Congenital malformation of nose, unspecified",CMN NOS
Q30–Q34,Congenital malformations of the respiratory system,CMR
Q31,Congenital malformations of larynx,CML
Q31.0,Web of larynx Web of larynx: • NOS • glottic • subglottic,WLW NOS
Q31.1,Congenital subglottic stenosis,CSS NOS
Q31.2,Laryngeal hypoplasia,LH
Q31.3,Laryngocele,LARY
Q31.5,Congenital laryngomalacia,CL
Q31.8,"Other congenital malformations of larynx Absence of cricoid cartilage, epiglottis, Agenesis glottis, larynx or thyroid cartilage Atresia Cleft thyroid cartilage Congenital stenosis of larynx NEC Fissure of epiglottis Posterior cleft of cricoid cartilage",CML NOS
Q31.9,"Congenital malformation of larynx, unspecified",CML NOS
Q32,Congenital malformations of trachea and bronchus,CMT
Q32.0,Congenital tracheomalacia,CT
Q32.1,Other congenital malformations of trachea Anomaly of tracheal cartilage Atresia of trachea Congenital: • dilatation of trachea • malformation • stenosis Congenital tracheocele,CMT NOS
Q32.2,Congenital bronchomalacia,CB
Q32.3,Congenital stenosis of bronchus,CSB NOS
Q32.4,Other congenital malformations of bronchus Absence Agenesis Atresia of bronchus Congenital malformation NOS Diverticulum,CMB NOS
Q33,Congenital malformations of lung,CML
Q33.0,Congenital cystic lung Congenital: • honeycomb lung • lung disease: – cystic – polycystic,CCL
Q33.1,Accessory lobe of lung,ALL
Q33.2,Sequestration of lung,SL
Q33.3,Agenesis of lung Absence of lung (lobe),ALA
Q33.4,Congenital bronchiectasis,CB
Q33.5,Ectopic tissue in lung,ETI
Q33.6,Hypoplasia and dysplasia of lung,HDL
Q33.8,Other congenital malformations of lung,CML
Q33.9,"Congenital malformation of lung, unspecified",CML NOS
Q34,Other congenital malformations of respiratory system,CMR
Q34.0,Anomaly of pleura,AP
Q34.1,Congenital cyst of mediastinum,CCM
Q34.8,Other specified congenital malformations of respiratory system Atresia of nasopharynx,CMR
Q34.9,"Congenital malformation of respiratory system, unspecified Congenital: • absence of respiratory organ • anomaly NOS Cleft lip and cleft palate (Q35–Q37)",CMR NOS
Q35,Cleft palate,CP
Q35.1,Cleft hard palate,CHP
Q35.3,Cleft soft palate,CSP
Q35.5,Cleft hard palate with cleft soft palate,CHP
Q35.7,Cleft uvula,CU
Q35.9,"Cleft palate, unspecified",CP NOS
Q35–Q37,Cleft lip and cleft palate,CLC
Q36,Cleft lip,CL
Q36.0,"Cleft lip, bilateral",CLB
Q36.1,"Cleft lip, median",CLM
Q36.9,"Cleft lip, unilateral Cleft lip NOS",CLU NOS
Q37,Cleft palate with cleft lip,CPC
Q37.0,Cleft hard palate with bilateral cleft lip,CHP
Q37.1,Cleft hard palate with unilateral cleft lip Cleft hard palate with cleft lip NOS,CHP NOS
Q37.2,Cleft soft palate with bilateral cleft lip,CSP
Q37.3,Cleft soft palate with unilateral cleft lip Cleft soft palate with cleft lip NOS,CSP NOS
Q37.4,Cleft hard and soft palate with bilateral cleft lip,CHS
Q37.5,Cleft hard and soft palate with unilateral cleft lip Cleft hard and soft palate with cleft lip NOS,CHS NOS
Q37.8,Unspecified cleft palate with bilateral cleft lip,CPB NOS
Q37.9,Unspecified cleft palate with unilateral cleft lip Cleft palate with cleft lip NOS Other congenital malformations of the digestive system (Q38–Q45),CPU NOS
Q38,"Other congenital malformations of tongue, mouth and pharynx",CMT
Q38.0,"Congenital malformations of lips, not elsewhere classified Congenital: • fistula of lip • malformation of lip NOS Van der Woude syndrome",CML NOS
Q38.1,Ankyloglossia Tongue tie,ATT
Q38.2,Macroglossia,MACR
Q38.3,Other congenital malformations of tongue Aglossia Bifid tongue Congenital: • adhesion of tongue • fissure • malformation NOS Hypoglossia Hypoplasia of tongue Microglossia,CMT NOS
Q38.4,Congenital malformations of salivary glands and ducts Absence Accessory (of) salivary gland or duct Atresia Congenital fistula of salivary gland,CMS
Q38.5,"Congenital malformations of palate, not elsewhere classified Absence of uvula Congenital malformation of palate NOS High arched palate",CMP NOS
Q38.6,Other congenital malformations of mouth Congenital malformation of mouth NOS,CMM NOS
Q38.7,Pharyngeal pouch Diverticulum of pharynx,PPD
Q38.8,Other congenital malformations of pharynx Congenital malformation of pharynx NOS,CMP NOS
Q38–Q45,Other congenital malformations of the digestive system,CMD
Q39,Congenital malformations of oesophagus,CMO
Q39.0,Atresia of oesophagus without fistula Atresia of oesophagus NOS,AOW NOS
Q39.1,Atresia of oesophagus with tracheo-oesophageal fistula Atresia of oesophagus with broncho-oesophageal fistula,AOT
Q39.2,Congenital tracheo-oesophageal fistula without atresia Congenital tracheo-oesophageal fistula NOS,CTF NOS
Q39.3,Congenital stenosis and stricture of oesophagus,CSS NOS
Q39.4,Oesophageal web,OW
Q39.5,Congenital dilatation of oesophagus,CDO
Q39.6,Diverticulum of oesophagus Oesophageal pouch,DOO
Q39.8,Other congenital malformations of oesophagus Absent Congenital displacement (of) oesophagus Duplication,CMO
Q39.9,"Congenital malformation of oesophagus, unspecified",CMO NOS
Q40,Other congenital malformations of upper alimentary tract,CMU
Q40.0,Congenital hypertrophic pyloric stenosis Congenital or infantile: • constriction • hypertrophy of pylorus • spasm • stenosis • stricture,CHP NOS
Q40.1,Congenital hiatus hernia Displacement of cardia through oesophageal hiatus,CHH
Q40.2,Other specified congenital malformations of stomach Congenital: • displacement of stomach • diverticulum of stomach • hourglass stomach Duplication of stomach Megalogastria Microgastria,CMS
Q40.3,"Congenital malformation of stomach, unspecified",CMS NOS
Q40.8,Other specified congenital malformations of upper alimentary tract,CMU
Q40.9,"Congenital malformation of upper alimentary tract, unspecified Congenital: • anomaly NOS of upper alimentary tract • deformity",CMU NOS
Q41,"Congenital absence, atresia and stenosis of small intestine",CAA NOS
Q41.0,"Congenital absence, atresia and stenosis of duodenum",CAA NOS
Q41.1,"Congenital absence, atresia and stenosis of jejunum Apple peel syndrome Imperforate jejunum",CAA NOS
Q41.2,"Congenital absence, atresia and stenosis of ileum",CAA NOS
Q41.8,"Congenital absence, atresia and stenosis of other specified parts of small intestine",CAA NOS
Q41.9,"Congenital absence, atresia and stenosis of small intestine, part unspecified Congenital absence, atresia and stenosis of intestine NOS",CAA NOS
Q42,"Congenital absence, atresia and stenosis of large intestine",CAA NOS
Q42.0,"Congenital absence, atresia and stenosis of rectum with fistula",CAA NOS
Q42.1,"Congenital absence, atresia and stenosis of rectum without fistula Imperforate rectum",CAA NOS
Q42.2,"Congenital absence, atresia and stenosis of anus with fistula",CAA NOS
Q42.3,"Congenital absence, atresia and stenosis of anus without fistula Imperforate anus",CAA NOS
Q42.8,"Congenital absence, atresia and stenosis of other parts of large intestine",CAA NOS
Q42.9,"Congenital absence, atresia and stenosis of large intestine, part unspecified",CAA NOS
Q43,Other congenital malformations of intestine,CMI
Q43.0,Meckel’s diverticulum Persistent: • omphalomesenteric duct • vitelline duct,MDP
Q43.1,Hirschsprung disease Aganglionosis Congenital (aganglionic) megacolon,HDA NOS
Q43.2,Other congenital functional disorders of colon Congenital dilatation of colon,CFD
Q43.3,"Congenital malformations of intestinal fixation Congenital adhesions [bands]: • omental, anomalous • peritoneal Jackson membrane Malrotation of colon Rotation: • failure of of caecum and colon • incomplete • insufficient Universal mesentery",CMI
Q43.4,Duplication of intestine,DI
Q43.5,Ectopic anus,EA
Q43.6,Congenital fistula of rectum and anus,CFR
Q43.7,Persistent cloaca Cloaca NOS,PCC NOS
Q43.8,"Other specified congenital malformations of intestine Congenital: • blind loop syndrome • diverticulitis, colon • diverticulum, intestine Dolichocolon Megaloappendix Megaloduodenum Microcolon Transposition of: • appendix • colon • intestine",CMI
Q43.9,"Congenital malformation of intestine, unspecified",CMI NOS
Q44,"Congenital malformations of gallbladder, bile ducts and liver",CMG
Q44.0,"Agenesis, aplasia and hypoplasia of gallbladder Congenital absence of gallbladder",AAH
Q44.1,Other congenital malformations of gallbladder Congenital malformation of gallbladder NOS Intrahepatic gallbladder,CMG NOS
Q44.2,Atresia of bile ducts,ABD
Q44.3,Congenital stenosis and stricture of bile ducts,CSS NOS
Q44.4,Choledochal cyst,CC
Q44.5,Other congenital malformations of bile ducts Accessory hepatic duct Congenital malformation of bile duct NOS Duplication: • biliary duct • cystic duct,CMB NOS
Q44.6,Cystic disease of liver Fibrocystic disease of liver,CDL
Q44.7,Other congenital malformations of liver Accessory liver Alagille’s syndrome Congenital: • absence of liver • hepatomegaly • malformation of liver NOS,CML NOS
Q45,Other congenital malformations of digestive system,CMD
Q45.0,"Agenesis, aplasia and hypoplasia of pancreas Congenital absence of pancreas",AAH
Q45.1,Annular pancreas,AP
Q45.2,Congenital pancreatic cyst,CPC
Q45.3,Other congenital malformations of pancreas and pancreatic duct Accessory pancreas Congenital malformation of pancreas or pancreatic duct NOS,CMP NOS
Q45.8,"Other specified congenital malformations of digestive system Absence (complete)(partial) of alimentary tract NOS Duplication of digestive organs NOS Malposition, congenital",CMD NOS
Q45.9,"Congenital malformation of digestive system, unspecified Congenital: • anomaly NOS of digestive system • deformity",CMD NOS
Q50,"Congenital malformations of ovaries, fallopian tubes and broad ligaments",CMO
Q50.0,Congenital absence of ovary,CAO
Q50.1,Developmental ovarian cyst,DOC
Q50.2,Congenital torsion of ovary,CTO
Q50.3,Other congenital malformations of ovary Accessory ovary Congenital malformation of ovary NOS Ovarian streak,CMO NOS
Q50.4,Embryonic cyst of fallopian tube Fimbrial cyst,ECF
Q50.5,Embryonic cyst of broad ligament Cyst: • epoophoron • Gartner duct • parovarian,ECB
Q50.6,Other congenital malformations of fallopian tube and broad ligament Absence Accessory (of) fallopian tube or broad ligament Atresia Congenital malformation of fallopian tube or broad ligament NOS,CMF NOS
Q50–Q56,Congenital malformations of genital organs,CMG
Q51,Congenital malformations of uterus and cervix,CMU
Q51.0,Agenesis and aplasia of uterus Congenital absence of uterus,AAU
Q51.1,Doubling of uterus with doubling of cervix and vagina,DUD
Q51.2,Other doubling of uterus Doubling of uterus NOS,DUD NOS
Q51.3,Bicornate uterus,BU
Q51.4,Unicornate uterus,UU
Q51.5,Agenesis and aplasia of cervix Congenital absence of cervix,AAC
Q51.6,Embryonic cyst of cervix,ECC
Q51.7,Congenital fistulae between uterus and digestive and urinary tracts,CFB
Q51.8,Other congenital malformations of uterus and cervix Hypoplasia of uterus and cervix,CMU
Q51.9,"Congenital malformation of uterus and cervix, unspecified",CMU NOS
Q52,Other congenital malformations of female genitalia,CMF
Q52.0,Congenital absence of vagina,CAV
Q52.1,Doubling of vagina Septate vagina,DVS
Q52.2,Congenital rectovaginal fistula,CRF
Q52.3,Imperforate hymen,IH
Q52.4,"Other congenital malformations of vagina Congenital malformation of vagina NOS Cyst: • canal of Nuck, congenital • embryonic vaginal",CMV NOS
Q52.5,Fusion of labia,FL
Q52.6,Congenital malformation of clitoris,CMC
Q52.7,Other congenital malformations of vulva Congenital: • absence of vulva • cyst • malformation NOS,CMV NOS
Q52.8,Other specified congenital malformations of female genitalia,CMF
Q52.9,"Congenital malformation of female genitalia, unspecified",CMF NOS
Q53,Undescended testicle,UT
Q53.0,Ectopic testis Unilateral or bilateral ectopic testes,ETU
Q53.1,"Undescended testicle, unilateral",UTU
Q53.2,"Undescended testicle, bilateral",UTB
Q53.9,"Undescended testicle, unspecified Cryptorchism NOS",UTC NOS
Q54,Hypospadias,HYPO
Q54.0,"Hypospadias, balanic Hypospadias: • coronal • glandular",HBH
Q54.1,"Hypospadias, penile",HP
Q54.2,"Hypospadias, penoscrotal",HP NOS
Q54.3,"Hypospadias, perineal",HP
Q54.4,Congenital chordee,CC
Q54.8,Other hypospadias,HYPO
Q54.9,"Hypospadias, unspecified",HYPO NOS
Q55,Other congenital malformations of male genital organs,CMM
Q55.0,Absence and aplasia of testis Monorchism,AAT
Q55.1,Hypoplasia of testis and scrotum Fusion of testes,HTS
Q55.2,Other congenital malformations of testis and scrotum Congenital malformation of testis or scrotum NOS Polyorchism Retractile testis Testis migrans,CMT NOS
Q55.3,Atresia of vas deferens,AVD
Q55.4,"Other congenital malformations of vas deferens, epididymis, seminal vesicles and prostate Absence or aplasia of: • prostate • spermatic cord Congenital malformation of vas deferens, epididymis, seminal vesicles or prostate NOS",CMV NOS
Q55.5,Congenital absence and aplasia of penis,CAA
Q55.6,Other congenital malformations of penis Congenital malformation of penis NOS Curvature of penis (lateral) Hypoplasia of penis,CMP NOS
Q55.8,Other specified congenital malformations of male genital organs,CMM
Q55.9,"Congenital malformation of male genital organ, unspecified Congenital: • anomaly NOS of male genital organ • deformity",CMM NOS
Q56,Indeterminate sex and pseudohermaphroditism,ISP
Q56.0,"Hermaphroditism, not elsewhere classified Ovotestis",HNE
Q56.1,"Male pseudohermaphroditism, not elsewhere classified Male pseudohermaphroditism NOS",MPN NOS
Q56.2,"Female pseudohermaphroditism, not elsewhere classified Female pseudohermaphroditism NOS",FPN NOS
Q56.3,"Pseudohermaphroditism, unspecified",PSEU NOS
Q56.4,"Indeterminate sex, unspecified Ambiguous genitalia Congenital malformations of the urinary system (Q60–Q64)",ISA NOS
Q60,Renal agenesis and other reduction defects of kidney,RAR
Q60.0,"Renal agenesis, unilateral",RAU
Q60.1,"Renal agenesis, bilateral",RAB
Q60.2,"Renal agenesis, unspecified",RA NOS
Q60.3,"Renal hypoplasia, unilateral",RHU
Q60.4,"Renal hypoplasia, bilateral",RHB
Q60.5,"Renal hypoplasia, unspecified",RH NOS
Q60.6,Potter syndrome,PS
Q60–Q64,Congenital malformations of the urinary system,CMU
Q61,Cystic kidney disease,CKD
Q61.0,Congenital single renal cyst Congenital cyst of kidney (single),CSR
Q61.1,"Polycystic kidney, autosomal recessive Congenital cyst of kidney (single)",PKA
Q61.2,"Polycystic kidney, autosomal dominant Polycystic kidney, adult type",PKA
Q61.3,"Polycystic kidney, unspecified",PK NOS
Q61.4,Renal dysplasia Multicystic: • dyplastic kidney • kidney (developmental) • kidney disease • renal dysplasia,RDM
Q61.5,Medullary cystic kidney Sponge kidney NOS,MCK NOS
Q61.8,Other cystic kidney diseases Fibrocystic: • kidney • renal degeneration or disease,CKD
Q61.9,"Cystic kidney disease, unspecified Meckel–Gruber syndrome",CKD NOS
Q62,Congenital obstructive defects of renal pelvis and congenital malformations of ureter,COD
Q62.0,Congenital hydronephrosis,CH
Q62.1,Atresia and stenosis of ureter Congenital occlusion of: • ureter • ureteropelvic junction • ureterovesical orifice Impervious ureter,ASU NOS
Q62.2,Congenital megaloureter Congenital dilatation of ureter,CMC
Q62.3,Other obstructive defects of renal pelvis and ureter Congenital ureterocele,ODR
Q62.4,Agenesis of ureter Absent ureter,AUA
Q62.5,Duplication of ureter Accessory ureter Double,DUA
Q62.6,"Malposition of ureter Deviation Displacement (of) ureter or ureteric orifice Ectopic Implantation, anomalous",MUD
Q62.7,Congenital vesico-uretero-renal reflux,CVR
Q62.8,Other congenital malformations of ureter Anomaly of ureter NOS,CMU NOS
Q63,Other congenital malformations of kidney,CMK
Q63.0,Accessory kidney,AK
Q63.1,"Lobulated, fused and horseshoe kidney",LFH
Q63.2,Ectopic kidney Congenital displaced kidney Malrotation of kidney,EKC
Q63.3,Hyperplastic and giant kidney,HGK
Q63.8,Other specified congenital malformations of kidney Congenital renal calculi,CMK
Q63.9,"Congenital malformation of kidney, unspecified",CMK NOS
Q64,Other congenital malformations of urinary system,CMU
Q64.0,Epispadias,EPIS
Q64.1,Exstrophy of urinary bladder Ectopia vesicae Extroversion of bladder,EUB
Q64.2,Congenital posterior urethral valves,CPU
Q64.3,Other atresia and stenosis of urethra and bladder neck Congenital: • bladder neck obstruction • stricture of: – urethra – urinary meatus – vesicourethral orifice Impervious urethra,ASU NOS
Q64.4,Malformation of urachus Cyst of urachus Patent urachus Prolapse of urachus,MUC
Q64.5,Congenital absence of bladder and urethra,CAB
Q64.6,Congenital diverticulum of bladder,CDB
Q64.7,Other congenital malformations of bladder and urethra Accessory: • bladder • urethra Congenital: • hernia of bladder • malformation of bladder or urethra NOS • prolapse of: – bladder (mucosa) – urethra – urinary meatus • urethrorectal fistula Double: • urethra • urinary meatus,CMB NOS
Q64.8,Other specified congenital malformations of urinary system,CMU
Q64.9,"Congenital malformation of urinary system, unspecified Congenital: • anomaly NOS of urinary system • deformity Congenital malformations and deformations of the musculoskeletal system (Q65–Q79)",CMU NOS
Q65,Congenital deformities of hip,CDH
Q65.0,"Congenital dislocation of hip, unilateral",CDH
Q65.1,"Congenital dislocation of hip, bilateral",CDH
Q65.2,"Congenital dislocation of hip, unspecified",CDH NOS
Q65.3,"Congenital subluxation of hip, unilateral",CSH
Q65.4,"Congenital subluxation of hip, bilateral",CSH
Q65.5,"Congenital subluxation of hip, unspecified",CSH NOS
Q65.6,Unstable hip Dislocatable hip Subluxatable hip,UHD
Q65.8,Other congenital deformities of hip Anteversion of femoral neck Congenital acetabular dysplasia Congenital coxa: • valga • vara,CDH
Q65.9,"Congenital deformity of hip, unspecified",CDH NOS
Q65–Q79,Congenital malformations and deformations of the musculoskeletal system,CMD
Q66,Congenital deformities of feet,CDF
Q66.0,Talipes equinovarus,TE
Q66.1,Talipes calcaneovarus,TC
Q66.2,Metatarsus varus,MV
Q66.3,"Other congenital varus deformities of feet Hallux varus, congenital",CVD
Q66.4,Talipes calcaneovalgus,TC
Q66.5,Congenital pes planus Flat foot: • congenital • rigid • spastic (everted),CPP
Q66.6,Other congenital valgus deformities of feet Metatarsus valgus,CVD
Q66.7,Pes cavus,PC
Q66.8,"Other congenital deformities of feet Clubfoot NOS Hammer toe, congenital Talipes: • NOS • asymmetric Tarsal coalition Vertical talus",CDF NOS
Q66.9,"Congenital deformity of feet, unspecified",CDF NOS
Q67,"Congenital musculoskeletal deformities of head, face, spine and chest",CMD
Q67.0,Facial asymmetry,FA
Q67.1,Compression facies,CF
Q67.2,Dolichocephaly,DOLI
Q67.3,Plagiocephaly,PLAG
Q67.4,"Other congenital deformities of skull, face and jaw Depressions in skull Deviation of nasal septum, congenital Hemifacial atrophy or hypertrophy Squashed or bent nose, congenital",CDS NOS
Q67.5,Congenital deformity of spine Congenital scoliosis: • NOS • postural,CDS NOS
Q67.6,Pectus excavatum Congenital funnel chest,PEC
Q67.7,Pectus carinatum Congenital pigeon chest,PCC
Q67.8,Other congenital deformities of chest Congenital deformity of chest wall NOS,CDC NOS
Q68,Other congenital musculoskeletal deformities,CMD
Q68.0,Congenital deformity of sternocleidomastoid muscle Congenital (sternomastoid) torticollis Contracture of sternocleidomastoid (muscle) Sternomastoid tumour (congenital),CDS
Q68.1,Congenital deformity of hand Congenital clubfinger Spade-like hand (congenital),CDH
Q68.2,Congenital deformity of knee Congenital: • dislocation of knee • genu recurvatum,CDK
Q68.3,Congenital bowing of femur,CBF
Q68.4,Congenital bowing of tibia and fibula,CBT
Q68.5,"Congenital bowing of long bones of leg, unspecified",CBL NOS
Q68.8,Other specified congenital musculoskeletal deformities Congenital: • deformity of: – clavicle – elbow – forearm – scapula • dislocation of: – elbow – shoulder,CMD
Q69,Polydactyly,POLY
Q69.0,Accessory finger(s),AF
Q69.1,Accessory thumb(s),AT
Q69.2,Accessory toe(s) Accessory hallux,ATA
Q69.9,"Polydactyly, unspecified Supernumerary digit(s) NOS",PSD NOS
Q70,Syndactyly,SYND
Q70.0,Fused fingers Complex syndactyly of fingers with synostosis,FFC NOS
Q70.1,Webbed fingers Simple syndactyly of fingers without synostosis,WFS NOS
Q70.2,Fused toes Complex syndactyly of toes with synostosis,FTC NOS
Q70.3,Webbed toes Simple syndactyly of toes without synostosis,WTS NOS
Q70.4,Polysyndactyly,POLY
Q70.9,"Syndactyly, unspecified Symphalangy NOS",SSN NOS
Q71,Reduction defects of upper limb,RDU
Q71.0,Congenital complete absence of upper limb(s),CCA
Q71.1,Congenital absence of upper arm and forearm with hand present,CAU
Q71.2,Congenital absence of both forearm and hand,CAB
Q71.3,Congenital absence of hand and finger(s),CAH
Q71.4,Longitudinal reduction defect of radius Clubhand (congenital) Radial clubhand,LRD
Q71.5,Longitudinal reduction defect of ulna,LRD
Q71.6,Lobster-claw hand,LH
Q71.8,Other reduction defects of upper limb(s) Congenital shortening of upper limb(s),RDU
Q71.9,"Reduction defect of upper limb, unspecified",RDU NOS
Q71–Q73,congenital absence of limbs,CAL
Q72,Reduction defects of lower limb,RDL
Q72.0,Congenital complete absence of lower limb(s),CCA
Q72.1,Congenital absence of thigh and lower leg with foot present,CAT
Q72.2,Congenital absence of both lower leg and foot,CAB
Q72.3,Congenital absence of foot and toe(s),CAF
Q72.4,Longitudinal reduction defect of femur Proximal femoral focal deficiency,LRD
Q72.5,Longitudinal reduction defect of tibia,LRD
Q72.6,Longitudinal reduction defect of fibula,LRD
Q72.7,Split foot,SF
Q72.8,Other reduction defects of lower limb(s) Congenital shortening of lower limb(s),RDL
Q72.9,"Reduction defect of lower limb, unspecified",RDL NOS
Q73,Reduction defects of unspecified limb,RDL NOS
Q73.0,Congenital absence of unspecified limb(s) Amelia NOS,CAL NOS
Q73.1,"Phocomelia, unspecified limb(s) Phocomelia NOS",PLP NOS
Q73.8,Other reduction defects of unspecified limb(s) Longitudinal reduction deformity of unspecified limb(s) Ectromelia NOS Hemimelia NOS of limb(s) NOS Reduction defect,RDL NOS
Q74,Other congenital malformations of limb(s),CML
Q74.0,"Other congenital malformations of upper limb(s), including shoulder girdle Accessory carpal bones Cleidocranial dysostosis Congenital pseudarthrosis of clavicle Macrodactylia (fingers) Madelung deformity Radioulnar synostosis Sprengel deformity Triphalangeal thumb",CMU NOS
Q74.1,Congenital malformation of knee Congenital: • absence of patella • dislocation of patella • genu: – valgum – varum Rudimentary patella,CMK
Q74.2,"Other congenital malformations of lower limb(s), including pelvic girdle Congenital: • fusion of sacroiliac joint • malformation (of): – ankle (joint) – sacroiliac (joint)",CML
Q74.3,Arthrogryposis multiplex congenita,AMC
Q74.8,Other specified congenital malformations of limb(s),CML
Q74.9,Unspecified congenital malformation of limb(s) Congenital anomaly of limb(s) NOS,CML NOS
Q75,Other congenital malformations of skull and face bones,CMS
Q75.0,Craniosynostosis Acrocephaly Imperfect fusion of skull Oxycephaly Trigonocephaly,CAI NOS
Q75.1,Craniofacial dysostosis Crouzon disease,CDC
Q75.2,Hypertelorism,HYPE
Q75.3,Macrocephaly,MACR
Q75.4,Mandibulofacial dysostosis Syndrome: • Franceschetti • Treacher–Collins,MDS
Q75.5,Oculomandibular dysostosis,OD
Q75.8,"Other specified congenital malformations of skull and face bones Absence of skull bone, congenital Congenital deformity of forehead Platybasia",CMS
Q75.9,"Congenital malformation of skull and face bones, unspecified Congenital anomaly of: • face bones NOS • skull NOS",CMS NOS
Q76,Congenital malformations of spine and bony thorax,CMS
Q76.0,Spina bifida occulta,SBO
Q76.1,Klippel–Feil syndrome Cervical fusion syndrome,KSC
Q76.2,Congenital spondylolisthesis Congenital spondylolysis,CSC
Q76.3,Congenital scoliosis due to congenital bony malformation Hemivertebra fusion or failure of segmentation with scoliosis,CSC
Q76.4,"Other congenital malformations of spine, not associated with scoliosis Congenital: • absence of vertebra • fusion of spine • kyphosis • lordosis unspecified or not associated with • malformation of lumbosacral scoliosis (joint) (region) Hemivertebra Malformation of spine Platyspondylisis Supernumerary vertebra",CMS NOS
Q76.5,Cervical rib Supernumerary rib in cervical region,CRS
Q76.6,Other congenital malformations of ribs Accessory rib Congenital: • absence of rib • fusion of ribs • malformation of ribs NOS,CMR NOS
Q76.7,Congenital malformation of sternum Congenital absence of sternum Sternum bifidum,CMS
Q76.8,Other congenital malformations of bony thorax,CMB
Q76.9,"Congenital malformation of bony thorax, unspecified",CMB NOS
Q77,Osteochondrodysplasia with defects of growth of tubular bones and spine,ODG
Q77.0,Achondrogenesis Hypochondrogenesis,AH
Q77.1,Thanatophoric short stature,TSS
Q77.2,Short rib syndrome Asphyxiating thoracic dysplasia [Jeune],SRS
Q77.3,Chondrodysplasia punctata,CP
Q77.4,Achondroplasia Hypochondroplasia Osteosclerosis congenita,AHO
Q77.5,Dystrophic dysplasia,DD
Q77.6,Chondroectodermal dysplasia Ellis–van Creveld syndrome,CDE
Q77.7,Spondyloepiphyseal dysplasia,SD
Q77.8,Other osteochondrodysplasia with defects of growth of tubular bones and spine,ODG
Q77.9,"Osteochondrodysplasia with defects of growth of tubular bones and spine, unspecified",ODG NOS
Q78,Other osteochondrodysplasias,OSTE
Q78.0,Osteogenesis imperfecta Fragilitas ossium Osteopsathyrosis,OIF
Q78.1,Polyostotic fibrous dysplasia Albright(–McCune)(–Sternberg) syndrome,PFD
Q78.2,Osteopetrosis Albers–Schönberg syndrome,OAS
Q78.3,Progressive diaphyseal dysplasia Camurati–Engelmann syndrome,PDD
Q78.4,Enchondromatosis Maffucci’s syndrome Ollier’s disease,EMS
Q78.5,Metaphyseal dysplasia Pyle’s syndrome,MDP
Q78.6,Multiple congenital exostoses Diaphyseal aclasis,MCE
Q78.8,Other specified osteochondrodysplasias Osteopoikilosis,OO
Q78.9,"Osteochondrodysplasia, unspecified Chondrodystrophy NOS Osteodystrophy NOS",OCN NOS
Q79,"Congenital malformations of the musculoskeletal system, not elsewhere classified",CMM
Q79.0,Congenital diaphragmatic hernia,CDH
Q79.1,Other congenital malformations of diaphragm Absence of diaphragm Congenital malformation of diaphragm NOS Eventration of diaphragm,CMD NOS
Q79.2,Exomphalos Omphalocele,EO
Q79.3,Gastroschisis,GAST
Q79.4,Prune belly syndrome,PBS
Q79.5,Other congenital malformations of abdominal wall,CMA
Q79.6,Ehlers–Danlos syndrome,ES
Q79.8,Other congenital malformations of musculoskeletal system Absence of: • muscle • tendon Accessory muscle Amyotrophia congenita Congenital: • constricting bands • shortening of tendon Poland’s syndrome,CMM
Q79.9,"Congenital malformation of musculoskeletal system, unspecified Congenital: • anomaly NOS of musculoskeletal system NOS • deformity NOS",CMM NOS
Q80,Congenital ichthyosis,CI
Q80.0,Ichthyosis vulgaris,IV
Q80.1,X-linked ichthyosis,XI
Q80.2,Lamellar ichthyosis Collodion baby,LIC
Q80.3,Congenital bullous ichthyosiform erythroderma,CBI
Q80.4,Harlequin fetus,HF
Q80.8,Other congenital ichthyosis,CI
Q80.9,"Congenital ichthyosis, unspecified",CI NOS
Q80–Q89,Other congenital malformations,CM
Q81,Epidermolysis bullosa,EB
Q81.0,Epidermolysis bullosa simplex,EBS
Q81.1,Epidermolysis bullosa letalis Herlitz’ syndrome,EBL
Q81.2,Epidermolysis bullosa dystrophica,EBD
Q81.8,Other epidermolysis bullosa,EB
Q81.9,"Epidermolysis bullosa, unspecified",EB NOS
Q82,Other congenital malformations of skin,CMS
Q82.0,Hereditary lymphoedema,HL
Q82.1,Xeroderma pigmentosum,XP
Q82.2,Mastocytosis Urticaria pigmentosa,MUP
Q82.3,Incontinentia pigmenti,IP
Q82.4,Ectodermal dysplasia (anhidrotic),ED
Q82.5,Congenital non-neoplastic naevus Birthmark NOS Naevus: • flammeus • portwine • sanguineous • strawberry • vascular NOS • verrucous,CNN NOS
Q82.8,Other specified congenital malformations of skin Abnormal palmar creases Accessory skin tags Benign familial pemphigus [Hailey–Hailey] Cutis laxa (hyperelastica) Dermatoglyphic anomalies Inherited keratosis palmaris et plantaris Keratosis follicularis [Darier–White],CMS
Q82.9,"Congenital malformation of skin, unspecified",CMS NOS
Q83,Congenital malformations of breast,CMB
Q83.0,Congenital absence of breast with absent nipple,CAB
Q83.1,Accessory breast Supernumerary breast,ABS
Q83.2,Absent nipple,AN
Q83.3,Accessory nipple Supernumerary nipple,ANS
Q83.8,Other congenital malformations of breast Hypoplasia of breast,CMB
Q83.9,"Congenital malformation of breast, unspecified",CMB NOS
Q84,Other congenital malformations of integument,CMI
Q84.0,Congenital alopecia Congenital atrichosis,CAC
Q84.1,"Congenital morphological disturbances of hair, not elsewhere classified Beaded hair Monilethrix Pili annulati",CMD
Q84.2,Other congenital malformations of hair Congenital: • hypertrichosis • malformation of hair NOS Persistent lanugo,CMH NOS
Q84.3,Anonychia,ANON
Q84.4,Congenital leukonychia,CL
Q84.5,Enlarged and hypertrophic nails Congenital onychauxis Pachyonychia,EHN
Q84.6,Other congenital malformations of nails Congenital: • clubnail • koilonychia • malformation of nail NOS,CMN NOS
Q84.8,Other specified congenital malformations of integument Aplasia cutis congenita,CMI
Q84.9,"Congenital malformation of integument, unspecified Congenital: • anomaly NOS of integument NOS • deformity NOS",CMI NOS
Q85,"Phakomatoses, not elsewhere classified",PNE
Q85.0,Neurofibromatosis (nonmalignant) Von Recklinghausen disease,NVR
Q85.1,Tuberous sclerosis Bourneville’s disease Epiloia,TSB
Q85.8,"Other phakomatoses, not elsewhere classified Syndrome: • Peutz–Jeghers • Sturge–Weber(–Dimitri) • von Hippel–Lindau",PNE
Q85.9,"Phakomatosis, unspecified Hamartosis NOS",PHN NOS
Q86,"Congenital malformation syndromes due to known exogenous causes, not elsewhere classified",CMS
Q86.0,Fetal alcohol syndrome (dysmorphic),FAS
Q86.1,Fetal hydantoin syndrome Meadow’s syndrome,FHS
Q86.2,Dysmorphism due to warfarin,DW
Q86.8,Other congenital malformation syndromes due to known exogenous causes,CMS
Q87,Other specified congenital malformation syndromes affecting multiple systems,CMS
Q87.0,Congenital malformation syndromes predominantly affecting facial appearance Acrocephalopolysyndactyly Acrocephalosyndactyly [Apert] Cryptophthalmos syndrome Cyclopia Syndrome: • Goldenhar • Moebius • oro-facial-digital • Robin Whistling face,CMS
Q87.1,Congenital malformation syndromes predominantly associated with short stature Syndrome: • Aarskog • Cockayne • De Lange • Dubowitz • Noonan • Prader–Willi • Robinow–Silverman–Smith • Russell–Silver • Seckel • Smith–Lemli–Opitz,CMS
Q87.2,Congenital malformation syndromes predominantly involving limbs Syndrome: • Holt–Oram • Klippel–Trénaunay–Weber • nail patella • Rubinstein–Taybi • sirenomelia • thrombocytopenia with absent radius [TAR] • VATER,CMS
Q87.3,Congenital malformation syndromes involving early overgrowth Syndrome: • Beckwith–Wiedemann • Sotos • Weaver,CMS
Q87.4,Marfan syndrome,MS
Q87.5,Other congenital malformation syndromes with other skeletal changes,CMS
Q87.8,"Other specified congenital malformation syndromes, not elsewhere classified Syndrome: • Alport • Laurence–Moon(–Bardet)–Biedl • Zellweger",CMS
Q89,"Other congenital malformations, not elsewhere classified",CMN
Q89.0,Congenital malformations of spleen Asplenia (congenital) Congenital splenomegaly,CMS
Q89.1,Congenital malformations of adrenal gland,CMA
Q89.2,Congenital malformations of other endocrine glands Congenital malformation of parathyroid or thyroid gland Persistent thyroglossal duct Thyroglossal cyst,CME
Q89.3,Situs inversus Dextrocardia with situs inversus Mirror-image atrial arrangement with situs inversus Situs inversus or transversus: • abdominalis • thoracis Transposition of viscera: • abdominal • thoracic,SID
Q89.4,Conjoined twins Craniopagus Dicephaly Double monster Pygopagus Thoracopagus,CTC
Q89.7,"Multiple congenital malformations, not elsewhere classified Monster NOS Multiple congenital: • anomalies NOS • deformities NOS",MCM NOS
Q89.8,Other specified congenital malformations,CM
Q89.9,"Congenital malformation, unspecified Congenital: • anomaly NOS • deformity NOS",CMC NOS
Q90,Down syndrome,DS
Q90.0,"Trisomy 21, meiotic nondisjunction",T2M
Q90.1,"Trisomy 21, mosaicism (mitotic nondisjunction)",T2M
Q90.2,"Trisomy 21, translocation",T2T
Q90.9,"Down syndrome, unspecified Trisomy 21 NOS",DST NOS
Q90–Q99,chromosomes testicular feminization syndrome (E34.5),CTF
Q91,Edwards syndrome and Patau syndrome,ESP
Q91.0,"Trisomy 18, meiotic nondisjunction",T1M
Q91.1,"Trisomy 18, mosaicism (mitotic nondisjunction)",T1M
Q91.2,"Trisomy 18, translocation",T1T
Q91.3,"Edwards syndrome, unspecified",ES NOS
Q91.4,"Trisomy 13, meiotic nondisjunction",T1M
Q91.5,"Trisomy 13, mosaicism (mitotic nondisjunction)",T1M
Q91.6,"Trisomy 13, translocation",T1T
Q91.7,"Patau syndrome, unspecified",PS NOS
Q92,"Other trisomies and partial trisomies of the autosomes, not elsewhere classified",TPT
Q92.0,"Whole chromosome trisomy, meiotic nondisjunction",WCT
Q92.1,"Whole chromosome trisomy, mosaicism (mitotic nondisjunction)",WCT
Q92.2,Major partial trisomy Whole arm or more duplicated.,MPT
Q92.3,Minor partial trisomy Less than whole arm duplicated.,MPT
Q92.4,Duplications seen only at prometaphase,DSO
Q92.5,Duplications with other complex rearrangements,DCR
Q92.6,Extra marker chromosomes,EMC
Q92.7,Triploidy and polyploidy,TP
Q92.8,Other specified trisomies and partial trisomies of autosomes,TPT
Q92.9,"Trisomy and partial trisomy of autosomes, unspecified",TPT NOS
Q93,"Monosomies and deletions from the autosomes, not elsewhere classified",MDF NOS
Q93.0,"Whole chromosome monosomy, meiotic nondisjunction",WCM NOS
Q93.1,"Whole chromosome monosomy, mosaicism (mitotic nondisjunction)",WCM NOS
Q93.2,Chromosome replaced with ring or dicentric,CRR
Q93.3,Deletion of short arm of chromosome 4 Wolff–Hirschorn syndrome,DSA
Q93.4,Deletion of short arm of chromosome 5 Cri-du-chat syndrome,DSA
Q93.5,Other deletions of part of a chromosome Angelman syndrome,DPA
Q93.6,Deletions seen only at prometaphase,DSO
Q93.7,Deletions with other complex rearrangements,DCR
Q93.8,Other deletions from the autosomes,DFA
Q93.9,"Deletion from autosomes, unspecified",DFA NOS
Q95,"Balanced rearrangements and structural markers, not elsewhere classified",BRS
Q95.0,Balanced translocation and insertion in normal individual,BTI
Q95.1,Chromosome inversion in normal individual,CII
Q95.2,Balanced autosomal rearrangement in abnormal individual,BAR
Q95.3,Balanced sex/autosomal rearrangement in abnormal individual,BSR
Q95.4,Individuals with marker heterochromatin,IMH
Q95.5,Individuals with autosomal fragile site,IAF
Q95.8,Other balanced rearrangements and structural markers,BRS
Q95.9,"Balanced rearrangement and structural marker, unspecified",BRS NOS
Q96,Turner syndrome,TS
Q96.0,"Karyotype 45,X",K4
Q96.1,"Karyotype 46,X iso (Xq)",K4I
Q96.2,"Karyotype 46,X with abnormal sex chromosome, except iso (Xq)",K4A
Q96.3,"Mosaicism, 45,X/46,XX or XY",M4O
Q96.4,"Mosaicism, 45,X/other cell line(s) with abnormal sex chromosome",M4C
Q96.8,Other variants of Turner syndrome,VTS
Q96.9,"Turner syndrome, unspecified",TS NOS
Q96–Q99,• with specified chromosomal anomaly,•CA
Q97,"Other sex chromosome abnormalities, female phenotype, not elsewhere classified",SCA
Q97.0,"Karyotype 47,XXX",K4
Q97.1,Female with more than three X chromosomes,FMT
Q97.2,"Mosaicism, lines with various numbers of X chromosomes",MLV
Q97.3,"Female with 46,XY karyotype",F4K
Q97.8,"Other specified sex chromosome abnormalities, female phenotype",SCA
Q97.9,"Sex chromosome abnormality, female phenotype, unspecified",SCA NOS
Q98,"Other sex chromosome abnormalities, male phenotype, not elsewhere classified",SCA
Q98.0,"Klinefelter syndrome karyotype 47,XXY",KSK
Q98.1,"Klinefelter syndrome, male with more than two X chromosomes",KSM
Q98.2,"Klinefelter syndrome, male with 46,XX karyotype",KSM
Q98.3,"Other male with 46,XX karyotype",M4K
Q98.4,"Klinefelter syndrome, unspecified",KS NOS
Q98.5,"Karyotype 47,XYY",K4
Q98.6,Male with structurally abnormal sex chromosome,MSA
Q98.7,Male with sex chromosome mosaicism,MSC
Q98.8,"Other specified sex chromosome abnormalities, male phenotype",SCA
Q98.9,"Sex chromosome abnormality, male phenotype, unspecified",SCA NOS
Q99,"Other chromosome abnormalities, not elsewhere classified",CAN
Q99.0,"Chimera 46,XX/46,XY Chimera 46,XX/46,XY true hermaphrodite",C4C
Q99.1,"46,XX true hermaphrodite 46,XX with streak gonads 46,XY with streak gonads Pure gonadal dysgenesis",4TH
Q99.2,Fragile X chromosome Fragile X syndrome,FXC
Q99.8,Other specified chromosome abnormalities,CA
Q99.9,"Chromosomal abnormality, unspecified",CA NOS
R00,Abnormalities of heart beat,AHB
R00.0,"Tachycardia, unspecified Rapid heart beat Tachycardia: • sinoauricular NOS • sinus [sinusal] NOS",TRH NOS
R00.1,"Bradycardia, unspecified Bradycardia: • sinoatrial • sinus • vagal Slow heart beat",BB• NOS
R00.2,Palpitations Awareness of heart beat,PAH
R00.8,Other and unspecified abnormalities of heart beat,AHB NOS
R00–R09,Symptoms and signs involving the circulatory and respiratory systems,SSI
R00–R99,elsewhere classified This chapter contains the following blocks:,ECT
R01,Cardiac murmurs and other cardiac sounds,CMC
R01.0,Benign and innocent cardiac murmurs Functional cardiac murmur,BIC
R01.1,"Cardiac murmur, unspecified Cardiac bruit NOS Systolic murmur NOS",CMC NOS
R01.2,"Other cardiac sounds Cardiac dullness, increased or decreased Precordial friction",CSC
R02,"Gangrene, not elsewhere classified",GNE
R03,"Abnormal blood-pressure reading, without diagnosis",ABR NOS
R03.0,"Elevated blood-pressure reading, without diagnosis of hypertension",HTN
R03.1,Nonspecific low blood-pressure reading,NLB
R04,Haemorrhage from respiratory passages,HFR
R04.0,Epistaxis Haemorrhage from nose Nosebleed,EHF NOS
R04.1,Haemorrhage from throat,HFT
R04.2,Haemoptysis Blood-stained sputum Cough with haemorrhage,HBS
R04.8,Haemorrhage from other sites in respiratory passages Pulmonary haemorrhage NOS,HFS NOS
R04.9,"Haemorrhage from respiratory passages, unspecified",HFR NOS
R05,Cough,COUG
R06,Abnormalities of breathing,AB
R06.0,Dyspnoea Orthopnoea Shortness of breath,DOS
R06.1,Stridor,STRI
R06.2,Wheezing,WHEE
R06.3,Periodic breathing Cheyne–Stokes breathing,PBC
R06.4,Hyperventilation,HYPE
R06.5,Mouth breathing Snoring,MBS
R06.6,Hiccough,HICC
R06.7,Sneezing,SNEE
R06.8,Other and unspecified abnormalities of breathing Apnoea NOS Breath-holding (spells) Choking sensation Sighing,ABA NOS
R07,Pain in throat and chest,PIT
R07.0,Pain in throat,PIT
R07.1,Chest pain on breathing Painful respiration,CPO
R07.2,Precordial pain,PP
R07.3,Other chest pain Anterior chest-wall pain NOS,CPA NOS
R07.4,"Chest pain, unspecified",CP NOS
R09,Other symptoms and signs involving the circulatory and respiratory systems,SSI
R09.0,Asphyxia,ASPH
R09.1,Pleurisy,PLEU
R09.2,Respiratory arrest Cardiorespiratory failure,RAC
R09.3,Abnormal sputum Abnormal: • amount • colour (of) sputum • odour Excessive,ASA
R09.8,Other specified symptoms and signs involving the circulatory and respiratory systems Bruit (arterial) Chest: • abnormal percussion • friction sounds • tympany Rales Weak pulse,SSI
R10,Abdominal and pelvic pain,APP
R10.0,Acute abdomen Severe abdominal pain (generalized)(localized)(with abdominal rigidity),AAS
R10.1,Pain localized to upper abdomen Dyspepsia NOS Epigastric pain,PLU NOS
R10.2,Pelvic and perineal pain,PPP
R10.3,Pain localized to other parts of lower abdomen,PLP
R10.4,Other and unspecified abdominal pain Abdominal tenderness NOS Colic: • NOS • infantile,APA NOS
R10–R19,Symptoms and signs involving the digestive system and abdomen,SSI
R11,Nausea and vomiting,NV
R12,Heartburn,HEAR
R13,Dysphagia,DYSP
R14,Flatulence and related conditions,FRC
R15,Faecal incontinence,FI
R16,"Hepatomegaly and splenomegaly, not elsewhere classified",HSN
R16.0,"Hepatomegaly, not elsewhere classified Hepatomegaly NOS",HNE NOS
R16.1,"Splenomegaly, not elsewhere classified Splenomegaly NOS",SNE NOS
R16.2,"Hepatomegaly with splenomegaly, not elsewhere classified Hepatosplenomegaly NOS",HSN NOS
R17,Unspecified jaundice,JAUN NOS
R18,Ascites,ASCI
R19,Other symptoms and signs involving the digestive system and abdomen,SSI
R19.0,"Intra-abdominal and pelvic swelling, mass and lump Diffuse or generalized swelling or mass: • intra-abdominal NOS • pelvic NOS • umbilical",IPS NOS
R19.1,Abnormal bowel sounds Absent bowel sounds Hyperactive bowel sounds,ABS
R19.2,Visible peristalsis Hyperperistalsis,VPH
R19.3,Abdominal rigidity,AR
R19.4,Change in bowel habit,CIB
R19.5,Other faecal abnormalities Abnormal stool colour Bulky stools Mucus in stools Occult blood in stools,FAA
R19.6,Halitosis,HALI
R19.8,Other specified symptoms and signs involving the digestive system and abdomen Symptoms and signs involving the skin and subcutaneous tissue (R20–R23),SSI
R20,Disturbances of skin sensation,DSS
R20.0,Anaesthesia of skin,AS
R20.1,Hypoaesthesia of skin,HS
R20.2,Paraesthesia of skin Formication Pins and needles Tingling skin,PSF
R20.3,Hyperaesthesia,HYPE
R20.8,Other and unspecified disturbances of skin sensation,DSS NOS
R20–R23,Symptoms and signs involving the skin and subcutaneous tissue,SSI
R21,Rash and other nonspecific skin eruption,RNS
R22,"Localized swelling, mass and lump of skin and subcutaneous tissue",LSM
R22.0,"Localized swelling, mass and lump, head",LSM
R22.1,"Localized swelling, mass and lump, neck",LSM
R22.2,"Localized swelling, mass and lump, trunk",LSM
R22.3,"Localized swelling, mass and lump, upper limb",LSM
R22.4,"Localized swelling, mass and lump, lower limb",LSM
R22.7,"Localized swelling, mass and lump, multiple sites",LSM
R22.9,"Localized swelling, mass and lump, unspecified",LSM NOS
R23,Other skin changes,SC
R23.0,Cyanosis,CYAN NOS
R23.1,Pallor Clammy skin,PCS
R23.2,Flushing Excessive blushing,FEB
R23.3,Spontaneous ecchymoses Petechiae,SEP
R23.4,Changes in skin texture Desquamation Induration of skin Scaling,CIS
R23.8,Other and unspecified skin changes Symptoms and signs involving the nervous and musculoskeletal systems (R25–R29),SCS NOS
R25,Abnormal involuntary movements,AIM
R25.0,Abnormal head movements,AHM
R25.1,"Tremor, unspecified",TREM NOS
R25.2,Cramp and spasm,CS
R25.3,Fasciculation Twitching NOS,FTN NOS
R25.8,Other and unspecified abnormal involuntary movements,AIM NOS
R25–R29,Symptoms and signs involving the nervous and musculoskeletal systems,SSI
R26,Abnormalities of gait and mobility,AGM
R26.0,Ataxic gait Staggering gait,AGS
R26.1,Paralytic gait Spastic gait,PGS
R26.2,"Difficulty in walking, not elsewhere classified",DIW
R26.3,Immobility Bedfast Chairfast,IBC
R26.8,Other and unspecified abnormalities of gait and mobility Unsteadiness on feet NOS,AGM NOS
R27,Other lack of coordination,LC
R27.0,"Ataxia, unspecified",ATAX NOS
R27.8,Other and unspecified lack of coordination,LC NOS
R29,Other symptoms and signs involving the nervous and musculoskeletal systems,SSI
R29.0,Tetany Carpopedal spasm,TCS
R29.1,Meningismus,MENI
R29.2,Abnormal reflex,AR
R29.3,Abnormal posture,AP
R29.4,Clicking hip,CH
R29.6,"Tendency to fall, not elsewhere classified Tendency to fall because of old age or other unclear health problems",TFN
R29.8,Other and unspecified symptoms and signs involving the nervous and musculoskeletal systems,SSI NOS
R30,Pain associated with micturition,PAM
R30.0,Dysuria Strangury,DS
R30.1,Vesical tenesmus,VT
R30.9,"Painful micturition, unspecified Painful urination NOS",PMP NOS
R30–R39,symptoms and signs involving the urinary system symptoms referable to genital organs: • female (N94.-),SSI
R31,Unspecified haematuria,HAEM NOS
R32,Unspecified urinary incontinence,UI NOS
R33,Retention of urine,RU
R34,Anuria and oliguria,AO
R35,Polyuria,POLY
R36,Urethral discharge,UD
R39,Other symptoms and signs involving the urinary system,SSI
R39.0,Extravasation of urine,EU
R39.1,Other difficulties with micturition Hesitancy of micturition Poor urinary stream Splitting of urinary stream,DMH
R39.2,Extrarenal uraemia Prerenal uraemia,EUP
R39.8,"Other and unspecified symptoms and signs involving the urinary system Symptoms and signs involving cognition, perception, emotional state and behaviour (R40–R46)",SSI NOS
R40,"Somnolence, stupor and coma",SSC
R40.0,Somnolence Drowsiness,SD
R40.1,Stupor Semicoma,SS
R40.2,"Coma, unspecified Unconsciousness NOS",CUN NOS
R40–R46,"Symptoms and signs involving cognition, perception, emotional state and behaviour",SSI
R41,Other symptoms and signs involving cognitive functions and awareness,SSI
R41.0,"Disorientation, unspecified Confusion NOS",DCN NOS
R41.1,Anterograde amnesia,AA
R41.2,Retrograde amnesia,RA
R41.3,Other amnesia Amnesia NOS,AAN NOS
R41.8,Other and unspecified symptoms and signs involving cognitive functions and awareness,SSI NOS
R42,Dizziness and giddiness,DG
R43,Disturbances of smell and taste,DST
R43.0,Anosmia,ANOS
R43.1,Parosmia,PARO
R43.2,Parageusia,PARA
R43.8,Other and unspecified disturbances of smell and taste Mixed disturbance of smell and taste,DST NOS
R44,Other symptoms and signs involving general sensations and perceptions,SSI
R44.0,Auditory hallucinations,AH
R44.1,Visual hallucinations,VH
R44.2,Other hallucinations,HALL
R44.3,"Hallucinations, unspecified",HALL NOS
R44.8,Other and unspecified symptoms and signs involving general sensations and perceptions,SSI NOS
R45,Symptoms and signs involving emotional state,SSI
R45.0,Nervousness Nervous tension,NNT
R45.1,Restlessness and agitation,RA
R45.2,Unhappiness Worries NOS,UWN NOS
R45.3,Demoralization and apathy,DA
R45.4,Irritability and anger,IA
R45.5,Hostility,HOST
R45.6,Physical violence,PV
R45.7,"State of emotional shock and stress, unspecified",SES NOS
R45.8,Other symptoms and signs involving emotional state Suicidal ideation (tendencies),SSI
R46,Symptoms and signs involving appearance and behaviour,SSI
R46.0,Very low level of personal hygiene,VLL
R46.1,Bizarre personal appearance,BPA
R46.2,Strange and inexplicable behaviour,SIB
R46.3,Overactivity,OVER
R46.4,Slowness and poor responsiveness,SPR
R46.5,Suspiciousness and marked evasiveness,SME
R46.6,Undue concern and preoccupation with stressful events,UCP
R46.7,Verbosity and circumstantial detail obscuring reason for contact,VCD
R46.8,Other symptoms and signs involving appearance and behaviour Self neglect NOS,SSI NOS
R47,"Speech disturbances, not elsewhere classified",SDN
R47.0,Dysphasia and aphasia,DA
R47.1,Dysarthria and anarthria,DA
R47.8,Other and unspecified speech disturbances,SD NOS
R47–R49,Symptoms and signs involving speech and voice,SSI
R48,"Dyslexia and other symbolic dysfunctions, not elsewhere classified",DSD
R48.0,Dyslexia and alexia,DA
R48.1,Agnosia,AGNO NOS
R48.2,Apraxia,APRA
R48.8,Other and unspecified symbolic dysfunctions Acalculia Agraphia,SDA NOS
R49,Voice disturbances,VD
R49.0,Dysphonia Hoarseness,DH
R49.1,Aphonia Loss of voice,ALV
R49.2,Hypernasality and hyponasality,HH
R49.8,Other and unspecified voice disturbances Change in voice NOS General symptoms and signs (R50–R69),VDC NOS
R50,Fever of other and unknown origin,FUO
R50.2,Drug-induced fever,DF
R50.8,Other specified fever Fever with chills Fever with rigors Persistent fever,FFC
R50.9,"Fever, unspecified Hyperpyrexia NOS Pyrexia NOS",FHN NOS
R50–R69,General symptoms and signs,GSS
R51,Headache,HEAD
R52,"Pain, not elsewhere classified",PNE
R52.0,Acute pain,AP
R52.1,Chronic intractable pain,CIP
R52.2,Other chronic pain,CP
R52.9,"Pain, unspecified Generalized pain NOS",PGP NOS
R53,Malaise and fatigue,MF
R54,Senility,SENI
R55,Syncope and collapse,SC
R56,"Convulsions, not elsewhere classified",CNE
R56.0,Febrile convulsions,FC
R56.8,Other and unspecified convulsions Fit NOS Seizure (convulsive) NOS,CFN NOS
R57,"Shock, not elsewhere classified",SNE
R57.0,Cardiogenic shock,CS
R57.1,Hypovolaemic shock,HS
R57.2,Septic shock,SS
R57.8,Other shock Endotoxic shock,SES
R57.9,"Shock, unspecified Failure of peripheral circulation NOS",SFP NOS
R58,"Haemorrhage, not elsewhere classified",HNE
R59,Enlarged lymph nodes,ELN
R59.0,Localized enlarged lymph nodes,LEL
R59.1,Generalized enlarged lymph nodes Lymphadenopathy NOS,GEL NOS
R59.9,"Enlarged lymph nodes, unspecified",ELN NOS
R60,"Oedema, not elsewhere classified",ONE
R60.0,Localized oedema,LO
R60.1,Generalized oedema,GO
R60.9,"Oedema, unspecified Fluid retention NOS",OFR NOS
R61,Hyperhidrosis,HYPE
R61.0,Localized hyperhidrosis,LH
R61.1,Generalized hyperhidrosis,GH
R61.9,"Hyperhidrosis, unspecified Excessive sweating Night sweats",HES NOS
R62,Lack of expected normal physiological development,LEN
R62.0,Delayed milestone Delayed attainment of expected physiological developmental stage Late: • talker • walker,DMD
R62.8,Other lack of expected normal physiological development Failure to: • gain weight • thrive Infantilism NOS Lack of growth Physical retardation,LEN NOS
R62.9,"Lack of expected normal physiological development, unspecified",LEN NOS
R63,Symptoms and signs concerning food and fluid intake,SSC
R63.0,Anorexia Loss of appetite,ALA
R63.1,Polydipsia Excessive thirst,PET
R63.2,Polyphagia Excessive eating Hyperalimentation NOS,PEE NOS
R63.3,Feeding difficulties and mismanagement Feeding problem NOS,FDM NOS
R63.4,Abnormal weight loss,AWL
R63.5,Abnormal weight gain,AWG
R63.6,Insufficient intake of food and water due to self neglect,IIF
R63.8,Other symptoms and signs concerning food and fluid intake,SSC
R64,Cachexia,CACH
R65,Systemic inflammatory response syndrome [SIRS],SIR
R65.0,Systemic inflammatory response syndrome of infectious origin without organ failure,SIR
R65.1,Systemic inflammatory response syndrome of infectious origin with organ failure Severe sepsis,SIR
R65.2,Systemic inflammatory response syndrome of non-infectious origin without organ failure,SIR
R65.3,Systemic inflammatory response syndrome of non-infectious origin with organ failure,SIR
R65.9,"Systemic inflammatory response syndrome, unspecified",SIR NOS
R68,Other general symptoms and signs,GSS
R68.0,"Hypothermia, not associated with low environmental temperature",HNA
R68.1,Nonspecific symptoms peculiar to infancy Excessive crying of infant Irritable infant,NSP
R68.2,"Dry mouth, unspecified",DM NOS
R68.3,Clubbing of fingers Clubbing of nails,CFC
R68.8,Other specified general symptoms and signs,GSS
R69,Unknown and unspecified causes of morbidity,UCM NOS
R70,Elevated erythrocyte sedimentation rate and abnormality of plasma viscosity,EES
R70.0,Elevated erythrocyte sedimentation rate,EES
R70.1,Abnormal plasma viscosity,APV
R70–R79,"– blood, without diagnosis",–BW NOS
R71,Abnormality of red blood cells,ARB
R72,"Abnormality of white blood cells, not elsewhere classified",AWB
R73,Elevated blood glucose level,EBG
R73.0,Abnormal glucose tolerance test Diabetes: • chemical • latent Impaired glucose tolerance Prediabetes,AGT
R73.9,"Hyperglycaemia, unspecified",HYPE NOS
R74,Abnormal serum enzyme levels,ASE
R74.0,Elevation of levels of transaminase and lactic acid dehydrogenase [LDH],ELT
R74.8,Abnormal levels of other serum enzymes Abnormal level of: • acid phosphatase • alkaline phosphatase • amylase • lipase [triacylglycerol lipase],ALS
R74.9,Abnormal level of unspecified serum enzyme,ALS NOS
R75,Laboratory evidence of human immunodeficiency virus [HIV],HIV
R76,Other abnormal immunological findings in serum,AIF
R76.0,Raised antibody titre,RAT
R76.1,Abnormal reaction to tuberculin test Abnormal result of Mantoux test,ART
R76.2,False-positive serological test for syphilis False-positive Wassermann reaction,FST
R76.8,Other specified abnormal immunological findings in serum Raised level of immunoglobulins NOS,AIF NOS
R76.9,"Abnormal immunological finding in serum, unspecified",AIF NOS
R77,Other abnormalities of plasma proteins,APP
R77.0,Abnormality of albumin,AA
R77.1,Abnormality of globulin Hyperglobulinaemia NOS,AGH NOS
R77.2,Abnormality of alphafetoprotein,AA
R77.8,Other specified abnormalities of plasma proteins,APP
R77.9,"Abnormality of plasma protein, unspecified",APP NOS
R78,"Findings of drugs and other substances, not normally found in blood",FDS
R78.0,Finding of alcohol in blood,FAI
R78.1,Finding of opiate drug in blood,FOD
R78.2,Finding of cocaine in blood,FCI
R78.3,Finding of hallucinogen in blood,FHI
R78.4,Finding of other drugs of addictive potential in blood,FDA
R78.5,Finding of psychotropic drug in blood,FPD
R78.6,Finding of steroid agent in blood,FSA
R78.7,Finding of abnormal level of heavy metals in blood,FAL
R78.8,"Finding of other specified substances, not normally found in blood Finding of abnormal level of lithium in blood",FSN
R78.9,"Finding of unspecified substance, not normally found in blood",FSN NOS
R79,Other abnormal findings of blood chemistry,AFB
R79.0,Abnormal level of blood mineral Abnormal blood level of: • cobalt • copper • iron • magnesium • mineral NEC • zinc,ALB
R79.8,Other specified abnormal findings of blood chemistry Abnormal blood-gas level,AFB
R79.9,"Abnormal finding of blood chemistry, unspecified",AFB NOS
R80,Isolated proteinuria,IP
R80–R82,"– urine, without diagnosis diagnostic abnormal findings classified elsewhere – see Alphabetical index The following fourth-character subdivisions are for use with categories R83–R89: .0 Abnormal level of enzymes .1 Abnormal level of hormones .2 Abnormal level of other drugs, medicaments and biological substances .3 Abnormal level of substances chiefly nonmedicinal as to source .4 Abnormal immunological findings .5 Abnormal microbiological findings Positive culture findings .6 Abnormal cytological findings Abnormal Papanicolaou smear .7 Abnormal histological findings .8 Other abnormal findings Abnormal chromosomal findings .9 Unspecified abnormal finding",–UW NOS
R81,Glycosuria,GLYC
R82,Other abnormal findings in urine,AFI
R82.0,Chyluria,CHYL
R82.1,Myoglobinuria,MYOG
R82.2,Biliuria,BILI
R82.3,Haemoglobinuria,HAEM
R82.4,Acetonuria Ketonuria,AK
R82.5,"Elevated urine levels of drugs, medicaments and biological substances Elevated urine levels of: • catecholamines • indoleacetic acid • 17-ketosteroids • steroids",EUL
R82.6,Abnormal urine levels of substances chiefly nonmedicinal as to source Abnormal urine level of heavy metals,AUL
R82.7,Abnormal findings on microbiological examination of urine Positive culture findings,AFO
R82.8,Abnormal findings on cytological and histological examination of urine,AFO
R82.9,"Other and unspecified abnormal findings in urine Cells and casts in urine Crystalluria Melanuria Abnormal findings on examination of other body fluids, substances and tissues, without diagnosis (R83–R89)",AFI NOS
R83,Abnormal findings in cerebrospinal fluid [See before R83 for subdivisions],AFI
R83–R89,"Abnormal findings on examination of other body fluids, substances and tissues, without diagnosis",AFO NOS
R84,Abnormal findings in specimens from respiratory organs and thorax [See before R83 for subdivisions],AFI
R85,Abnormal findings in specimens from digestive organs and abdominal cavity [See before R83 for subdivisions],AFI
R86,Abnormal findings in specimens from male genital organs [See before R83 for subdivisions],AFI
R87,Abnormal findings in specimens from female genital organs [See before R83 for subdivisions],AFI
R89,"Abnormal findings in specimens from other organs, systems and tissues [See before R83 for subdivisions]",AFI
R90,Abnormal findings on diagnostic imaging of central nervous system,AFO NOS
R90.0,Intracranial space-occupying lesion,ISL
R90.8,Other abnormal findings on diagnostic imaging of central nervous system Abnormal echoencephalogram White matter disease NOS,AFO NOS
R90–R94,"Abnormal findings on diagnostic imaging and in function studies, without diagnosis",AFO NOS
R91,Abnormal findings on diagnostic imaging of lung,AFO NOS
R92,Abnormal findings on diagnostic imaging of breast,AFO NOS
R93,Abnormal findings on diagnostic imaging of other body structures,AFO NOS
R93.0,"Abnormal findings on diagnostic imaging of skull and head, not elsewhere classified",AFO NOS
R93.1,Abnormal findings on diagnostic imaging of heart and coronary circulation Abnormal: • echocardiogram NOS • heart shadow,AFO NOS
R93.2,Abnormal findings on diagnostic imaging of liver and biliary tract Nonvisualization of gallbladder,AFO NOS
R93.3,Abnormal findings on diagnostic imaging of other parts of digestive tract,AFO NOS
R93.4,Abnormal findings on diagnostic imaging of urinary organs Filling defect of: • bladder • kidney • ureter,AFO NOS
R93.5,"Abnormal findings on diagnostic imaging of other abdominal regions, including retroperitoneum",AFO NOS
R93.6,Abnormal findings on diagnostic imaging of limbs,AFO NOS
R93.7,Abnormal findings on diagnostic imaging of other parts of musculoskeletal system,AFO NOS
R93.8,Abnormal findings on diagnostic imaging of other specified body structures Abnormal radiological finding in skin and subcutaneous tissue Mediastinal shift,AFO NOS
R94,Abnormal results of function studies,ARF
R94.0,Abnormal results of function studies of central nervous system Abnormal electroencephalogram [EEG],ARF
R94.1,Abnormal results of function studies of peripheral nervous system and special senses Abnormal: • electromyogram [EMG] • electro-oculogram [EOG] • electroretinogram [ERG] • response to nerve stimulation • visually evoked potential [VEP],ARF
R94.2,Abnormal results of pulmonary function studies Reduced: • ventilatory capacity • vital capacity,ARP
R94.3,Abnormal results of cardiovascular function studies Abnormal: • electrocardiogram [ECG][EKG] • electrophysiological intracardiac studies • phonocardiogram • vectorcardiogram,ARC
R94.4,Abnormal results of kidney function studies Abnormal renal function test,ARK
R94.5,Abnormal results of liver function studies,ARL
R94.6,Abnormal results of thyroid function studies,ART
R94.7,Abnormal results of other endocrine function studies,ARE
R94.8,Abnormal results of function studies of other organs and systems Abnormal: • basal metabolic rate [BMR] • bladder function test • splenic function test,ARF
R95,Sudden infant death syndrome,SID
R95.0,Sudden infant death syndrome with mention of autopsy,SID
R95.9,"Sudden infant death syndrome without mention of autopsy Sudden infant death syndrome, unspecified",SID NOS
R95–R99,Ill-defined and unknown causes of mortality,IUC
R96,"Other sudden death, cause unknown",SDC
R96.0,Instantaneous death Sudden unexplained death in adult,IDS
R96.1,"Death occurring less than 24 hours from onset of symptoms, not otherwise explained Death known not to be violent or instantaneous for which no cause can be discovered Death without sign of disease",DOL
R98,Unattended death,UD
R99,Other ill-defined and unspecified causes of mortality,ICM NOS
S00,Superficial injury of head,SIH
S00.0,Superficial injury of scalp,SIS
S00.1,Contusion of eyelid and periocular area Black eye,CEP
S00.2,Other superficial injuries of eyelid and periocular area,SIE
S00.3,Superficial injury of nose,SIN NOS
S00.4,Superficial injury of ear,SIE
S00.5,Superficial injury of lip and oral cavity,SIL
S00.7,Multiple superficial injuries of head,MSI
S00.8,Superficial injury of other parts of head,SIP
S00.9,"Superficial injury of head, part unspecified",SIH NOS
S00–S09,Injuries to the head,IH
S00–T98,causes when the reason for maternal care is that the condition is known or,CWR
S01,Open wound of head,OWH
S01.0,Open wound of scalp,OWS
S01.1,Open wound of eyelid and periocular area Open wound of eyelid and periocular area with or without involvement of lacrimal passages,OWE
S01.2,Open wound of nose,OWN NOS
S01.3,Open wound of ear,OWE
S01.4,Open wound of cheek and temporomandibular area,OWC
S01.5,Open wound of lip and oral cavity,OWL
S01.7,Multiple open wounds of head,MOW
S01.8,Open wound of other parts of head,OWP
S01.9,"Open wound of head, part unspecified",OWH NOS
S02,Fracture of skull and facial bones,FSF
S02.0,Fracture of vault of skull Frontal bone Parietal bone,FVS
S02.1,Fracture of base of skull Fossa: • anterior • middle • posterior Occiput Orbital roof Sinus: • ethmoid • frontal Sphenoid Temporal bone,FBS
S02.2,Fracture of nasal bones,FNB
S02.3,Fracture of orbital floor,FOF
S02.4,Fracture of malar and maxillary bones Superior maxilla Upper jaw (bone) Zygoma,FMM
S02.5,Fracture of tooth Broken tooth,FTB
S02.6,Fracture of mandible Lower jaw (bone),FML
S02.7,Multiple fractures involving skull and facial bones,MFI
S02.8,Fractures of other skull and facial bones Alveolus Orbit NOS Palate,FSF NOS
S02.9,"Fracture of skull and facial bones, part unspecified",FSF NOS
S03,"Dislocation, sprain and strain of joints and ligaments of head",DSS
S03.0,Dislocation of jaw Jaw (cartilage)(meniscus) Mandible Temporomandibular (joint),DJJ
S03.1,Dislocation of septal cartilage of nose,DSC NOS
S03.2,Dislocation of tooth,DT
S03.3,Dislocation of other and unspecified parts of head,DPH NOS
S03.4,Sprain and strain of jaw Temporomandibular (joint)(ligament),SSJ
S03.5,Sprain and strain of joints and ligaments of other and unspecified parts of head,SSJ NOS
S04,Injury of cranial nerves,ICN
S04.0,Injury of optic nerve and pathways Optic chiasm 2nd cranial nerve Visual cortex,ION
S04.1,Injury of oculomotor nerve 3rd cranial nerve,ION
S04.2,Injury of trochlear nerve 4th cranial nerve,ITN
S04.3,Injury of trigeminal nerve 5th cranial nerve,ITN
S04.4,Injury of abducent nerve 6th cranial nerve,IAN
S04.5,Injury of facial nerve 7th cranial nerve,IFN
S04.6,Injury of acoustic nerve Auditory nerve 8th cranial nerve,IAN
S04.7,Injury of accessory nerve 11th cranial nerve,IAN
S04.8,Injury of other cranial nerves Glossopharyngeal [9th] nerve Hypoglossal [12th] nerve Olfactory [1st] nerve Vagus [10th] nerve,ICN
S04.9,Injury of unspecified cranial nerve,ICN NOS
S05,Injury of eye and orbit,IEO
S05.0,Injury of conjunctiva and corneal abrasion without mention of foreign body,ICC
S05.1,Contusion of eyeball and orbital tissues Traumatic hyphaema,CEO
S05.2,Ocular laceration and rupture with prolapse or loss of intraocular tissue,OLR
S05.3,Ocular laceration without prolapse or loss of intraocular tissue Laceration of eye NOS,OLW NOS
S05.4,Penetrating wound of orbit with or without foreign body,PWO
S05.5,Penetrating wound of eyeball with foreign body,PWE
S05.6,Penetrating wound of eyeball without foreign body Ocular penetration NOS,PWE NOS
S05.7,Avulsion of eye Traumatic enucleation,AET
S05.8,Other injuries of eye and orbit Lacrimal duct injury,IEO
S05.9,"Injury of eye and orbit, unspecified Injury of eye NOS",IEO NOS
S06,Intracranial injury,II
S06.0,Concussion Commotio cerebri,CCC
S06.1,Traumatic cerebral oedema,TCO
S06.2,Diffuse brain injury Cerebral: • contusion NOS • laceration NOS Traumatic compression of brain NOS,DBI NOS
S06.3,Focal brain injury Focal: • cerebral: – contusion – laceration • traumatic intracerebral haemorrhage,FBI
S06.4,Epidural haemorrhage Extradural haemorrhage (traumatic),EHE
S06.5,Traumatic subdural haemorrhage,TSH
S06.6,Traumatic subarachnoid haemorrhage,TSH
S06.7,Intracranial injury with prolonged coma,IIP
S06.8,Other intracranial injuries Traumatic haemorrhage: • cerebellar • intracranial NOS,IIT NOS
S06.9,"Intracranial injury, unspecified Brain injury NOS",IIB NOS
S07,Crushing injury of head,CIH
S07.0,Crushing injury of face,CIF
S07.1,Crushing injury of skull,CIS
S07.8,Crushing injury of other parts of head,CIP
S07.9,"Crushing injury of head, part unspecified",CIH NOS
S08,Traumatic amputation of part of head,TAP
S08.0,Avulsion of scalp,AS
S08.1,Traumatic amputation of ear,TAE
S08.8,Traumatic amputation of other parts of head,TAP
S08.9,Traumatic amputation of unspecified part of head,TAP NOS
S09,Other and unspecified injuries of head,IH NOS
S09.0,"Injury of blood vessels of head, not elsewhere classified",IBV
S09.1,Injury of muscle and tendon of head,IMT
S09.2,Traumatic rupture of ear drum,TRE
S09.7,Multiple injuries of head Injuries classifiable to more than one of the categories S00-S09.2,MIH
S09.8,Other specified injuries of head,IH
S09.9,Unspecified injury of head Injury of: • face NOS • ear NOS • nose NOS Injuries to the neck (S10–S19),IHI NOS
S10,Superficial injury of neck,SIN
S10.0,Contusion of throat Cervical oesophagus Larynx Pharynx Trachea,CTC
S10.1,Other and unspecified superficial injuries of throat,SIT NOS
S10.7,Multiple superficial injuries of neck,MSI
S10.8,Superficial injury of other parts of neck,SIP
S10.9,"Superficial injury of neck, part unspecified",SIN NOS
S10–S19,• trachea (cervical) The following subdivisions are provided for optional use in a supplementary character position where it is not possible or not desired to use multiple coding: 0 without open wound into thoracic cavity 1 with open wound into thoracic cavity,•TF
S11,Open wound of neck,OWN
S11.0,Open wound involving larynx and trachea Trachea: • NOS • cervical,OWI NOS
S11.1,Open wound involving thyroid gland,OWI
S11.2,Open wound involving pharynx and cervical oesophagus,OWI
S11.7,Multiple open wounds of neck,MOW
S11.8,Open wound of other parts of neck,OWP
S11.9,"Open wound of neck, part unspecified",OWN NOS
S12,Fracture of neck,FN
S12.0,Fracture of first cervical vertebra Atlas,FFC
S12.1,Fracture of second cervical vertebra Axis,FSC
S12.2,Fracture of other specified cervical vertebra,FCV
S12.7,Multiple fractures of cervical spine,MFC
S12.8,Fracture of other parts of neck Hyoid bone Larynx Thyroid cartilage Trachea,FPN
S12.9,"Fracture of neck, part unspecified Fracture of cervical: • spine NOS • vertebra NOS",FNP NOS
S13,"Dislocation, sprain and strain of joints and ligaments at neck level",DSS
S13.0,Traumatic rupture of cervical intervertebral disc,TRC
S13.1,Dislocation of cervical vertebra Cervical spine NOS,DCV NOS
S13.2,Dislocation of other and unspecified parts of neck,DPN NOS
S13.3,Multiple dislocations of neck,MDN
S13.4,"Sprain and strain of cervical spine Anterior longitudinal (ligament), cervical Atlanto-axial (joints) Atlanto-occipital (joints) Whiplash injury",SSC
S13.5,Sprain and strain of thyroid region Cricoarytenoid (joint)(ligament) Cricothyroid (joint)(ligament) Thyroid cartilage,SST
S13.6,Sprain and strain of joints and ligaments of other and unspecified parts of neck,SSJ NOS
S14,Injury of nerves and spinal cord at neck level,INS
S14.0,Concussion and oedema of cervical spinal cord,COC
S14.1,Other and unspecified injuries of cervical spinal cord Injury of cervical spinal cord NOS,ICS NOS
S14.2,Injury of nerve root of cervical spine,INR
S14.3,Injury of brachial plexus,IBP
S14.4,Injury of peripheral nerves of neck,IPN
S14.5,Injury of cervical sympathetic nerves,ICS
S14.6,Injury of other and unspecified nerves of neck,INN NOS
S15,Injury of blood vessels at neck level,IBV
S15.0,Injury of carotid artery Carotid artery (common) (external) (internal),ICA
S15.1,Injury of vertebral artery,IVA
S15.2,Injury of external jugular vein,IEJ
S15.3,Injury of internal jugular vein,IIJ
S15.7,Injury of multiple blood vessels at neck level,IMB
S15.8,Injury of other blood vessels at neck level,IBV
S15.9,Injury of unspecified blood vessel at neck level,IBV NOS
S16,Injury of muscle and tendon at neck level,IMT
S17,Crushing injury of neck,CIN
S17.0,Crushing injury of larynx and trachea,CIL
S17.8,Crushing injury of other parts of neck,CIP
S17.9,"Crushing injury of neck, part unspecified",CIN NOS
S18,Traumatic amputation at neck level,TAA
S19,Other and unspecified injuries of neck,IN NOS
S19.7,Multiple injuries of neck Injuries classifiable to more than one of the categories S10–S18,MIN
S19.8,Other specified injuries of neck,IN
S19.9,Unspecified injury of neck,IN NOS
S20,Superficial injury of thorax,SIT
S20.0,Contusion of breast,CB
S20.1,Other and unspecified superficial injuries of breast,SIB NOS
S20.2,Contusion of thorax,CT
S20.3,Other superficial injuries of front wall of thorax,SIF
S20.4,Other superficial injuries of back wall of thorax,SIB
S20.7,Multiple superficial injuries of thorax,MSI
S20.8,Superficial injury of other and unspecified parts of thorax Thoracic wall NOS,SIP NOS
S20–S29,Injuries to the thorax,IT
S21,Open wound of thorax,OWT
S21.0,Open wound of breast,OWB
S21.1,Open wound of front wall of thorax,OWF
S21.2,Open wound of back wall of thorax,OWB
S21.7,Multiple open wounds of thoracic wall,MOW
S21.8,Open wound of other parts of thorax,OWP
S21.9,"Open wound of thorax, part unspecified Thoracic wall NOS",OWT NOS
S22,"Fracture of rib(s), sternum and thoracic spine",FRS
S22.0,Fracture of thoracic vertebra Fracture of thoracic spine NOS,FTV NOS
S22.1,Multiple fractures of thoracic spine,MFT
S22.2,Fracture of sternum,FS
S22.3,Fracture of rib,FR
S22.4,Multiple fractures of ribs,MFR
S22.5,Flail chest,FC
S22.8,Fracture of other parts of bony thorax,FPB
S22.9,"Fracture of bony thorax, part unspecified",FBT NOS
S23,"Dislocation, sprain and strain of joints and ligaments of thorax",DSS
S23.0,Traumatic rupture of thoracic intervertebral disc,TRT
S23.1,Dislocation of thoracic vertebra Thoracic spine NOS,DTV NOS
S23.2,Dislocation of other and unspecified parts of thorax,DPT NOS
S23.3,Sprain and strain of thoracic spine,SST
S23.4,Sprain and strain of ribs and sternum,SSR
S23.5,Sprain and strain of other and unspecified parts of thorax,SSP NOS
S24,Injury of nerves and spinal cord at thorax level,INS
S24.0,Concussion and oedema of thoracic spinal cord,COT
S24.1,Other and unspecified injuries of thoracic spinal cord,ITS NOS
S24.2,Injury of nerve root of thoracic spine,INR
S24.3,Injury of peripheral nerves of thorax,IPN
S24.4,Injury of thoracic sympathetic nerves Cardiac plexus Oesophageal plexus Pulmonary plexus Stellate ganglion Thoracic sympathetic ganglion,ITS
S24.5,Injury of other nerves of thorax,INT
S24.6,Injury of unspecified nerve of thorax,INT NOS
S25,Injury of blood vessels of thorax,IBV
S25.0,Injury of thoracic aorta Aorta NOS,ITA NOS
S25.1,Injury of innominate or subclavian artery,IIO
S25.2,Injury of superior vena cava Vena cava NOS,ISV NOS
S25.3,Injury of innominate or subclavian vein,IIO
S25.4,Injury of pulmonary blood vessels,IPB
S25.5,Injury of intercostal blood vessels,IIB
S25.7,Injury of multiple blood vessels of thorax,IMB
S25.8,Injury of other blood vessels of thorax Azygos vein Mammary artery or vein,IBV
S25.9,Injury of unspecified blood vessel of thorax,IBV NOS
S26,Injury of heart,IH
S26.0,Injury of heart with haemopericardium,IHH
S26.8,Other injuries of heart,IH
S26.9,"Injury of heart, unspecified",IH NOS
S27,Injury of other and unspecified intrathoracic organs,IIO NOS
S27.0,Traumatic pneumothorax,TP
S27.1,Traumatic haemothorax,TH
S27.2,Traumatic haemopneumothorax,TH
S27.3,Other injuries of lung,IL
S27.4,Injury of bronchus,IB
S27.5,Injury of thoracic trachea,ITT
S27.6,Injury of pleura,IP
S27.7,Multiple injuries of intrathoracic organs,MII
S27.8,Injury of other specified intrathoracic organs Diaphragm Lymphatic thoracic duct Oesophagus (thoracic part) Thymus gland,IIO
S27.9,Injury of unspecified intrathoracic organ,IIO NOS
S28,Crushing injury of thorax and traumatic amputation of part of thorax,CIT
S28.0,Crushed chest,CC
S28.1,Traumatic amputation of part of thorax,TAP
S29,Other and unspecified injuries of thorax,IT NOS
S29.0,Injury of muscle and tendon at thorax level,IMT
S29.7,Multiple injuries of thorax Injuries classifiable to more than one of the categories S20–S29.0,MIT
S29.8,Other specified injuries of thorax,IT
S29.9,"Unspecified injury of thorax Injuries to the abdomen, lower back, lumbar spine and pelvis (S30–S39)",ITI NOS
S30,"Superficial injury of abdomen, lower back and pelvis",SIA
S30.0,Contusion of lower back and pelvis Buttock,CLB
S30.1,Contusion of abdominal wall Flank Groin,CAW
S30.2,Contusion of external genital organs Labium (majus)(minus) Penis Perineum Scrotum Testis Vagina Vulva,CEG
S30.7,"Multiple superficial injuries of abdomen, lower back and pelvis",MSI
S30.8,"Other superficial injuries of abdomen, lower back and pelvis",SIA
S30.9,"Superficial injury of abdomen, lower back and pelvis, part unspecified",SIA NOS
S30–S39,"Injuries to the abdomen, lower back, lumbar spine and pelvis",IAL
S31,"Open wound of abdomen, lower back and pelvis",OWA
S31.0,Open wound of lower back and pelvis Buttock,OWL
S31.1,Open wound of abdominal wall Flank Groin,OWA
S31.2,Open wound of penis,OWP
S31.3,Open wound of scrotum and testes,OWS
S31.4,Open wound of vagina and vulva,OWV
S31.5,Open wound of other and unspecified external genital organs,OWE NOS
S31.7,"Multiple open wounds of abdomen, lower back and pelvis",MOW
S31.8,Open wound of other and unspecified parts of abdomen,OWP NOS
S32,Fracture of lumbar spine and pelvis,FLS
S32.0,Fracture of lumbar vertebra Fracture of lumbar spine,FLV
S32.1,Fracture of sacrum,FS
S32.2,Fracture of coccyx,FC
S32.3,Fracture of ilium,FI
S32.4,Fracture of acetabulum,FA
S32.5,Fracture of pubis,FP
S32.7,Multiple fractures of lumbar spine and pelvis,MFL
S32.8,Fracture of other and unspecified parts of lumbar spine and pelvis Fracture of: • ischium • lumbosacral spine NOS • pelvis NOS,FPL NOS
S33,"Dislocation, sprain and strain of joints and ligaments of lumbar spine and pelvis",DSS
S33.0,Traumatic rupture of lumbar intervertebral disc,TRL
S33.1,Dislocation of lumbar vertebra Dislocation of lumbar spine NOS,DLV NOS
S33.2,Dislocation of sacroiliac and sacrococcygeal joint,DSS
S33.3,Dislocation of other and unspecified parts of lumbar spine and pelvis,DPL NOS
S33.4,Traumatic rupture of symphysis pubis,TRS
S33.5,Sprain and strain of lumbar spine,SSL
S33.6,Sprain and strain of sacroiliac joint,SSS
S33.7,Sprain and strain of other and unspecified parts of lumbar spine and pelvis,SSP NOS
S34,"Injury of nerves and lumbar spinal cord at abdomen, lower back and pelvis level",INL
S34.0,Concussion and oedema of lumbar spinal cord,COL
S34.1,Other injury of lumbar spinal cord,ILS
S34.2,Injury of nerve root of lumbar and sacral spine,INR
S34.3,Injury of cauda equina,ICE
S34.4,Injury of lumbosacral plexus,ILP
S34.5,"Injury of lumbar, sacral and pelvic sympathetic nerves Coeliac ganglion or plexus Hypogastric plexus Mesenteric plexus (inferior)(superior) Splanchnic nerve",ILS
S34.6,"Injury of peripheral nerve(s) of abdomen, lower back and pelvis",IPN
S34.8,"Injury of other and unspecified nerves at abdomen, lower back and pelvis level",INA NOS
S35,"Injury of blood vessels at abdomen, lower back and pelvis level",IBV
S35.0,Injury of abdominal aorta,IAA
S35.1,Injury of inferior vena cava Hepatic vein,IIV
S35.2,Injury of coeliac or mesenteric artery Gastric artery Gastroduodenal artery Hepatic artery Mesenteric artery (inferior)(superior) Splenic artery,ICO
S35.3,Injury of portal or splenic vein Mesenteric vein (inferior)(superior),IPO
S35.4,Injury of renal blood vessels Renal artery or vein,IRB
S35.5,Injury of iliac blood vessels Hypogastric artery or vein Iliac artery or vein Uterine artery or vein,IIB
S35.7,"Injury of multiple blood vessels at abdomen, lower back and pelvis level",IMB
S35.8,"Injury of other blood vessels at abdomen, lower back and pelvis level Ovarian artery or vein",IBV
S35.9,"Injury of unspecified blood vessel at abdomen, lower back and pelvis level",IBV NOS
S36,Injury of intra-abdominal organs The following subdivisions are provided for optional use in a supplementary character position where it is not possible or not desired to use multiple coding: 0 without open wound into cavity 1 with open wound into cavity,IIO
S36.0,Injury of spleen,IS
S36.1,Injury of liver or gallbladder Bile duct,ILO
S36.2,Injury of pancreas,IP
S36.3,Injury of stomach,IS
S36.4,Injury of small intestine,ISI
S36.5,Injury of colon,IC
S36.6,Injury of rectum,IR
S36.7,Injury of multiple intra-abdominal organs,IMI
S36.8,Injury of other intra-abdominal organs Peritoneum Retroperitoneum,IIO
S36.9,Injury of unspecified intra-abdominal organ,IIO NOS
S37,Injury of urinary and pelvic organs,IUP
S37.0,Injury of kidney,IK
S37.1,Injury of ureter,IU
S37.2,Injury of bladder,IB
S37.3,Injury of urethra,IU
S37.4,Injury of ovary,IO
S37.5,Injury of fallopian tube,IFT
S37.6,Injury of uterus,IU
S37.7,Injury of multiple pelvic organs,IMP
S37.8,Injury of other pelvic organs Adrenal gland Prostate Seminal vesicle Vas deferens,IPO
S37.9,Injury of unspecified pelvic organ,IPO NOS
S38,"Crushing injury and traumatic amputation of part of abdomen, lower back and pelvis",CIT
S38.0,Crushing injury of external genital organs,CIE
S38.1,"Crushing injury of other and unspecified parts of abdomen, lower back and pelvis",CIP NOS
S38.2,Traumatic amputation of external genital organs Labium (majus)(minus) Penis Scrotum Testis Vulva,TAE
S38.3,"Traumatic amputation of other and unspecified parts of abdomen, lower back and pelvis",TAP NOS
S39,"Other and unspecified injuries of abdomen, lower back and pelvis",IAL NOS
S39.0,"Injury of muscle and tendon of abdomen, lower back and pelvis",IMT
S39.6,Injury of intra-abdominal organ(s) with pelvic organ(s),IIO
S39.7,"Other multiple injuries of abdomen, lower back and pelvis Injuries classifiable to more than one of the categories S30–S39.6",MIA
S39.8,"Other specified injuries of abdomen, lower back and pelvis",IAL
S39.9,"Unspecified injury of abdomen, lower back and pelvis Injuries to the shoulder and upper arm (S40–S49)",IAL NOS
S40,Superficial injury of shoulder and upper arm,SIS
S40.0,Contusion of shoulder and upper arm,CSU
S40.7,Multiple superficial injuries of shoulder and upper arm,MSI
S40.8,Other superficial injuries of shoulder and upper arm,SIS
S40.9,"Superficial injury of shoulder and upper arm, unspecified",SIS NOS
S40–S49,"• shoulder • spinal cord NOS (T09.3) • trunk NOS (T09.-) insect bite or sting, venomous (T63.4)",•S• NOS
S41,Open wound of shoulder and upper arm,OWS
S41.0,Open wound of shoulder,OWS
S41.1,Open wound of upper arm,OWU
S41.7,Multiple open wounds of shoulder and upper arm,MOW
S41.8,Open wound of other and unspecified parts of shoulder girdle,OWP NOS
S42,Fracture of shoulder and upper arm The following subdivisions are provided for optional use in a supplementary character position where it is not possible or not desired to use multiple coding to identify fracture and open wound; a fracture not indicated as closed or open should be classified as closed: 0 closed 1 open,FSU
S42.0,Fracture of clavicle Clavicle: • acromial end • shaft Collar bone,FCC
S42.1,Fracture of scapula Acromial process Acromion (process) Scapula (body)(glenoid cavity)(neck) Shoulder blade,FSA
S42.2,Fracture of upper end of humerus Anatomical neck Great tuberosity Proximal end Surgical neck Upper epiphysis,FUE
S42.3,Fracture of shaft of humerus Humerus NOS Upper arm NOS,FSH NOS
S42.4,Fracture of lower end of humerus Articular process Distal end External condyle Intercondylar Internal epicondyle Lower epiphysis Supracondylar,FLE
S42.7,"Multiple fractures of clavicle, scapula and humerus",MFC
S42.8,Fracture of other parts of shoulder and upper arm,FPS
S42.9,"Fracture of shoulder girdle, part unspecified Fracture of shoulder NOS",FSG NOS
S43,"Dislocation, sprain and strain of joints and ligaments of shoulder girdle",DSS
S43.0,Dislocation of shoulder joint Glenohumeral joint,DSJ
S43.1,Dislocation of acromioclavicular joint,DAJ
S43.2,Dislocation of sternoclavicular joint,DSJ
S43.3,Dislocation of other and unspecified parts of shoulder girdle Dislocation of shoulder girdle NOS,DPS NOS
S43.4,Sprain and strain of shoulder joint Coracohumeral (ligament) Rotator cuff capsule,SSS
S43.5,Sprain and strain of acromioclavicular joint Acromioclavicular ligament,SSA
S43.6,Sprain and strain of sternoclavicular joint,SSS
S43.7,Sprain and strain of other and unspecified parts of shoulder girdle Sprain and strain of shoulder girdle NOS,SSP NOS
S44,Injury of nerves at shoulder and upper arm level,INA
S44.0,Injury of ulnar nerve at upper arm level,IUN
S44.1,Injury of median nerve at upper arm level,IMN
S44.2,Injury of radial nerve at upper arm level,IRN
S44.3,Injury of axillary nerve,IAN
S44.4,Injury of musculocutaneous nerve,IMN
S44.5,Injury of cutaneous sensory nerve at shoulder and upper arm level,ICS
S44.7,Injury of multiple nerves at shoulder and upper arm level,IMN
S44.8,Injury of other nerves at shoulder and upper arm level,INA
S44.9,Injury of unspecified nerve at shoulder and upper arm level,INA NOS
S45,Injury of blood vessels at shoulder and upper arm level,IBV
S45.0,Injury of axillary artery,IAA
S45.1,Injury of brachial artery,IBA
S45.2,Injury of axillary or brachial vein,IAO
S45.3,Injury of superficial vein at shoulder and upper arm level,ISV
S45.7,Injury of multiple blood vessels at shoulder and upper arm level,IMB
S45.8,Injury of other blood vessels at shoulder and upper arm level,IBV
S45.9,Injury of unspecified blood vessel at shoulder and upper arm level,IBV NOS
S46,Injury of muscle and tendon at shoulder and upper arm level,IMT
S46.0,Injury of muscle(s) and tendon(s) of the rotator cuff of shoulder,IMT
S46.1,Injury of muscle and tendon of long head of biceps,IMT
S46.2,Injury of muscle and tendon of other parts of biceps,IMT
S46.3,Injury of muscle and tendon of triceps,IMT
S46.7,Injury of multiple muscles and tendons at shoulder and upper arm level,IMM
S46.8,Injury of other muscles and tendons at shoulder and upper arm level,IMT
S46.9,Injury of unspecified muscle and tendon at shoulder and upper arm level,IMT NOS
S47,Crushing injury of shoulder and upper arm,CIS
S48,Traumatic amputation of shoulder and upper arm,TAS
S48.0,Traumatic amputation at shoulder joint,TAA
S48.1,Traumatic amputation at level between shoulder and elbow,TAA
S48.9,"Traumatic amputation of shoulder and upper arm, level unspecified",TAS NOS
S49,Other and unspecified injuries of shoulder and upper arm,ISU NOS
S49.7,Multiple injuries of shoulder and upper arm Injuries classifiable to more than one of the categories S40–S48,MIS
S49.8,Other specified injuries of shoulder and upper arm,ISU
S49.9,Unspecified injury of shoulder and upper arm,ISU NOS
S50,Superficial injury of forearm,SIF
S50.0,Contusion of elbow,CE
S50.1,Contusion of other and unspecified parts of forearm,CPF NOS
S50.7,Multiple superficial injuries of forearm,MSI
S50.8,Other superficial injuries of forearm,SIF
S50.9,"Superficial injury of forearm, unspecified Superficial injury of elbow NOS",SIF NOS
S50–S59,"• elbow insect bite or sting, venomous (T63.4)",•EI
S51,Open wound of forearm,OWF
S51.0,Open wound of elbow,OWE
S51.7,Multiple open wounds of forearm,MOW
S51.8,Open wound of other parts of forearm,OWP
S51.9,"Open wound of forearm, part unspecified",OWF NOS
S52,Fracture of forearm,FF
S52.0,Fracture of upper end of ulna Coronoid process Elbow NOS Monteggia fracture-dislocation Olecranon process Proximal end,FUE NOS
S52.1,Fracture of upper end of radius Head Neck Proximal end,FUE
S52.2,Fracture of shaft of ulna,FSU
S52.3,Fracture of shaft of radius,FSR
S52.4,Fracture of shafts of both ulna and radius,FSB
S52.5,Fracture of lower end of radius Colles fracture Smith fracture,FLE
S52.6,Fracture of lower end of both ulna and radius,FLE
S52.7,Multiple fractures of forearm,MFF
S52.8,Fracture of other parts of forearm Lower end of ulna Head of ulna,FPF
S52.9,"Fracture of forearm, part unspecified",FFP NOS
S53,"Dislocation, sprain and strain of joints and ligaments of elbow",DSS
S53.0,Dislocation of radial head Radiohumeral joint,DRH
S53.1,"Dislocation of elbow, unspecified Ulnohumeral joint",DEU NOS
S53.2,Traumatic rupture of radial collateral ligament,TRR
S53.3,Traumatic rupture of ulnar collateral ligament,TRU
S53.4,Sprain and strain of elbow,SSE
S54,Injury of nerves at forearm level,INA
S54.0,Injury of ulnar nerve at forearm level Ulnar nerve NOS,IUN NOS
S54.1,Injury of median nerve at forearm level Median nerve NOS,IMN NOS
S54.2,Injury of radial nerve at forearm level Radial nerve NOS,IRN NOS
S54.3,Injury of cutaneous sensory nerve at forearm level,ICS
S54.7,Injury of multiple nerves at forearm level,IMN
S54.8,Injury of other nerves at forearm level,INA
S54.9,Injury of unspecified nerve at forearm level,INA NOS
S55,Injury of blood vessels at forearm level,IBV
S55.0,Injury of ulnar artery at forearm level,IUA
S55.1,Injury of radial artery at forearm level,IRA
S55.2,Injury of vein at forearm level,IVA
S55.7,Injury of multiple blood vessels at forearm level,IMB
S55.8,Injury of other blood vessels at forearm level,IBV
S55.9,Injury of unspecified blood vessel at forearm level,IBV NOS
S56,Injury of muscle and tendon at forearm level,IMT
S56.0,Injury of flexor muscle and tendon of thumb at forearm level,IFM
S56.1,Injury of long flexor muscle and tendon of other finger(s) at forearm level,ILF
S56.2,Injury of other flexor muscle and tendon at forearm level,IFM
S56.3,Injury of extensor or abductor muscles and tendons of thumb at forearm level,IEO
S56.4,Injury of extensor muscle and tendon of other finger(s) at forearm level,IEM
S56.5,Injury of other extensor muscle and tendon at forearm level,IEM
S56.7,Injury of multiple muscles and tendons at forearm level,IMM
S56.8,Injury of other and unspecified muscles and tendons at forearm level,IMT NOS
S57,Crushing injury of forearm,CIF
S57.0,Crushing injury of elbow,CIE
S57.8,Crushing injury of other parts of forearm,CIP
S57.9,"Crushing injury of forearm, part unspecified",CIF NOS
S58,Traumatic amputation of forearm,TAF
S58.0,Traumatic amputation at elbow level,TAA
S58.1,Traumatic amputation at level between elbow and wrist,TAA
S58.9,"Traumatic amputation of forearm, level unspecified",TAF NOS
S59,Other and unspecified injuries of forearm,IF NOS
S59.7,Multiple injuries of forearm Injuries classifiable to more than one of the categories S50-S58,MIF
S59.8,Other specified injuries of forearm,IF
S59.9,Unspecified injury of forearm Injuries to the wrist and hand (S60–S69),IFI NOS
S60,Superficial injury of wrist and hand,SIW
S60.0,Contusion of finger(s) without damage to nail Contusion of finger(s) NOS,CFW NOS
S60.1,Contusion of finger(s) with damage to nail,CFD
S60.2,Contusion of other parts of wrist and hand,CPW
S60.7,Multiple superficial injuries of wrist and hand,MSI
S60.8,Other superficial injuries of wrist and hand,SIW
S60.9,"Superficial injury of wrist and hand, unspecified",SIW NOS
S60–S69,"• wrist and hand insect bite or sting, venomous (T63.4)",•WH
S61,Open wound of wrist and hand,OWW
S61.0,Open wound of finger(s) without damage to nail Open wound of finger(s) NOS,OWF NOS
S61.1,Open wound of finger(s) with damage to nail,OWF
S61.7,Multiple open wounds of wrist and hand,MOW
S61.8,Open wound of other parts of wrist and hand,OWP
S61.9,"Open wound of wrist and hand, part unspecified",OWW NOS
S62,Fracture at wrist and hand level,FAW
S62.0,Fracture of navicular [scaphoid] bone of hand,FNB
S62.1,Fracture of other carpal bone(s) Capitate [os magnum] Hamate [unciform] Lunate [semilunar] Pisiform Trapezium [greater multangular] Trapezoid [lesser multangular] Triquetrum [cuneiform of carpus],FCB
S62.2,Fracture of first metacarpal bone Bennett’s fracture,FFM
S62.3,Fracture of other metacarpal bone,FMB
S62.4,Multiple fractures of metacarpal bones,MFM
S62.5,Fracture of thumb,FT
S62.6,Fracture of other finger,FF
S62.7,Multiple fractures of fingers,MFF
S62.8,Fracture of other and unspecified parts of wrist and hand,FPW NOS
S63,"Dislocation, sprain and strain of joints and ligaments at wrist and hand level",DSS
S63.0,"Dislocation of wrist Carpal (bone) Carpometacarpal (joint) Metacarpal (bone), proximal end Midcarpal (joint) Radiocarpal (joint) Radioulnar (joint), distal Radius, distal end Ulna, distal end",DWC
S63.1,"Dislocation of finger Interphalangeal (joint), hand Metacarpal (bone), distal end Metacarpophalangeal (joint) Phalanx, hand Thumb",DFI
S63.2,Multiple dislocations of fingers,MDF
S63.3,"Traumatic rupture of ligament of wrist and carpus Collateral, wrist Radiocarpal (ligament) Ulnocarpal (palmar)",TRL
S63.4,Traumatic rupture of ligament of finger at metacarpophalangeal and interphalangeal joint(s) Collateral Palmar Volar plate,TRL
S63.5,Sprain and strain of wrist Carpal (joint) Radiocarpal (joint) (ligament),SSW
S63.6,"Sprain and strain of finger(s) Interphalangeal (joint), hand Metacarpophalangeal (joint) Phalanx, hand Thumb",SSF
S63.7,Sprain and strain of other and unspecified parts of hand,SSP NOS
S64,Injury of nerves at wrist and hand level,INA
S64.0,Injury of ulnar nerve at wrist and hand level,IUN
S64.1,Injury of median nerve at wrist and hand level,IMN
S64.2,Injury of radial nerve at wrist and hand level,IRN
S64.3,Injury of digital nerve of thumb,IDN
S64.4,Injury of digital nerve of other finger,IDN
S64.7,Injury of multiple nerves at wrist and hand level,IMN
S64.8,Injury of other nerves at wrist and hand level,INA
S64.9,Injury of unspecified nerve at wrist and hand level,INA NOS
S65,Injury of blood vessels at wrist and hand level,IBV
S65.0,Injury of ulnar artery at wrist and hand level,IUA
S65.1,Injury of radial artery at wrist and hand level,IRA
S65.2,Injury of superficial palmar arch,ISP
S65.3,Injury of deep palmar arch,IDP
S65.4,Injury of blood vessel(s) of thumb,IBV
S65.5,Injury of blood vessel(s) of other finger,IBV
S65.7,Injury of multiple blood vessels at wrist and hand level,IMB
S65.8,Injury of other blood vessels at wrist and hand level,IBV
S65.9,Injury of unspecified blood vessel at wrist and hand level,IBV NOS
S66,Injury of muscle and tendon at wrist and hand level,IMT
S66.0,Injury of long flexor muscle and tendon of thumb at wrist and hand level,ILF
S66.1,Injury of flexor muscle and tendon of other finger at wrist and hand level,IFM
S66.2,Injury of extensor muscle and tendon of thumb at wrist and hand level,IEM
S66.3,Injury of extensor muscle and tendon of other finger at wrist and hand level,IEM
S66.4,Injury of intrinsic muscle and tendon of thumb at wrist and hand level,IIM
S66.5,Injury of intrinsic muscle and tendon of other finger at wrist and hand level,IIM
S66.6,Injury of multiple flexor muscles and tendons at wrist and hand level,IMF
S66.7,Injury of multiple extensor muscles and tendons at wrist and hand level,IME
S66.8,Injury of other muscles and tendons at wrist and hand level,IMT
S66.9,Injury of unspecified muscle and tendon at wrist and hand level,IMT NOS
S67,Crushing injury of wrist and hand,CIW
S67.0,Crushing injury of thumb and other finger(s),CIT
S67.8,Crushing injury of other and unspecified parts of wrist and hand,CIP NOS
S68,Traumatic amputation of wrist and hand,TAW
S68.0,Traumatic amputation of thumb (complete)(partial),TAT
S68.1,Traumatic amputation of other single finger (complete)(partial),TAS
S68.2,Traumatic amputation of two or more fingers alone (complete)(partial),TAT
S68.3,Combined traumatic amputation of (part of) finger(s) with other parts of wrist and hand,CTA
S68.4,Traumatic amputation of hand at wrist level,TAH
S68.8,Traumatic amputation of other parts of wrist and hand,TAP
S68.9,"Traumatic amputation of wrist and hand, level unspecified",TAW NOS
S69,Other and unspecified injuries of wrist and hand,IWH NOS
S69.7,Multiple injuries of wrist and hand Injuries classifiable to more than one of the categories S60–S68,MIW
S69.8,Other specified injuries of wrist and hand,IWH
S69.9,Unspecified injury of wrist and hand Injuries to the hip and thigh (S70–S79),IWH NOS
S70,Superficial injury of hip and thigh,SIH
S70.0,Contusion of hip,CH
S70.1,Contusion of thigh,CT
S70.7,Multiple superficial injuries of hip and thigh,MSI
S70.8,Other superficial injuries of hip and thigh,SIH
S70.9,"Superficial injury of hip and thigh, unspecified",SIH NOS
S70–S79,Injuries to the hip and thigh,IHT
S71,Open wound of hip and thigh,OWH
S71.0,Open wound of hip,OWH
S71.1,Open wound of thigh,OWT
S71.7,Multiple open wounds of hip and thigh,MOW
S71.8,Open wound of other and unspecified parts of pelvic girdle,OWP NOS
S72,Fracture of femur The following subdivisions are provided for optional use in a supplementary character position where it is not possible or not desired to use multiple coding to identify fracture and open wound; a fracture not indicated as closed or open should be classified as closed: 0 closed 1 open,FFF
S72.0,Fracture of neck of femur Fracture of hip NOS,FNF NOS
S72.1,Pertrochanteric fracture Intertrochanteric fracture Trochanteric fracture,PFI
S72.2,Subtrochanteric fracture,SF
S72.3,Fracture of shaft of femur,FSF
S72.4,Fracture of lower end of femur,FLE
S72.7,Multiple fractures of femur,MFF
S72.8,Fractures of other parts of femur,FPF
S72.9,"Fracture of femur, part unspecified",FFP NOS
S73,"Dislocation, sprain and strain of joint and ligaments of hip",DSS
S73.0,Dislocation of hip,DH
S73.1,Sprain and strain of hip,SSH
S74,Injury of nerves at hip and thigh level,INA
S74.0,Injury of sciatic nerve at hip and thigh level,ISN
S74.1,Injury of femoral nerve at hip and thigh level,IFN
S74.2,Injury of cutaneous sensory nerve at hip and thigh level,ICS
S74.7,Injury of multiple nerves at hip and thigh level,IMN
S74.8,Injury of other nerves at hip and thigh level,INA
S74.9,Injury of unspecified nerve at hip and thigh level,INA NOS
S75,Injury of blood vessels at hip and thigh level,IBV
S75.0,Injury of femoral artery,IFA
S75.1,Injury of femoral vein at hip and thigh level,IFV
S75.2,Injury of greater saphenous vein at hip and thigh level,IGS
S75.7,Injury of multiple blood vessels at hip and thigh level,IMB
S75.8,Injury of other blood vessels at hip and thigh level,IBV
S75.9,Injury of unspecified blood vessel at hip and thigh level,IBV NOS
S76,Injury of muscle and tendon at hip and thigh level,IMT
S76.0,Injury of muscle and tendon of hip,IMT
S76.1,Injury of quadriceps muscle and tendon Patellar ligament (tendon),IQM
S76.2,Injury of adductor muscle and tendon of thigh,IAM
S76.3,Injury of muscle and tendon of the posterior muscle group at thigh level,IMT
S76.4,Injury of other and unspecified muscles and tendons at thigh level,IMT NOS
S76.7,Injury of multiple muscles and tendons at hip and thigh level,IMM
S77,Crushing injury of hip and thigh,CIH
S77.0,Crushing injury of hip,CIH
S77.1,Crushing injury of thigh,CIT
S77.2,Crushing injury of hip with thigh,CIH
S78,Traumatic amputation of hip and thigh,TAH
S78.0,Traumatic amputation at hip joint,TAA
S78.1,Traumatic amputation at level between hip and knee,TAA
S78.9,"Traumatic amputation of hip and thigh, level unspecified",TAH NOS
S79,Other and unspecified injuries of hip and thigh,IHT NOS
S79.7,Multiple injuries of hip and thigh Injuries classifiable to more than one of the categories S70-S78,MIH
S79.8,Other specified injuries of hip and thigh,IHT
S79.9,Unspecified injury of hip and thigh,IHT NOS
S80,Superficial injury of lower leg,SIL
S80.0,Contusion of knee,CK
S80.1,Contusion of other and unspecified parts of lower leg,CPL NOS
S80.7,Multiple superficial injuries of lower leg,MSI
S80.8,Other superficial injuries of lower leg,SIL
S80.9,"Superficial injury of lower leg, unspecified",SIL NOS
S80–S89,Injuries to the knee and lower leg,IKL
S81,Open wound of lower leg,OWL
S81.0,Open wound of knee,OWK
S81.7,Multiple open wounds of lower leg,MOW
S81.8,Open wound of other parts of lower leg,OWP
S81.9,"Open wound of lower leg, part unspecified",OWL NOS
S82,"Fracture of lower leg, including ankle",FLL
S82.0,Fracture of patella Knee cap,FPK
S82.1,Fracture of upper end of tibia Tibial: • condyles • head with or without mention of fracture of • plateau fibula • proximal end • tuberosity,FUE
S82.2,Fracture of shaft of tibia With or without mention of fracture of fibula,FST
S82.3,Fracture of lower end of tibia With or without mention of fracture of fibula,FLE
S82.4,Fracture of fibula alone,FFA
S82.5,Fracture of medial malleolus Tibia involving: • ankle • malleolus,FMM
S82.6,Fracture of lateral malleolus Fibula involving: • ankle • malleolus,FLM
S82.7,Multiple fractures of lower leg,MFL
S82.8,Fractures of other parts of lower leg Fracture (of): • ankle NOS • bimalleolar • trimalleolar,FPL NOS
S82.9,"Fracture of lower leg, part unspecified",FLL NOS
S83,"Dislocation, sprain and strain of joints and ligaments of knee",DSS
S83.0,Dislocation of patella,DP
S83.1,Dislocation of knee Tibiofibular (joint),DKT
S83.2,"Tear of meniscus, current Bucket-handle tear (of): • NOS • lateral meniscus • medial meniscus",TMC NOS
S83.3,"Tear of articular cartilage of knee, current",TAC
S83.4,Sprain and strain involving (fibular)(tibial) collateral ligament of knee,SSI
S83.5,Sprain and strain involving (anterior)(posterior) cruciate ligament of knee,SSI
S83.6,"Sprain and strain of other and unspecified parts of knee Tibiofibular joint and ligament, superior",SSP NOS
S83.7,Injury to multiple structures of knee Injury to (lateral)(medial) meniscus in combination with (collateral) (cruciate) ligaments,IMS
S84,Injury of nerves at lower leg level,INA
S84.0,Injury of tibial nerve at lower leg level,ITN
S84.1,Injury of peroneal nerve at lower leg level,IPN
S84.2,Injury of cutaneous sensory nerve at lower leg level,ICS
S84.7,Injury of multiple nerves at lower leg level,IMN
S84.8,Injury of other nerves at lower leg level,INA
S84.9,Injury of unspecified nerve at lower leg level,INA NOS
S85,Injury of blood vessels at lower leg level,IBV
S85.0,Injury of popliteal artery,IPA
S85.1,Injury of (anterior)(posterior) tibial artery,ITA
S85.2,Injury of peroneal artery,IPA
S85.3,Injury of greater saphenous vein at lower leg level Greater saphenous vein NOS,IGS NOS
S85.4,Injury of lesser saphenous vein at lower leg level,ILS
S85.5,Injury of popliteal vein,IPV
S85.7,Injury of multiple blood vessels at lower leg level,IMB
S85.8,Injury of other blood vessels at lower leg level,IBV
S85.9,Injury of unspecified blood vessel at lower leg level,IBV NOS
S86,Injury of muscle and tendon at lower leg level,IMT
S86.0,Injury of Achilles tendon,IAT
S86.1,Injury of other muscle(s) and tendon(s) of posterior muscle group at lower leg level,IMT
S86.2,Injury of muscle(s) and tendon(s) of anterior muscle group at lower leg level,IMT
S86.3,Injury of muscle(s) and tendon(s) of peroneal muscle group at lower leg level,IMT
S86.7,Injury of multiple muscles and tendons at lower leg level,IMM
S86.8,Injury of other muscles and tendons at lower leg level,IMT
S86.9,Injury of unspecified muscle and tendon at lower leg level,IMT NOS
S87,Crushing injury of lower leg,CIL
S87.0,Crushing injury of knee,CIK
S87.8,Crushing injury of other and unspecified parts of lower leg,CIP NOS
S88,Traumatic amputation of lower leg,TAL
S88.0,Traumatic amputation at knee level,TAA
S88.1,Traumatic amputation at level between knee and ankle,TAA
S88.9,"Traumatic amputation of lower leg, level unspecified",TAL NOS
S89,Other and unspecified injuries of lower leg,ILL NOS
S89.7,Multiple injuries of lower leg Injuries classifiable to more than one of the categories S80–S88,MIL
S89.8,Other specified injuries of lower leg,ILL
S89.9,Unspecified injury of lower leg,ILL NOS
S90,Superficial injury of ankle and foot,SIA
S90.0,Contusion of ankle,CA
S90.1,Contusion of toe(s) without damage to nail Contusion of toe(s) NOS,CTW NOS
S90.2,Contusion of toe(s) with damage to nail,CTD
S90.3,Contusion of other and unspecified parts of foot,CPF NOS
S90.7,Multiple superficial injuries of ankle and foot,MSI
S90.8,Other superficial injuries of ankle and foot,SIA
S90.9,"Superficial injury of ankle and foot, unspecified",SIA NOS
S90–S99,"• ankle and foot, except fracture of ankle and malleolus",•AF
S91,Open wound of ankle and foot,OWA
S91.0,Open wound of ankle,OWA
S91.1,Open wound of toe(s) without damage to nail Open wound of toe(s) NOS,OWT NOS
S91.2,Open wound of toe(s) with damage to nail,OWT
S91.3,Open wound of other parts of foot Open wound of foot NOS,OWP NOS
S91.7,Multiple open wounds of ankle and foot,MOW
S92,"Fracture of foot, except ankle",FFE
S92.0,Fracture of calcaneus Heel bone Os calcis,FCH
S92.1,Fracture of talus Astragalus,FTA
S92.2,"Fracture of other tarsal bone(s) Cuboid Cuneiform, foot (intermediate)(lateral)(medial) Navicular, foot",FTB
S92.3,Fracture of metatarsal bone,FMB
S92.4,Fracture of great toe,FGT
S92.5,Fracture of other toe,FT
S92.7,Multiple fractures of foot,MFF
S92.9,"Fracture of foot, unspecified",FF NOS
S93,"Dislocation, sprain and strain of joints and ligaments at ankle and foot level",DSS
S93.0,"Dislocation of ankle joint Astragalus Fibula, lower end Talus Tibia, lower end",DAJ
S93.1,Dislocation of toe(s) Interphalangeal (joint(s)) Metatarsophalangeal (joint(s)),DTI
S93.2,Rupture of ligaments at ankle and foot level,RLA
S93.3,"Dislocation of other and unspecified parts of foot Navicular, foot Tarsal (joint(s)) Tarsometatarsal (joint(s))",DPF NOS
S93.4,"Sprain and strain of ankle Calcaneofibular (ligament) Deltoid (ligament) Internal collateral (ligament) Talofibular (ligament) Tibiofibular (ligament), distal",SSA
S93.5,Sprain and strain of toe(s) Interphalangeal (joint(s)) Metatarsophalangeal (joint(s)),SST
S93.6,Sprain and strain of other and unspecified parts of foot Tarsal (ligament) Tarsometatarsal (ligament),SSP NOS
S94,Injury of nerves at ankle and foot level,INA
S94.0,Injury of lateral plantar nerve,ILP
S94.1,Injury of medial plantar nerve,IMP
S94.2,"Injury of deep peroneal nerve at ankle and foot level Terminal, lateral branch of deep peroneal nerve",IDP
S94.3,Injury of cutaneous sensory nerve at ankle and foot level,ICS
S94.7,Injury of multiple nerves at ankle and foot level,IMN
S94.8,Injury of other nerves at ankle and foot level,INA
S94.9,Injury of unspecified nerve at ankle and foot level,INA NOS
S95,Injury of blood vessels at ankle and foot level,IBV
S95.0,Injury of dorsal artery of foot,IDA
S95.1,Injury of plantar artery of foot,IPA
S95.2,Injury of dorsal vein of foot,IDV
S95.7,Injury of multiple blood vessels at ankle and foot level,IMB
S95.8,Injury of other blood vessels at ankle and foot level,IBV
S95.9,Injury of unspecified blood vessel at ankle and foot level,IBV NOS
S96,Injury of muscle and tendon at ankle and foot level,IMT
S96.0,Injury of muscle and tendon of long flexor muscle of toe at ankle and foot level,IMT
S96.1,Injury of muscle and tendon of long extensor muscle of toe at ankle and foot level,IMT
S96.2,Injury of intrinsic muscle and tendon at ankle and foot level,IIM
S96.7,Injury of multiple muscles and tendons at ankle and foot level,IMM
S96.8,Injury of other muscles and tendons at ankle and foot level,IMT
S96.9,Injury of unspecified muscle and tendon at ankle and foot level,IMT NOS
S97,Crushing injury of ankle and foot,CIA
S97.0,Crushing injury of ankle,CIA
S97.1,Crushing injury of toe(s),CIT
S97.8,Crushing injury of other parts of ankle and foot Crushing injury of foot NOS,CIP NOS
S98,Traumatic amputation of ankle and foot,TAA
S98.0,Traumatic amputation of foot at ankle level,TAF
S98.1,Traumatic amputation of one toe,TAO
S98.2,Traumatic amputation of two or more toes,TAT
S98.3,Traumatic amputation of other parts of foot Combined traumatic amputation of toe(s) and other parts of foot,TAP
S98.4,"Traumatic amputation of foot, level unspecified",TAF NOS
S99,Other and unspecified injuries of ankle and foot,IAF NOS
S99.7,Multiple injuries of ankle and foot Injuries classifiable to more than one of the categories S90-S98,MIA
S99.8,Other specified injuries of ankle and foot,IAF
S99.9,Unspecified injury of ankle and foot Injuries involving multiple body regions (T00–T07),IAF NOS
T00,Superficial injuries involving multiple body regions,SII
T00.0,Superficial injuries involving head with neck Superficial injuries of sites classifiable to S00.- and S10.-,SII
T00.1,"Superficial injuries involving thorax with abdomen, lower back and pelvis Superficial injuries of sites classifiable to S20.-, S30.- and T09.0",SII
T00.2,"Superficial injuries involving multiple regions of upper limb(s) Superficial injuries of sites classifiable to S40.-, S50.-, S60.- and T11.0",SII
T00.3,"Superficial injuries involving multiple regions of lower limb(s) Superficial injuries of sites classifiable to S70.-, S80.-, S90.- and T13.0",SII
T00.6,Superficial injuries involving multiple regions of upper limb(s) with lower limb(s) Superficial injuries of sites classifiable to T00.2 and T00.3,SII
T00.8,Superficial injuries involving other combinations of body regions,SII
T00.9,"Multiple superficial injuries, unspecified Multiple: • abrasions • blisters (nonthermal) • bruises NOS • contusions • haematomas • insect bites (nonvenomous)",MSI NOS
T00–T06,injuries involving multiple body regions,IIM
T00–T07,"injuries involving multiple body regions insect bite or sting, venomous (T63.4)",IIM
T01,Open wounds involving multiple body regions,OWI
T01.0,Open wounds involving head with neck Open wounds of sites classifiable to S01.- and S11.-,OWI
T01.1,"Open wounds involving thorax with abdomen, lower back and pelvis Open wounds of sites classifiable to S21.-, S31.- and T09.1",OWI
T01.2,"Open wounds involving multiple regions of upper limb(s) Open wounds of sites classifiable to S41.-, S51.-, S61.- and T11.1",OWI
T01.3,"Open wounds involving multiple regions of lower limb(s) Open wounds of sites classifiable to S71.-, S81.-, S91.- and T13.1",OWI
T01.6,Open wounds involving multiple regions of upper limb(s) with lower limb(s) Open wounds of sites classifiable to T01.2 and T01.3,OWI
T01.8,Open wounds involving other combinations of body regions,OWI
T01.9,"Multiple open wounds, unspecified Multiple: • animal bites • cuts NOS • lacerations • puncture wounds",MOW NOS
T02,Fractures involving multiple body regions The following subdivisions are provided for optional use in a supplementary character position where it is not possible or not desired to use multiple coding to identify fracture and open wound; a fracture not indicated as closed or open should be classified as closed: 0 closed 1 open,FIM
T02.0,Fractures involving head with neck Fractures of sites classifiable to S02.- and S12.-,FIH
T02.1,"Fractures involving thorax with lower back and pelvis Fractures of sites classifiable to S22.-, S32.- and T08",FIT
T02.2,"Fractures involving multiple regions of one upper limb Fractures of sites classifiable to S42.-, S52.-, S62.- and T10 of one upper limb",FIM
T02.3,"Fractures involving multiple regions of one lower limb Fractures of sites classifiable to S72.-, S82.-, S92.- and T12 of one lower limb",FIM
T02.4,"Fractures involving multiple regions of both upper limbs Fractures of sites classifiable to S42.-, S52.-, S62.- and T10 specified as bilateral",FIM
T02.5,"Fractures involving multiple regions of both lower limbs Fractures of sites classifiable to S72.-, S82.-, S92.- and T12 specified as bilateral",FIM
T02.6,Fractures involving multiple regions of upper limb(s) with lower limb(s),FIM
T02.7,Fractures involving thorax with lower back and pelvis with limb(s),FIT
T02.8,Fractures involving other combinations of body regions,FIC
T02.9,"Multiple fractures, unspecified",MF NOS
T03,"Dislocations, sprains and strains involving multiple body regions",DSS
T03.0,"Dislocations, sprains and strains involving head with neck Dislocations, sprains and strains of sites classifiable to S03.- and S13.-",DSS
T03.1,"Dislocations, sprains and strains involving thorax with lower back and pelvis Dislocations, sprains and strains of sites classifiable to S23.-, S33.- and T09.2",DSS
T03.2,"Dislocations, sprains and strains involving multiple regions of upper limb(s) Dislocations, sprains and strains of sites classifiable to S43.-, S53.-, S63.- and T11.2",DSS
T03.3,"Dislocations, sprains and strains involving multiple regions of lower limb(s) Dislocations, sprains and strains of sites classifiable to S73.-, S83.-, S93.- and T13.2",DSS
T03.4,"Dislocations, sprains and strains involving multiple regions of upper limb(s) with lower limb(s)",DSS
T03.8,"Dislocations, sprains and strains involving other combinations of body regions",DSS
T03.9,"Multiple dislocations, sprains and strains, unspecified",MDS NOS
T04,Crushing injuries involving multiple body regions,CII
T04.0,Crushing injuries involving head with neck Crushing injuries of sites classifiable to S07.- and S17.-,CII
T04.1,"Crushing injuries involving thorax with abdomen, lower back and pelvis Crushing injury of: • sites classifiable to S28.- and S38.- • trunk NOS",CII NOS
T04.2,"Crushing injuries involving multiple regions of upper limb(s) Crushing injury of: • sites classifiable to S47.-, S57.- and S67.- • upper limb NOS",CII NOS
T04.3,"Crushing injuries involving multiple regions of lower limb(s) Crushing injury of: • lower limb NOS • sites classifiable to S77.-, S87.- and S97.-",CII NOS
T04.4,Crushing injuries involving multiple regions of upper limb(s) with lower limb(s),CII
T04.7,"Crushing injuries of thorax with abdomen, lower back and pelvis with limb(s)",CIT
T04.8,Crushing injuries involving other combinations of body regions,CII
T04.9,"Multiple crushing injuries, unspecified",MCI NOS
T05,Traumatic amputations involving multiple body regions,TAI
T05.0,Traumatic amputation of both hands,TAB
T05.1,"Traumatic amputation of one hand and other arm [any level, except hand]",TAO
T05.2,Traumatic amputation of both arms [any level],TAB
T05.3,Traumatic amputation of both feet,TAB
T05.4,"Traumatic amputation of one foot and other leg [any level, except foot]",TAO
T05.5,Traumatic amputation of both legs [any level],TAB
T05.6,"Traumatic amputation of upper and lower limbs, any combination [any level]",TAU
T05.8,Traumatic amputations involving other combinations of body regions Transection of: • abdomen • thorax,TAI
T05.9,"Multiple traumatic amputations, unspecified",MTA NOS
T06,"Other injuries involving multiple body regions, not elsewhere classified",IIM
T06.0,Injuries of brain and cranial nerves with injuries of nerves and spinal cord at neck level Injuries classifiable to S04.- and S06.- with injuries classifiable to S14.-,IBC
T06.1,Injuries of nerves and spinal cord involving other multiple body regions,INS
T06.2,Injuries of nerves involving multiple body regions Multiple injuries of nerves NOS,INI NOS
T06.3,Injuries of blood vessels involving multiple body regions,IBV
T06.4,Injuries of muscles and tendons involving multiple body regions,IMT
T06.5,Injuries of intrathoracic organs with intra-abdominal and pelvic organs,IIO
T06.8,Other specified injuries involving multiple body regions,IIM
T07,Unspecified multiple injuries,MI NOS
T08,"Fracture of spine, level unspecified",FSL NOS
T08–T14,"Injuries to unspecified part of trunk, limb or body region",IPT NOS
T09,"Other injuries of spine and trunk, level unspecified",IST NOS
T09.0,"Superficial injury of trunk, level unspecified",SIT NOS
T09.1,"Open wound of trunk, level unspecified",OWT NOS
T09.2,"Dislocation, sprain and strain of unspecified joint and ligament of trunk",DSS NOS
T09.3,"Injury of spinal cord, level unspecified",ISC NOS
T09.4,"Injury of unspecified nerve, spinal nerve root and plexus of trunk",INS NOS
T09.5,Injury of unspecified muscle and tendon of trunk,IMT NOS
T09.6,"Traumatic amputation of trunk, level unspecified",TAT NOS
T09.8,"Other specified injuries of trunk, level unspecified",ITL NOS
T09.9,"Unspecified injury of trunk, level unspecified",ITL NOS
T10,"Fracture of upper limb, level unspecified",FUL NOS
T10–T11,"injuries of arm, level unspecified insect bite or sting, venomous (T63.4)",IAL NOS
T11,"Other injuries of upper limb, level unspecified",IUL NOS
T11.0,"Superficial injury of upper limb, level unspecified",SIU NOS
T11.1,"Open wound of upper limb, level unspecified",OWU NOS
T11.2,"Dislocation, sprain and strain of unspecified joint and ligament of upper limb, level unspecified",DSS NOS
T11.3,"Injury of unspecified nerve of upper limb, level unspecified",INU NOS
T11.4,"Injury of unspecified blood vessel of upper limb, level unspecified",IBV NOS
T11.5,"Injury of unspecified muscle and tendon of upper limb, level unspecified",IMT NOS
T11.6,"Traumatic amputation of upper limb, level unspecified Traumatic amputation of arm NOS",TAU NOS
T11.8,"Other specified injuries of upper limb, level unspecified",IUL NOS
T11.9,"Unspecified injury of upper limb, level unspecified Injury of arm NOS",IUL NOS
T12,"Fracture of lower limb, level unspecified",FLL NOS
T12–T13,"injuries of leg, level unspecified insect bite or sting, venomous (T63.4)",ILL NOS
T13,"Other injuries of lower limb, level unspecified",ILL NOS
T13.0,"Superficial injury of lower limb, level unspecified",SIL NOS
T13.1,"Open wound of lower limb, level unspecified",OWL NOS
T13.2,"Dislocation, sprain and strain of unspecified joint and ligament of lower limb, level unspecified",DSS NOS
T13.3,"Injury of unspecified nerve of lower limb, level unspecified",INL NOS
T13.4,"Injury of unspecified blood vessel of lower limb, level unspecified",IBV NOS
T13.5,"Injury of unspecified muscle and tendon of lower limb, level unspecified",IMT NOS
T13.6,"Traumatic amputation of lower limb, level unspecified Traumatic amputation of leg NOS",TAL NOS
T13.8,"Other specified injuries of lower limb, level unspecified",ILL NOS
T13.9,"Unspecified injury of lower limb, level unspecified Injury of leg NOS",ILL NOS
T14,Injury of unspecified body region,IBR NOS
T14.0,Superficial injury of unspecified body region Abrasion Blister (nonthermal) Bruise Contusion Haematoma NOS Injury from superficial foreign body (splinter) without major open wound Insect bite (nonvenomous) Superficial injury,SIB NOS
T14.1,Open wound of unspecified body region Animal bite Cut Laceration NOS Open wound Puncture wound with (penetrating) foreign body,OWB NOS
T14.2,Fracture of unspecified body region Fracture: • NOS • closed NOS • dislocated NOS • displaced NOS • open NOS,FBR NOS
T14.3,"Dislocation, sprain and strain of unspecified body region Avulsion Laceration Sprain Strain joint Traumatic: of (capsule) NOS • haemarthrosis ligament • rupture • subluxation • tear",DSS NOS
T14.4,Injury of nerve(s) of unspecified body region Injury of nerve Traumatic: • division of nerve NOS • haematomyelia • paralysis (transient),INB NOS
T14.5,Injury of blood vessel(s) of unspecified body region Avulsion Cut Injury Laceration of blood vessel(s) NOS Traumatic: • aneurysm or fistula (arteriovenous) • arterial haematoma • rupture,IBV NOS
T14.6,Injury of muscles and tendons of unspecified body region Avulsion Cut Injury Laceration of muscle(s) NOS and tendon(s) NOS Sprain Strain Traumatic rupture,IMT NOS
T14.7,Crushing injury and traumatic amputation of unspecified body region Crushing injury NOS Traumatic amputation NOS,CIT NOS
T14.8,Other injuries of unspecified body region,IBR NOS
T14.9,"Injury, unspecified",INJU NOS
T15,Foreign body on external eye,FBO
T15.0,Foreign body in cornea,FBI
T15.1,Foreign body in conjunctival sac,FBI
T15.8,Foreign body in other and multiple parts of external eye Foreign body in lacrimal punctum,FBI
T15.9,"Foreign body on external eye, part unspecified",FBO NOS
T15–T19,Effects of foreign body entering through natural orifice,EFB
T16,Foreign body in ear,FBI
T17,Foreign body in respiratory tract,FBI
T17.0,Foreign body in nasal sinus,FBI
T17.1,Foreign body in nostril Nose NOS,FBI NOS
T17.2,Foreign body in pharynx Nasopharynx Throat NOS,FBI NOS
T17.3,Foreign body in larynx,FBI
T17.4,Foreign body in trachea,FBI
T17.5,Foreign body in bronchus,FBI
T17.8,Foreign body in other and multiple parts of respiratory tract Bronchioles Lung,FBI
T17.9,"Foreign body in respiratory tract, part unspecified",FBI NOS
T18,Foreign body in alimentary tract,FBI
T18.0,Foreign body in mouth,FBI
T18.1,Foreign body in oesophagus,FBI
T18.2,Foreign body in stomach,FBI
T18.3,Foreign body in small intestine,FBI
T18.4,Foreign body in colon,FBI
T18.5,Foreign body in anus and rectum Rectosigmoid (junction),FBI
T18.8,Foreign body in other and multiple parts of alimentary tract,FBI
T18.9,"Foreign body in alimentary tract, part unspecified Digestive system NOS Swallowed foreign body NOS",FBI NOS
T19,Foreign body in genitourinary tract,FBI
T19.0,Foreign body in urethra,FBI
T19.1,Foreign body in bladder,FBI
T19.2,Foreign body in vulva and vagina,FBI
T19.3,Foreign body in uterus [any part],FBI
T19.8,Foreign body in other and multiple parts of genitourinary tract,FBI
T19.9,"Foreign body in genitourinary tract, part unspecified",FBI NOS
T20,Burn and corrosion of head and neck,BCH
T20.0,Burn of unspecified degree of head and neck,BDH NOS
T20.1,Burn of first degree of head and neck,BFD
T20.2,Burn of second degree of head and neck,BSD
T20.3,Burn of third degree of head and neck,BTD
T20.4,Corrosion of unspecified degree of head and neck,CDH NOS
T20.5,Corrosion of first degree of head and neck,CFD
T20.6,Corrosion of second degree of head and neck,CSD
T20.7,Corrosion of third degree of head and neck,CTD
T20–T25,"Burns and corrosions of external body surface, specified by site",BCE
T20–T31,burns (electric),BURN
T20–T32,"burns and corrosions from local applications and irradiation complications of surgical procedures during pregnancy, childbirth and the",BCF
T21,Burn and corrosion of trunk,BCT
T21.0,Burn of unspecified degree of trunk,BDT NOS
T21.1,Burn of first degree of trunk,BFD
T21.2,Burn of second degree of trunk,BSD
T21.3,Burn of third degree of trunk,BTD
T21.4,Corrosion of unspecified degree of trunk,CDT NOS
T21.5,Corrosion of first degree of trunk,CFD
T21.6,Corrosion of second degree of trunk,CSD
T21.7,Corrosion of third degree of trunk,CTD
T22,"Burn and corrosion of shoulder and upper limb, except wrist and hand",BCS
T22.0,"Burn of unspecified degree of shoulder and upper limb, except wrist and hand",BDS NOS
T22.1,"Burn of first degree of shoulder and upper limb, except wrist and hand",BFD
T22.2,"Burn of second degree of shoulder and upper limb, except wrist and hand",BSD
T22.3,"Burn of third degree of shoulder and upper limb, except wrist and hand",BTD
T22.4,"Corrosion of unspecified degree of shoulder and upper limb, except wrist and hand",CDS NOS
T22.5,"Corrosion of first degree of shoulder and upper limb, except wrist and hand",CFD
T22.6,"Corrosion of second degree of shoulder and upper limb, except wrist and hand",CSD
T22.7,"Corrosion of third degree of shoulder and upper limb, except wrist and hand",CTD
T23,Burn and corrosion of wrist and hand,BCW
T23.0,Burn of unspecified degree of wrist and hand,BDW NOS
T23.1,Burn of first degree of wrist and hand,BFD
T23.2,Burn of second degree of wrist and hand,BSD
T23.3,Burn of third degree of wrist and hand,BTD
T23.4,Corrosion of unspecified degree of wrist and hand,CDW NOS
T23.5,Corrosion of first degree of wrist and hand,CFD
T23.6,Corrosion of second degree of wrist and hand,CSD
T23.7,Corrosion of third degree of wrist and hand,CTD
T24,"Burn and corrosion of hip and lower limb, except ankle and foot",BCH
T24.0,"Burn of unspecified degree of hip and lower limb, except ankle and foot",BDH NOS
T24.1,"Burn of first degree of hip and lower limb, except ankle and foot",BFD
T24.2,"Burn of second degree of hip and lower limb, except ankle and foot",BSD
T24.3,"Burn of third degree of hip and lower limb, except ankle and foot",BTD
T24.4,"Corrosion of unspecified degree of hip and lower limb, except ankle and foot",CDH NOS
T24.5,"Corrosion of first degree of hip and lower limb, except ankle and foot",CFD
T24.6,"Corrosion of second degree of hip and lower limb, except ankle and foot",CSD
T24.7,"Corrosion of third degree of hip and lower limb, except ankle and foot",CTD
T25,Burn and corrosion of ankle and foot,BCA
T25.0,Burn of unspecified degree of ankle and foot,BDA NOS
T25.1,Burn of first degree of ankle and foot,BFD
T25.2,Burn of second degree of ankle and foot,BSD
T25.3,Burn of third degree of ankle and foot,BTD
T25.4,Corrosion of unspecified degree of ankle and foot,CDA NOS
T25.5,Corrosion of first degree of ankle and foot,CFD
T25.6,Corrosion of second degree of ankle and foot,CSD
T25.7,Corrosion of third degree of ankle and foot Burns and corrosions confined to eye and internal organs (T26–T28),CTD
T26,Burn and corrosion confined to eye and adnexa,BCC
T26.0,Burn of eyelid and periocular area,BEP
T26.1,Burn of cornea and conjunctival sac,BCC
T26.2,Burn with resulting rupture and destruction of eyeball,BRR
T26.3,Burn of other parts of eye and adnexa,BPE
T26.4,"Burn of eye and adnexa, part unspecified",BEA NOS
T26.5,Corrosion of eyelid and periocular area,CEP
T26.6,Corrosion of cornea and conjunctival sac,CCC
T26.7,Corrosion with resulting rupture and destruction of eyeball,CRR
T26.8,Corrosion of other parts of eye and adnexa,CPE
T26.9,"Corrosion of eye and adnexa, part unspecified",CEA NOS
T26–T28,Burns and corrosions confined to eye and internal organs,BCC
T27,Burn and corrosion of respiratory tract,BCR
T27.0,Burn of larynx and trachea,BLT
T27.1,Burn involving larynx and trachea with lung,BIL
T27.2,Burn of other parts of respiratory tract Thoracic cavity,BPR
T27.3,"Burn of respiratory tract, part unspecified",BRT NOS
T27.4,Corrosion of larynx and trachea,CLT
T27.5,Corrosion involving larynx and trachea with lung,CIL
T27.6,Corrosion of other parts of respiratory tract,CPR
T27.7,"Corrosion of respiratory tract, part unspecified",CRT NOS
T28,Burn and corrosion of other internal organs,BCI
T28.0,Burn of mouth and pharynx,BMP
T28.1,Burn of oesophagus,BO
T28.2,Burn of other parts of alimentary tract,BPA
T28.3,Burn of internal genitourinary organs,BIG
T28.4,Burn of other and unspecified internal organs,BIO NOS
T28.5,Corrosion of mouth and pharynx,CMP
T28.6,Corrosion of oesophagus,CO
T28.7,Corrosion of other parts of alimentary tract,CPA
T28.8,Corrosion of internal genitourinary organs,CIG
T28.9,Corrosion of other and unspecified internal organs Burns and corrosions of multiple and unspecified body regions (T29–T32),CIO NOS
T29,Burns and corrosions of multiple body regions,BCM
T29.0,"Burns of multiple regions, unspecified degree Multiple burns NOS",BMR NOS
T29.1,"Burns of multiple regions, no more than first-degree burns mentioned",BMR
T29.2,"Burns of multiple regions, no more than second-degree burns mentioned",BMR
T29.3,"Burns of multiple regions, at least one burn of third degree mentioned",BMR
T29.4,"Corrosions of multiple regions, unspecified degree Multiple corrosions NOS",CMR NOS
T29.5,"Corrosions of multiple regions, no more than first-degree corrosions mentioned",CMR
T29.6,"Corrosions of multiple regions, no more than second-degree corrosions mentioned",CMR
T29.7,"Corrosions of multiple regions, at least one corrosion of third degree mentioned",CMR
T29–T32,Burns and corrosions of multiple and unspecified body regions,BCM NOS
T30,"Burn and corrosion, body region unspecified",BCB NOS
T30.0,"Burn of unspecified body region, unspecified degree Burn NOS",BBR NOS
T30.1,"Burn of first degree, body region unspecified First-degree burn NOS",BFD NOS
T30.2,"Burn of second degree, body region unspecified Second-degree burn NOS",BSD NOS
T30.3,"Burn of third degree, body region unspecified Third-degree burn NOS",BTD NOS
T30.4,"Corrosion of unspecified body region, unspecified degree Corrosion NOS",CBR NOS
T30.5,"Corrosion of first degree, body region unspecified First-degree corrosion NOS",CFD NOS
T30.6,"Corrosion of second degree, body region unspecified Second-degree corrosion NOS",CSD NOS
T30.7,"Corrosion of third degree, body region unspecified Third-degree corrosion NOS",CTD NOS
T31,Burns classified according to extent of body surface involved,BCA
T31.0,Burns involving less than 10% of body surface,BIL
T31.1,Burns involving 10–19% of body surface,BI1
T31.2,Burns involving 20–29% of body surface,BI2
T31.3,Burns involving 30–39% of body surface,BI3
T31.4,Burns involving 40–49% of body surface,BI4
T31.5,Burns involving 50–59% of body surface,BI5
T31.6,Burns involving 60–69% of body surface,BI6
T31.7,Burns involving 70–79% of body surface,BI7
T31.8,Burns involving 80–89% of body surface,BI8
T31.9,Burns involving 90% or more of body surface,BI9
T31–T32,involved,INVO
T32,Corrosions classified according to extent of body surface involved,CCA
T32.0,Corrosions involving less than 10% of body surface,CIL
T32.1,Corrosions involving 10–19% of body surface,CI1
T32.2,Corrosions involving 20–29% of body surface,CI2
T32.3,Corrosions involving 30–39% of body surface,CI3
T32.4,Corrosions involving 40–49% of body surface,CI4
T32.5,Corrosions involving 50–59% of body surface,CI5
T32.6,Corrosions involving 60–69% of body surface,CI6
T32.7,Corrosions involving 70–79% of body surface,CI7
T32.8,Corrosions involving 80–89% of body surface,CI8
T32.9,Corrosions involving 90% or more of body surface Frostbite (T33–T35),CI9
T33,Superficial frostbite,SF
T33.0,Superficial frostbite of head,SFH
T33.1,Superficial frostbite of neck,SFN
T33.2,Superficial frostbite of thorax,SFT
T33.3,"Superficial frostbite of abdominal wall, lower back and pelvis",SFA
T33.4,Superficial frostbite of arm,SFA
T33.5,Superficial frostbite of wrist and hand,SFW
T33.6,Superficial frostbite of hip and thigh,SFH
T33.7,Superficial frostbite of knee and lower leg,SFK
T33.8,Superficial frostbite of ankle and foot,SFA
T33.9,Superficial frostbite of other and unspecified sites Superficial frostbite (of): • NOS • leg NOS • trunk NOS,SFS NOS
T33–T35,frostbite,FROS
T34,Frostbite with tissue necrosis,FTN
T34.0,Frostbite with tissue necrosis of head,FTN
T34.1,Frostbite with tissue necrosis of neck,FTN
T34.2,Frostbite with tissue necrosis of thorax,FTN
T34.3,"Frostbite with tissue necrosis of abdominal wall, lower back and pelvis",FTN
T34.4,Frostbite with tissue necrosis of arm,FTN
T34.5,Frostbite with tissue necrosis of wrist and hand,FTN
T34.6,Frostbite with tissue necrosis of hip and thigh,FTN
T34.7,Frostbite with tissue necrosis of knee and lower leg,FTN
T34.8,Frostbite with tissue necrosis of ankle and foot,FTN
T34.9,Frostbite with tissue necrosis of other and unspecified sites Frostbite with tissue necrosis (of): • NOS • leg NOS • trunk NOS,FTN NOS
T35,Frostbite involving multiple body regions and unspecified frostbite,FIM NOS
T35.0,Superficial frostbite involving multiple body regions Multiple superficial frostbite NOS,SFI NOS
T35.1,Frostbite with tissue necrosis involving multiple body regions Multiple frostbite with tissue necrosis NOS,FTN NOS
T35.2,Unspecified frostbite of head and neck,FHN NOS
T35.3,"Unspecified frostbite of thorax, abdomen, lower back and pelvis Frostbite of trunk NOS",FTA NOS
T35.4,Unspecified frostbite of upper limb,FUL NOS
T35.5,Unspecified frostbite of lower limb,FLL NOS
T35.6,Unspecified frostbite involving multiple body regions Multiple frostbite NOS,FIM NOS
T35.7,"Unspecified frostbite of unspecified site Frostbite NOS Poisoning by drugs, medicaments and biological substances (T36–T50)",FSF NOS
T36,Poisoning by systemic antibiotics,PBS
T36.0,Penicillins,PENI
T36.1,Cefalosporins and other beta-lactam antibiotics,CBA
T36.2,Chloramphenicol group,CG
T36.3,Macrolides,MACR
T36.4,Tetracyclines,TETR
T36.5,Aminoglycosides Streptomycin,AS
T36.6,Rifamycins,RIFA
T36.7,"Antifungal antibiotics, systemically used",AAS
T36.8,Other systemic antibiotics,SA
T36.9,"Systemic antibiotic, unspecified",SA NOS
T36–T50,• from overdose or wrong substance given • labour and delivery (O74.-) • pregnancy (O29.-) • puerperium (O89.-) postoperative shock NOS (T81.1),•FO NOS
T36–T65,• poisoning and toxic effects of drugs and chemicals,•PT
T37,Poisoning by other systemic anti-infectives and antiparasitics,PBS
T37.0,Sulfonamides,SULF
T37.1,Antimycobacterial drugs,AD
T37.2,Antimalarials and drugs acting on other blood protozoa,ADA
T37.3,Other antiprotozoal drugs,AD
T37.4,Anthelminthics,ANTH
T37.5,Antiviral drugs,AD
T37.8,Other specified systemic anti-infectives and antiparasitics Hydroxyquinoline derivatives,SAA
T37.9,"Systemic anti-infective and antiparasitic, unspecified",SAA NOS
T38,"Poisoning by hormones and their synthetic substitutes and antagonists, not elsewhere classified",PBH
T38.0,Glucocorticoids and synthetic analogues,GSA
T38.1,Thyroid hormones and substitutes,THS
T38.2,Antithyroid drugs,AD
T38.3,Insulin and oral hypoglycaemic [antidiabetic] drugs,IOH
T38.4,Oral contraceptives Multiple- and single-ingredient preparations,OCM
T38.5,Other estrogens and progestogens Mixtures and substitutes,EPM
T38.6,"Antigonadotrophins, antiestrogens, antiandrogens, not elsewhere classified Tamoxifen",AAA
T38.7,Androgens and anabolic congeners,AAC
T38.8,Other and unspecified hormones and their synthetic substitutes Anterior pituitary [adenohypophyseal] hormones,HTS NOS
T38.9,Other and unspecified hormone antagonists,HA NOS
T39,"Poisoning by nonopioid analgesics, antipyretics and antirheumatics",PBN
T39.0,Salicylates,SALI
T39.1,4-Aminophenol derivatives,4D
T39.2,Pyrazolone derivatives,PD
T39.3,Other nonsteroidal anti-inflammatory drugs [NSAID],NAD
T39.4,"Antirheumatics, not elsewhere classified",ANE
T39.8,"Other nonopioid analgesics and antipyretics, not elsewhere classified",NAA
T39.9,"Nonopioid analgesic, antipyretic and antirheumatic, unspecified",NAA NOS
T40,Poisoning by narcotics and psychodysleptics [hallucinogens],PBN
T40.0,Opium,OPIU
T40.1,Heroin,HERO
T40.2,Other opioids Codeine Morphine,OCM
T40.3,Methadone,METH
T40.4,Other synthetic narcotics Pethidine,SNP
T40.5,Cocaine,COCA
T40.6,Other and unspecified narcotics,NARC NOS
T40.7,Cannabis (derivatives),CANN
T40.8,Lysergide [LSD],LYSE
T40.9,Other and unspecified psychodysleptics [hallucinogens] Mescaline Psilocin Psilocybine,PMP NOS
T41,Poisoning by anaesthetics and therapeutic gases,PBA
T41.0,Inhaled anaesthetics,IA
T41.1,Intravenous anaesthetics Thiobarbiturates,IAT
T41.2,Other and unspecified general anaesthetics,GA NOS
T41.3,Local anaesthetics,LA
T41.4,"Anaesthetic, unspecified",ANAE NOS
T41.5,Therapeutic gases Carbon dioxide Oxygen,TGC
T42,"Poisoning by antiepileptic, sedative-hypnotic and antiparkinsonism drugs",PBA
T42.0,Hydantoin derivatives,HD
T42.1,Iminostilbenes Carbamazepine,IC NOS
T42.2,Succinimides and oxazolidinediones,SO
T42.3,Barbiturates,BARB
T42.4,Benzodiazepines,BENZ
T42.5,"Mixed antiepileptics, not elsewhere classified",MAN
T42.6,Other antiepileptic and sedative-hypnotic drugs Methaqualone Valproic acid,ASD
T42.7,"Antiepileptic and sedative-hypnotic drugs, unspecified Sleeping: • draught NOS • drug • tablet",ASD NOS
T42.8,Antiparkinsonism drugs and other central muscle-tone depressants Amantadine,ADC
T43,"Poisoning by psychotropic drugs, not elsewhere classified",PBP
T43.0,Tricyclic and tetracyclic antidepressants,TTA
T43.1,Monoamine-oxidase-inhibitor antidepressants,MA
T43.2,Other and unspecified antidepressants,ANTI NOS
T43.3,Phenothiazine antipsychotics and neuroleptics,PAN
T43.4,Butyrophenone and thioxanthene neuroleptics,BTN
T43.5,Other and unspecified antipsychotics and neuroleptics,AN NOS
T43.6,Psychostimulants with abuse potential,PAP
T43.8,"Other psychotropic drugs, not elsewhere classified",PDN
T43.9,"Psychotropic drug, unspecified",PD NOS
T44,Poisoning by drugs primarily affecting the autonomic nervous system,PBD
T44.0,Anticholinesterase agents,AA
T44.1,Other parasympathomimetics [cholinergics],PARA
T44.2,"Ganglionic blocking drugs, not elsewhere classified",GBD
T44.3,"Other parasympatholytics [anticholinergics and antimuscarinics] and spasmolytics, not elsewhere classified Papaverine",PSN
T44.4,"Predominantly alpha-adrenoreceptor agonists, not elsewhere classified Metaraminol",PAA
T44.5,"Predominantly beta-adrenoreceptor agonists, not elsewhere classified",PBA
T44.6,"Alpha-adrenoreceptor antagonists, not elsewhere classified",AAN
T44.7,"Beta-adrenoreceptor antagonists, not elsewhere classified",BAN
T44.8,"Centrally acting and adrenergic-neuron-blocking agents, not elsewhere classified",CAA
T44.9,Other and unspecified drugs primarily affecting the autonomic nervous system Drug stimulating both alpha- and beta-adrenoreceptors,DPA NOS
T45,"Poisoning by primarily systemic and haematological agents, not elsewhere classified",PBP
T45.0,Antiallergic and antiemetic drugs,AAD
T45.1,Antineoplastic and immunosuppressive drugs Antineoplastic antibiotics Cytarabine,AID NOS
T45.2,"Vitamins, not elsewhere classified",VNE
T45.3,"Enzymes, not elsewhere classified",ENE
T45.4,Iron and its compounds,IIC
T45.5,Anticoagulants,ANTI
T45.6,Fibrinolysis-affecting drugs,FD
T45.7,"Anticoagulant antagonists, vitamin K and other coagulants",AAV
T45.8,Other primarily systemic and haematological agents Liver preparations and other antianaemic agents Natural blood and blood products Plasma substitute,PSH
T45.9,"Primarily systemic and haematological agent, unspecified",PSH NOS
T46,Poisoning by agents primarily affecting the cardiovascular system,PBA
T46.0,Cardiac-stimulant glycosides and drugs of similar action,CGD
T46.1,Calcium-channel blockers,CB
T46.2,"Other antidysrhythmic drugs, not elsewhere classified",ADN
T46.3,"Coronary vasodilators, not elsewhere classified Dipyridamole",CVN
T46.4,Angiotensin-converting-enzyme inhibitors,AI
T46.5,"Other antihypertensive drugs, not elsewhere classified Clonidine Guanethidine Rauwolfia",ADN
T46.6,Antihyperlipidaemic and antiarteriosclerotic drugs,AAD
T46.7,Peripheral vasodilators Nicotinic acid (derivatives),PVN
T46.8,"Antivaricose drugs, including sclerosing agents",ADI
T46.9,Other and unspecified agents primarily affecting the cardiovascular system,APA NOS
T47,Poisoning by agents primarily affecting the gastrointestinal system,PBA
T47.0,Histamine H-receptor antagonists,HHA
T47.1,Other antacids and anti-gastric-secretion drugs,AAD
T47.2,Stimulant laxatives,SL
T47.3,Saline and osmotic laxatives,SOL
T47.4,Other laxatives Intestinal atonia drugs,LIA
T47.5,Digestants,DIGE
T47.6,Antidiarrhoeal drugs,AD
T47.7,Emetics,EMET
T47.8,Other agents primarily affecting the gastrointestinal system,APA
T47.9,"Agent primarily affecting the gastrointestinal system, unspecified",APA NOS
T48,Poisoning by agents primarily acting on smooth and skeletal muscles and the respiratory system,PBA
T48.0,Oxytocic drugs,OD
T48.1,Skeletal muscle relaxants [neuromuscular blocking agents],SMR
T48.2,Other and unspecified agents primarily acting on muscles,APA NOS
T48.3,Antitussives,ANTI
T48.4,Expectorants,EXPE
T48.5,Anti-common-cold drugs,AD
T48.6,"Antiasthmatics, not elsewhere classified Beta-adrenoreceptor agonists used in asthma therapy Salbutamol",ANE
T48.7,Other and unspecified agents primarily acting on the respiratory system,APA NOS
T49,"Poisoning by topical agents primarily affecting skin and mucous membrane and by ophthalmological, otorhinolaryngological and dental drugs",PBT
T49.0,"Local antifungal, anti-infective and anti-inflammatory drugs, not elsewhere classified",LAA
T49.1,Antipruritics,ANTI
T49.2,Local astringents and local detergents,LAL
T49.3,"Emollients, demulcents and protectants",EDP
T49.4,"Keratolytics, keratoplastics and other hair treatment drugs and preparations",KKH
T49.5,Ophthalmological drugs and preparations Eye anti-infectives,ODP
T49.6,"Otorhinolaryngological drugs and preparations Ear, nose and throat anti-infectives",ODP NOS
T49.7,"Dental drugs, topically applied",DDT
T49.8,Other topical agents Spermicides,TAS
T49.9,"Topical agent, unspecified",TA NOS
T50,"Poisoning by diuretics and other and unspecified drugs, medicaments and biological substances",PBD NOS
T50.0,Mineralocorticoids and their antagonists,MTA
T50.1,Loop [high-ceiling] diuretics,LD
T50.2,"Carbonic-anhydrase inhibitors, benzothiadiazides and other diuretics Acetazolamide",CIB
T50.3,"Electrolytic, caloric and water-balance agents Oral rehydration salts",ECW
T50.4,Drugs affecting uric acid metabolism,DAU
T50.5,Appetite depressants,AD
T50.6,"Antidotes and chelating agents, not elsewhere classified Alcohol deterrents",ACA
T50.7,Analeptics and opioid receptor antagonists,AOR
T50.8,Diagnostic agents,DA NOS
T50.9,"Other and unspecified drugs, medicaments and biological substances Acidifying agents Alkalizing agents Immunoglobulin Immunologicals Lipotropic drugs Parathyroid hormones and derivatives",DMB NOS
T51,Toxic effect of alcohol,TEA
T51.0,Ethanol Ethyl alcohol,EEA
T51.1,Methanol Methyl alcohol,MMA
T51.2,2-Propanol Isopropyl alcohol,2IA
T51.3,Fusel oil Alcohol: • amyl • butyl [1-butanol] • propyl [1-propanol],FOA
T51.8,Other alcohols,ALCO
T51.9,"Alcohol, unspecified",ALCO NOS
T51–T65,Toxic effects of substances chiefly nonmedicinal as to source,TES
T52,Toxic effect of organic solvents,TEO
T52.0,Petroleum products Gasoline [petrol] Kerosine [paraffin oil] Paraffin wax Petroleum: • ether • naphtha • spirits,PPG
T52.1,Benzene,BENZ
T52.2,Homologues of benzene Toluene [methylbenzene] Xylene [dimethylbenzene],HBT
T52.3,Glycols,GLYC
T52.4,Ketones,KETO
T52.8,Other organic solvents,OS
T52.9,"Organic solvent, unspecified",OS NOS
T53,Toxic effect of halogen derivatives of aliphatic and aromatic hydrocarbons,TEH
T53.0,Carbon tetrachloride Tetrachloromethane,CTT
T53.1,Chloroform Trichloromethane,CT
T53.2,Trichloroethylene Trichloroethene,TT
T53.3,Tetrachloroethylene Perchloroethylene Tetrachloroethene,TPT
T53.4,Dichloromethane Methylene chloride,DMC
T53.5,Chlorofluorocarbons,CHLO
T53.6,Other halogen derivatives of aliphatic hydrocarbons,HDA
T53.7,Other halogen derivatives of aromatic hydrocarbons,HDA
T53.9,"Halogen derivative of aliphatic and aromatic hydrocarbons, unspecified",HDA NOS
T54,Toxic effect of corrosive substances,TEC
T54.0,Phenol and phenol homologues,PPH
T54.1,Other corrosive organic compounds,COC
T54.2,Corrosive acids and acid-like substances Acid: • hydrochloric • sulfuric,CAA
T54.3,Corrosive alkalis and alkali-like substances Potassium hydroxide Sodium hydroxide,CAA
T54.9,"Corrosive substance, unspecified",CS NOS
T55,Toxic effect of soaps and detergents,TES
T56,Toxic effect of metals,TEM
T56.0,Lead and its compounds,LIC
T56.1,Mercury and its compounds,MIC
T56.2,Chromium and its compounds,CIC
T56.3,Cadmium and its compounds,CIC
T56.4,Copper and its compounds,CIC
T56.5,Zinc and its compounds,ZIC
T56.6,Tin and its compounds,TIC
T56.7,Beryllium and its compounds,BIC
T56.8,Other metals Thallium,MT
T56.9,"Metal, unspecified",META NOS
T57,Toxic effect of other inorganic substances,TEI
T57.0,Arsenic and its compounds,AIC
T57.1,Phosphorus and its compounds,PIC
T57.2,Manganese and its compounds,MIC
T57.3,Hydrogen cyanide,HC
T57.8,Other specified inorganic substances,IS
T57.9,"Inorganic substance, unspecified",IS NOS
T58,Toxic effect of carbon monoxide,TEC
T59,"Toxic effect of other gases, fumes and vapours",TEG
T59.0,Nitrogen oxides,NO
T59.1,Sulfur dioxide,SD
T59.2,Formaldehyde,FORM
T59.3,Lacrimogenic gas Tear gas,LGT
T59.4,Chlorine gas,CG
T59.5,Fluorine gas and hydrogen fluoride,FGH
T59.6,Hydrogen sulfide,HS
T59.7,Carbon dioxide,CD
T59.8,"Other specified gases, fumes and vapours",GFV
T59.9,"Gases, fumes and vapours, unspecified",GFV NOS
T60,Toxic effect of pesticides,TEP
T60.0,Organophosphate and carbamate insecticides,OCI
T60.1,Halogenated insecticides,HI
T60.2,Other insecticides,INSE
T60.3,Herbicides and fungicides,HF
T60.4,Rodenticides,RODE
T60.8,Other pesticides,PEST
T60.9,"Pesticide, unspecified",PEST NOS
T61,Toxic effect of noxious substances eaten as seafood,TEN
T61.0,Ciguatera fish poisoning,CFP
T61.1,Scombroid fish poisoning Histamine-like syndrome,SFP
T61.2,Other fish and shellfish poisoning,FSP
T61.8,Toxic effect of other seafoods,TES
T61.9,Toxic effect of unspecified seafood,TES NOS
T61–T62,toxic effect of noxious foodstuffs,TEN
T62,Toxic effect of other noxious substances eaten as food,TEN
T62.0,Ingested mushrooms,IM
T62.1,Ingested berries,IB
T62.2,Other ingested (parts of) plant(s),IP
T62.8,Other specified noxious substances eaten as food,NSE
T62.9,"Noxious substance eaten as food, unspecified",NSE NOS
T63,Toxic effect of contact with venomous animals,TEC
T63.0,Snake venom Sea-snake venom,SVS
T63.1,Venom of other reptiles Lizard venom,VRL
T63.2,Venom of scorpion,VS
T63.3,Venom of spider,VS
T63.4,"Venom of other arthropods Insect bite or sting, venomous",VAI
T63.5,Toxic effect of contact with fish,TEC
T63.6,Toxic effect of contact with other marine animals Jellyfish Sea anemone Shellfish Starfish,TEC
T63.8,Toxic effect of contact with other venomous animals Venom of amphibian,TEC
T63.9,Toxic effect of contact with unspecified venomous animal,TEC NOS
T64,Toxic effect of aflatoxin and other mycotoxin food contaminants,TEA
T65,Toxic effect of other and unspecified substances,TES NOS
T65.0,Cyanides,CYAN
T65.1,Strychnine and its salts,SIS
T65.2,Tobacco and nicotine,TN
T65.3,Nitroderivatives and aminoderivatives of benzene and its homologues Aniline [benzenamine] Nitrobenzene Trinitrotoluene,NAB
T65.4,Carbon disulfide,CD
T65.5,"Nitroglycerin and other nitric acids and esters 1,2,3-Propanetriol trinitrate",NNA
T65.6,"Paints and dyes, not elsewhere classified",PDN
T65.8,Toxic effect of other specified substances,TES
T65.9,Toxic effect of unspecified substance Poisoning NOS Other and unspecified effects of external causes (T66–T78),TES NOS
T66,Unspecified effects of radiation,ER NOS
T66–T78,Other and unspecified effects of external causes,EEC NOS
T67,Effects of heat and light,EHL
T67.0,Heatstroke and sunstroke Heat: • apoplexy • pyrexia Siriasis Thermoplegia,CVA
T67.1,Heat syncope Heat collapse,HSH
T67.2,Heat cramp,HC
T67.3,"Heat exhaustion, anhydrotic Heat prostration due to water depletion",HEA
T67.4,Heat exhaustion due to salt depletion Heat prostration due to salt (and water) depletion,HES
T67.5,"Heat exhaustion, unspecified Heat prostration NOS",HEH NOS
T67.6,"Heat fatigue, transient",HFT
T67.7,Heat oedema,HO
T67.8,Other effects of heat and light,EHL
T67.9,"Effect of heat and light, unspecified",EHL NOS
T68,Hypothermia,HYPO
T69,Other effects of reduced temperature,ERT
T69.0,Immersion hand and foot,IHF
T69.1,Chilblains,CHIL
T69.8,Other specified effects of reduced temperature,ERT
T69.9,"Effect of reduced temperature, unspecified",ERT NOS
T70,Effects of air pressure and water pressure,EAP
T70.0,Otitic barotrauma Aero-otitis media Effects of change in ambient atmospheric pressure or water pressure on ears,OBA
T70.1,Sinus barotrauma Aerosinusitis Effects of change in ambient atmospheric pressure on sinuses,SBA
T70.2,Other and unspecified effects of high altitude Alpine sickness Anoxia due to high altitude Barotrauma NOS Hypobaropathy Mountain sickness,EHA NOS
T70.3,Caisson disease [decompression sickness] Compressed-air disease Diver’s palsy or paralysis,CDC
T70.4,Effects of high-pressure fluids Traumatic jet injection (industrial),EHF
T70.8,Other effects of air pressure and water pressure Blast injury syndrome,EAP
T70.9,"Effect of air pressure and water pressure, unspecified",EAP NOS
T71,Asphyxiation,ASPH
T73,Effects of other deprivation,ED
T73.0,Effects of hunger Deprivation of food Starvation,EHD
T73.1,Effects of thirst Deprivation of water,ETD
T73.2,Exhaustion due to exposure,EE
T73.3,Exhaustion due to excessive exertion Overexertion,EEE
T73.8,Other effects of deprivation,ED
T73.9,"Effect of deprivation, unspecified",ED NOS
T74,Maltreatment syndromes,MS
T74.0,Neglect or abandonment,NOA
T74.1,Physical abuse Battered: • baby or child syndrome NOS • spouse syndrome NOS,PAB NOS
T74.2,Sexual abuse,SA
T74.3,Psychological abuse,PA
T74.8,Other maltreatment syndromes Mixed forms,MSM
T74.9,"Maltreatment syndrome, unspecified Effects of: • abuse of adult NOS • child abuse NOS",MSE NOS
T75,Effects of other external causes,EEC
T75.0,Effects of lightning Shock from lightning Struck by lightning NOS,ELS NOS
T75.1,Drowning and nonfatal submersion Immersion Swimmer’s cramp,DNS
T75.2,Effects of vibration Pneumatic hammer syndrome Traumatic vasospastic syndrome Vertigo from infrasound,EVP
T75.3,Motion sickness Airsickness Seasickness Travel sickness,MSA
T75.4,Effects of electric current Electrocution Shock from electric current,EEC
T75.8,Other specified effects of external causes Effects of: • abnormal gravitation [G] forces • weightlessness,EEC
T78,"Adverse effects, not elsewhere classified",AEN
T78.0,Anaphylactic shock due to adverse food reaction,ASA
T78.1,"Other adverse food reactions, not elsewhere classified",AFR
T78.2,"Anaphylactic shock, unspecified Allergic shock Anaphylactic reaction NOS Anaphylaxis",ASA NOS
T78.3,Angioneurotic oedema Giant urticaria Quincke oedema,AOG
T78.4,"Allergy, unspecified Allergic reaction NOS Hypersensitivity NOS Idiosyncracy NOS",AAR NOS
T78.8,"Other adverse effects, not elsewhere classified",AEN
T78.9,"Adverse effect, unspecified",AE NOS
T79,"Certain early complications of trauma, not elsewhere classified",CEC
T79.0,Air embolism (traumatic),AE
T79.1,Fat embolism (traumatic),FE
T79.2,Traumatic secondary and recurrent haemorrhage,TSR
T79.3,"Post-traumatic wound infection, not elsewhere classified",PWI
T79.4,Traumatic shock Shock (immediate)(delayed) following injury,TSS
T79.5,Traumatic anuria Crush syndrome Renal failure following crushing,TAC
T79.6,Traumatic ischaemia of muscle Compartment syndrome Volkmann ischaemic contracture,TIM
T79.7,Traumatic subcutaneous emphysema,TSE
T79.8,Other early complications of trauma,ECT
T79.9,Unspecified early complication of trauma,ECT NOS
T80,"Complications following infusion, transfusion and therapeutic injection",CFI
T80.0,"Air embolism following infusion, transfusion and therapeutic injection",AEF
T80.1,"Vascular complications following infusion, transfusion and therapeutic injection Phlebitis following infusion, transfusion and Thromboembolism therapeutic injection Thrombophlebitis",VCF
T80.2,"Infections following infusion, transfusion and therapeutic injection Infection following infusion, transfusion and Sepsis therapeutic injection",IFI
T80.3,ABO incompatibility reaction Incompatible blood transfusion Reaction to blood-group incompatibility in infusion or transfusion,AIR
T80.4,Rh incompatibility reaction Reaction due to Rh factor in infusion or transfusion,RIR
T80.5,Anaphylactic shock due to serum,ASS
T80.6,Other serum reactions Intoxication by serum Protein sickness Serum: • rash • sickness • urticaria,SRI
T80.8,"Other complications following infusion, transfusion and therapeutic injection",CFI
T80.9,"Unspecified complication following infusion, transfusion and therapeutic injection Transfusion reaction NOS",CFI NOS
T80–T88,"Complications of surgical and medical care, not elsewhere classified",CSM
T81,"Complications of procedures, not elsewhere classified",CPN
T81.0,"Haemorrhage and haematoma complicating a procedure, not elsewhere classified Haemorrhage at any site resulting from a procedure",HHC
T81.1,"Shock during or resulting from a procedure, not elsewhere classified Collapse NOS Shock (endotoxic) during or following a procedure (hypovolaemic) Postoperative shock NOS",SDO NOS
T81.2,"Accidental puncture and laceration during a procedure, not elsewhere classified Accidental catheter perforation of: endoscope • blood vessel by during a procedure instrument • nerve probe • organ",APL
T81.3,"Disruption of operation wound, not elsewhere classified Dehiscence of operation wound Rupture",DOW
T81.4,"Infection following a procedure, not elsewhere classified Abscess: • intra-abdominal • stitch postprocedural • subphrenic • wound Sepsis",IFA
T81.5,Foreign body accidentally left in body cavity or operation wound following a procedure Adhesions due to foreign body accidentally left in Obstruction operation wound or body cavity Perforation,FBA
T81.6,Acute reaction to foreign substance accidentally left during a procedure Peritonitis: • aseptic • chemical,ARF
T81.7,"Vascular complications following a procedure, not elsewhere classified Air embolism following procedure NEC",VCF
T81.8,"Other complications of procedures, not elsewhere classified Complication of inhalation therapy Emphysema (subcutaneous) resulting from a procedure Persistent postoperative fistula",CPN
T81.9,Unspecified complication of procedure,CP NOS
T82,"Complications of cardiac and vascular prosthetic devices, implants and grafts",CCV
T82.0,"Mechanical complication of heart valve prosthesis Breakdown (mechanical) Displacement Leakage Malposition due to heart valve prosthesis Obstruction, mechanical Perforation Protrusion",MCH
T82.1,Mechanical complication of cardiac electronic device Conditions listed in T82.0 due to: • electrodes • pulse generator (battery),MCC
T82.2,Mechanical complication of coronary artery bypass and valve grafts Conditions listed in T82.0 due to coronary artery bypass and valve grafts,MCC
T82.3,Mechanical complication of other vascular grafts Conditions listed in T82.0 due to: • aortic (bifurcation) graft (replacement) • arterial (carotid) (femoral) graft (bypass),MCV
T82.4,Mechanical complication of vascular dialysis catheter Conditions listed in T82.0 due to vascular dialysis catheter,MCV
T82.5,"Mechanical complication of other cardiac and vascular devices and implants Conditions listed in T82.0 due to: • arteriovenous: – fistula, surgically created – shunt, surgically created • artificial heart • balloon (counterpulsation) device • infusion catheter • umbrella device",MCC
T82.6,Infection and inflammatory reaction due to cardiac valve prosthesis,IIR
T82.7,"Infection and inflammatory reaction due to other cardiac and vascular devices, implants and grafts",IIR
T82.8,"Other specified complications of cardiac and vascular prosthetic devices, implants and grafts Embolism Fibrosis Haemorrhage due to cardiac and vascular prosthetic Pain devices, implants and grafts Stenosis Thrombosis",CCV NOS
T82.9,"Unspecified complication of cardiac and vascular prosthetic device, implant and graft",CCV NOS
T82–T85,implants and grafts,IG
T83,"Complications of genitourinary prosthetic devices, implants and grafts",CGP
T83.0,"Mechanical complication of urinary (indwelling) catheter Conditions listed in T82.0 due to: • catheter: – cystostomy – urethral, indwelling",MCU
T83.1,Mechanical complication of other urinary devices and implants Conditions listed in T82.0 due to: • urinary: – electronic stimulator device – sphincter implant – stent,MCU
T83.2,Mechanical complication of graft of urinary organ Conditions listed in T82.0 due to graft of urinary organ,MCG
T83.3,Mechanical complication of intrauterine contraceptive device Conditions listed in T82.0 due to intrauterine contraceptive device,MCI
T83.4,"Mechanical complication of other prosthetic devices, implants and grafts in genital tract Conditions listed in T82.0 due to (implanted) penile prosthesis",MCP
T83.5,"Infection and inflammatory reaction due to prosthetic device, implant and graft in urinary system",IIR
T83.6,"Infection and inflammatory reaction due to prosthetic device, implant and graft in genital tract",IIR
T83.8,"Other complications of genitourinary prosthetic devices, implants and grafts Conditions listed in T82.8 due to genitourinary prosthetic devices, implants and grafts",CGP
T83.9,"Unspecified complication of genitourinary prosthetic device, implant and graft",CGP NOS
T84,"Complications of internal orthopaedic prosthetic devices, implants and grafts",CIO
T84.0,Mechanical complication of internal joint prosthesis Conditions listed in T82.0 due to joint prosthesis,MCI
T84.1,Mechanical complication of internal fixation device of bones of limb Conditions listed in T82.0 due to internal fixation device of bones of limb,MCI
T84.2,Mechanical complication of internal fixation device of other bones Conditions listed in T82.0 due to internal fixation device of other bones,MCI
T84.3,"Mechanical complication of other bone devices, implants and grafts Conditions listed in T82.0 due to: • bone graft • electronic bone stimulator",MCB
T84.4,"Mechanical complication of other internal orthopaedic devices, implants and grafts Conditions listed in T82.0 due to muscle and tendon graft",MCI
T84.5,Infection and inflammatory reaction due to internal joint prosthesis,IIR
T84.6,Infection and inflammatory reaction due to internal fixation device [any site],IIR
T84.7,"Infection and inflammatory reaction due to other internal orthopaedic prosthetic devices, implants and grafts",IIR
T84.8,"Other complications of internal orthopaedic prosthetic devices, implants and grafts Conditions listed in T82.8 due to internal orthopaedic prosthetic devices, implants and grafts",CIO
T84.9,"Unspecified complication of internal orthopaedic prosthetic device, implant and graft",CIO NOS
T85,"Complications of other internal prosthetic devices, implants and grafts",CIP
T85.0,Mechanical complication of ventricular intracranial (communicating) shunt Conditions listed in T82.0 due to ventricular intracranial (communicating) shunt,MCV
T85.1,Mechanical complication of implanted electronic stimulator of nervous system Conditions listed in T82.0 due to electronic neurostimulator (electrode) of: • brain • peripheral nerve • spinal cord,MCI
T85.2,Mechanical complication of intraocular lens Conditions listed in T82.0 due to intraocular lens,MCI
T85.3,"Mechanical complication of other ocular prosthetic devices, implants and grafts Conditions listed in T82.0 due to: • corneal graft • prosthetic orbit of eye",MCO
T85.4,Mechanical complication of breast prosthesis and implant Conditions listed in T82.0 due to breast prosthesis and implant,MCB
T85.5,"Mechanical complication of gastrointestinal prosthetic devices, implants and grafts Conditions listed in T82.0 due to: • bile-duct prosthesis • oesophageal anti-reflux device",MCG
T85.6,"Mechanical complication of other specified internal prosthetic devices, implants and grafts Conditions listed in T82.0 due to: • epidural and subdural infusion catheter • intraperitoneal dialysis catheter • nonabsorbable surgical material NOS • permanent sutures",MCI NOS
T85.7,"Infection and inflammatory reaction due to other internal prosthetic devices, implants and grafts",IIR
T85.8,"Other complications of internal prosthetic devices, implants and grafts, not elsewhere classified Conditions listed in T82.8 due to internal prosthetic devices, implants and grafts NEC",CIP
T85.9,"Unspecified complication of internal prosthetic device, implant and graft Complication of internal prosthetic device, implant and graft NOS",CIP NOS
T86,Failure and rejection of transplanted organs and tissues,FRT
T86.0,Bone-marrow transplant rejection Graft-versus-host reaction or disease,BTR
T86.1,Kidney transplant failure and rejection,KTF
T86.2,Heart transplant failure and rejection,HTF
T86.3,Heart-lung transplant failure and rejection,HTF
T86.4,Liver transplant failure and rejection,LTF
T86.8,Failure and rejection of other transplanted organs and tissues Transplant failure or rejection of: • bone • intestine • lung • pancreas • skin (allograft) (autograft),FRT
T86.9,Failure and rejection of unspecified transplanted organ and tissue,FRT NOS
T87,Complications peculiar to reattachment and amputation,CPR
T87.0,Complications of reattached (part of) upper extremity,CRU
T87.1,Complications of reattached (part of) lower extremity,CRL
T87.2,Complications of other reattached body part,CRB
T87.3,Neuroma of amputation stump,NAS
T87.4,Infection of amputation stump,IAS
T87.5,Necrosis of amputation stump,NAS
T87.6,Other and unspecified complications of amputation stump Amputation stump: • contracture (flexion)(of next proximal joint) • haematoma • oedema,CAS NOS
T88,"Other complications of surgical and medical care, not elsewhere classified",CSM
T88.0,Infection following immunization Sepsis following immunization,IFI
T88.1,"Other complications following immunization, not elsewhere classified Rash following immunization",CFI
T88.2,Shock due to anaesthesia Shock due to anaesthesia in which the correct substance was properly administered,SAS
T88.3,Malignant hyperthermia due to anaesthesia,MHA
T88.4,Failed or difficult intubation,FOD
T88.5,Other complications of anaesthesia Hypothermia following anaesthesia,CAH
T88.6,Anaphylactic shock due to adverse effect of correct drug or medicament properly administered,ASA
T88.7,Unspecified adverse effect of drug or medicament Adverse effect of Allergic reaction to correct drug or medicament properly Hypersensitivity to administered Idiosyncracy to Drug: • hypersensitivity NOS • reaction NOS,AED NOS
T88.8,"Other specified complications of surgical and medical care, not elsewhere classified",CSM
T88.9,"Complication of surgical and medical care, unspecified",CSM NOS
T90,Sequelae of injuries of head,SIH
T90.0,Sequelae of superficial injury of head Sequelae of injury classified to S00.-,SSI
T90.1,Sequelae of open wound of head Sequelae of injury classifiable to S01.-,SOW
T90.2,Sequelae of fracture of skull and facial bones Sequelae of injury classifiable to S02.-,SFS
T90.3,Sequelae of injury of cranial nerves Sequelae of injury classifiable to S04.-,SIC
T90.4,Sequelae of injury of eye and orbit Sequelae of injury classifiable to S05.-,SIE
T90.5,Sequelae of intracranial injury Sequelae of injury classifiable to S06.-,SII
T90.8,"Sequelae of other specified injuries of head Sequelae of injury classifiable to S03.-, S07–S08 and S09.0–S09.8",SIH
T90.9,Sequelae of unspecified injury of head Sequelae of injury classifiable to S09.9,SIH NOS
T90–T98,"Sequelae of injuries, of poisoning and of other consequences of external causes",SIP
T91,Sequelae of injuries of neck and trunk,SIN
T91.0,"Sequelae of superficial injury and open wound of neck and trunk Sequelae of injury classifiable to S10–S11, S20–S21, S30–S31 and T09.0–T09.1",SSI
T91.1,"Sequelae of fracture of spine Sequelae of injury classifiable to S12.-, S22.0–S22.1, S32.0, S32.7 and T08",SFS
T91.2,"Sequelae of other fracture of thorax and pelvis Sequelae of injury classifiable to S22.2–S22.9, S32.1–S32.5 and S32.8",SFT
T91.3,"Sequelae of injury of spinal cord Sequelae of injury classifiable to S14.0–S14.1, S24.0–S24.1, S34.0–S34.1 and T09.3",SIS
T91.4,Sequelae of injury of intrathoracic organs Sequelae of injury classifiable to S26–S27,SII
T91.5,Sequelae of injury of intra-abdominal and pelvic organs Sequelae of injury classifiable to S36–S37,SII
T91.8,"Sequelae of other specified injuries of neck and trunk Sequelae of injury classifiable to S13.-, S14.2–S14.6, S15–S18, S19.7– S19.8, S23.-, S24.2–S24.6, S25.-, S28.-, S29.0–S29.8, S33.-, S34.2– S34.8, S35.-, S38.-, S39.0–S39.8, T09.2 and T09.4–T09.8",SIN
T91.9,"Sequelae of unspecified injury of neck and trunk Sequelae of injury classifiable to S19.9, S29.9, S39.9 and T09.9",SIN NOS
T92,Sequelae of injuries of upper limb,SIU
T92.0,"Sequelae of open wound of upper limb Sequelae of injury classifiable to S41.-, S51.-, S61.- and T11.1",SOW
T92.1,"Sequelae of fracture of arm Sequelae of injury classifiable to S42.-, S52.- and T10",SFA
T92.2,Sequelae of fracture at wrist and hand level Sequelae of injury classifiable to S62.-,SFA
T92.3,"Sequelae of dislocation, sprain and strain of upper limb Sequelae of injury classifiable to S43.-, S53.-, S63.- and T11.2",SDS
T92.4,"Sequelae of injury of nerve of upper limb Sequelae of injury classifiable to S44.-, S54.-, S64.- and T11.3",SIN
T92.5,"Sequelae of injury of muscle and tendon of upper limb Sequelae of injury classifiable to S46.-, S56.-, S66.- and T11.5",SIM
T92.6,"Sequelae of crushing injury and traumatic amputation of upper limb Sequelae of injury classifiable to S47–S48, S57–S58, S67–S68 and T11.6",SCI
T92.8,"Sequelae of other specified injuries of upper limb Sequelae of injury classifiable to S40.-, S45.-, S49.7–S49.8, S50.-, S55.-, S59.7–S59.8, S60.-, S65.-, S69.7–S69.8, T11.0, T11.4 and T11.8",SIU
T92.9,"Sequelae of unspecified injury of upper limb Sequelae of injury classifiable to S49.9, S59.9, S69.9 and T11.9",SIU NOS
T93,Sequelae of injuries of lower limb,SIL
T93.0,"Sequelae of open wound of lower limb Sequelae of injury classifiable to S71.-, S81.-, S91.- and T13.1",SOW
T93.1,Sequelae of fracture of femur Sequelae of injury classifiable to S72.-,SFF
T93.2,"Sequelae of other fractures of lower limb Sequelae of injury classifiable to S82.-, S92.- and T12",SFL
T93.3,"Sequelae of dislocation, sprain and strain of lower limb Sequelae of injury classifiable to S73.-, S83.-, S93.- and T13.2",SDS
T93.4,"Sequelae of injury of nerve of lower limb Sequelae of injury classifiable to S74.-, S84.-, S94.- and T13.3",SIN
T93.5,"Sequelae of injury of muscle and tendon of lower limb Sequelae of injury classifiable to S76.-, S86.-, S96.- and T13.5",SIM
T93.6,"Sequelae of crushing injury and traumatic amputation of lower limb Sequelae of injury classifiable to S77–S78, S87–S88, S97–S98 and T13.6",SCI
T93.8,"Sequelae of other specified injuries of lower limb Sequelae of injury classifiable to S70.-, S75.-, S79.7–S79.8, S80.-, S85.-, S89.7–S89.8, S90.-, S95.-, S99.7–S99.8, T13.0, T13.4 and T13.8",SIL
T93.9,"Sequelae of unspecified injury of lower limb Sequelae of injury classifiable to S79.9, S89.9, S99.9 and T13.9",SIL NOS
T94,Sequelae of injuries involving multiple and unspecified body regions,SII NOS
T94.0,Sequelae of injuries involving multiple body regions Sequelae of injury classifiable to T00–T07,SII
T94.1,"Sequelae of injuries, not specified by body region Sequelae of injury classifiable to T14.-",SIN
T95,"Sequelae of burns, corrosions and frostbite",SBC
T95.0,"Sequelae of burn, corrosion and frostbite of head and neck Sequelae of injury classifiable to T20.-, T33.0–T33.1, T34.0–T34.1 and T35.2",SBC
T95.1,"Sequelae of burn, corrosion and frostbite of trunk Sequelae of injury classifiable to T21.-, T33.2–T33.3, T34.2–T34.3 and T35.3",SBC
T95.2,"Sequelae of burn, corrosion and frostbite of upper limb Sequelae of injury classifiable to T22–T23, T33.4–T33.5, T34.4–T34.5 and T35.4",SBC
T95.3,"Sequelae of burn, corrosion and frostbite of lower limb Sequelae of injury classifiable to T24–T25, T33.6–T33.8, T34.6–T34.8 and T35.5",SBC
T95.4,Sequelae of burn and corrosion classifiable only according to extent of body surface involved Sequelae of injury classifiable to T31–T32,SBC
T95.8,"Sequelae of other specified burn, corrosion and frostbite Sequelae of injury classifiable T26–T29, T35.0–T35.1 and T35.6",SBC
T95.9,"Sequelae of unspecified burn, corrosion and frostbite Sequelae of injury classifiable to T30.-, T33.9, T34.9 and T35.7",SBC NOS
T96,"Sequelae of poisoning by drugs, medicaments and biological substances",SPB
T97,Sequelae of toxic effects of substances chiefly nonmedicinal as to source,STE
T98,Sequelae of other and unspecified effects of external causes,SEE NOS
T98.0,Sequelae of effects of foreign body entering through natural orifice Sequelae of effects classifiable to T15–T19,SEF
T98.1,Sequelae of other and unspecified effects of external causes Sequelae of effects classifiable to T66–T78,SEE NOS
T98.2,Sequelae of certain early complications of trauma Sequelae of complications classifiable to T79.-,SCE
T98.3,"Sequelae of complications of surgical and medical care, not elsewhere classified Sequelae of complications classifiable to T80–T88",SCS
U00–U49,Provisional assignment of new diseases of uncertain etiology,PAN
U04,Severe acute respiratory syndrome [SARS],SAR
U04.9,"Severe acute respiratory syndrome [SARS], unspecified",SAR NOS
U06,Emergency use of U06,EUU
U06.0,Emergency use of U06.0,EUU
U06.1,Emergency use of U06.1,EUU
U06.2,Emergency use of U06.2,EUU
U06.3,Emergency use of U06.3,EUU
U06.4,Emergency use of U06.4,EUU
U06.5,Emergency use of U06.5,EUU
U06.6,Emergency use of U06.6,EUU
U06.7,Emergency use of U06.7,EUU
U06.8,Emergency use of U06.8,EUU
U06.9,Emergency use of U06.9,EUU
U07,Emergency use of U07,EUU
U07.0,Emergency use of U07.0,EUU
U07.1,Emergency use of U07.1,EUU
U07.2,Emergency use of U07.2,EUU
U07.3,Emergency use of U07.3,EUU
U07.4,Emergency use of U07.4,EUU
U07.5,Emergency use of U07.5,EUU
U07.6,Emergency use of U07.6,EUU
U07.7,Emergency use of U07.7,EUU
U07.8,Emergency use of U07.8,EUU
U07.9,Emergency use of U07.9 Resistance to antimicrobial and antineoplastic drugs (U82-U85),EUU
U82,Resistance to betalactam antibiotics,RBA
U82.0,Resistance to penicillin Resistance to: • Amoxicillin • Ampicillin,RPR
U82.1,Resistance to methicillin Resistance to: • Cloxacillin • Flucloxacillin • Oxacillin,RMR
U82.2,Extended-spectrum betalactamase (ESBL) resistance,EBR
U82.8,Resistance to other betalactam antibiotics,RBA
U82.9,"Resistance to betalactam antibiotics, unspecified",RBA NOS
U82–U85,Resistance to antimicrobial and antineoplastic drugs,RAA
U83,Resistance to other antibiotics,RA
U83.0,Resistance to vancomycin,RV
U83.1,Resistance to other vancomycin-related antibiotics,RVA
U83.2,Resistance to quinolones,RQ
U83.7,Resistance to multiple antibiotics,RMA
U83.8,Resistance to other single specified antibiotic,RSA
U83.9,Resistance to unspecified antibiotic Resistance to antibiotics NOS,RAR NOS
U84,Resistance to other antimicrobial drugs,RAD
U84.0,Resistance to antiparasitic drug(s) Resistance to quinine and related compounds,RAD
U84.1,Resistance to antifungal drug(s),RAD
U84.2,Resistance to antiviral drug(s),RAD
U84.3,Resistance to tuberculostatic drug(s),RTD
U84.7,Resistance to multiple antimicrobial drugs,RMA
U84.8,Resistance to other specified antimicrobial drug,RAD
U84.9,Resistance to unspecified antimicrobial drugs Drug resistance NOS,RAD NOS
U85,Resistance to antineoplastic drugs,RAD
V01,Pedestrian injured in collision with pedal cycle [See before V01 for subdivisions],PII
V01–V09,• pedestrian,•P
V01–V99,transport accidents,TA
V01–X59,Accidents,ACCI
V01–Y89,"• external causes (for mortality) • injury, poisoning and certain other consequences of external cause (S00– T88.1, T88.6–T98) • mental and behavioural disorders associated with the puerperium (F53.-) • obstetrical tetanus (A34) • postpartum necrosis of pituitary gland (E23.0) • puerperal osteomalacia (M83.0) supervision of: • high-risk pregnancy (Z35.-) • normal pregnancy (Z34.-) This chapter contains the following blocks:",•EC
V02,Pedestrian injured in collision with two- or three- wheeled motor vehicle [See before V01 for subdivisions],PII
V03,"Pedestrian injured in collision with car, pick-up truck or van [See before V01 for subdivisions]",PII
V04,Pedestrian injured in collision with heavy transport vehicle or bus [See before V01 for subdivisions],PII
V05,Pedestrian injured in collision with railway train or railway vehicle [See before V01 for subdivisions],PII
V06,Pedestrian injured in collision with other nonmotor vehicle [See before V01 for subdivisions],PII
V09,Pedestrian injured in other and unspecified transport accidents,PII NOS
V09.0,Pedestrian injured in nontraffic accident involving other and unspecified motor vehicles,PII NOS
V09.1,Pedestrian injured in unspecified nontraffic accident,PII NOS
V09.2,Pedestrian injured in traffic accident involving other and unspecified motor vehicles,PII NOS
V09.3,Pedestrian injured in unspecified traffic accident,PII NOS
V09.9,Pedestrian injured in unspecified transport accident,PII NOS
V10,Pedal cyclist injured in collision with pedestrian or animal [See before V10 for subdivisions],PCI
V10–V19,• pedal cyclist,•PC
V11,Pedal cyclist injured in collision with other pedal cycle [See before V10 for subdivisions],PCI
V12,Pedal cyclist injured in collision with two- or three- wheeled motor vehicle [See before V10 for subdivisions],PCI
V13,"Pedal cyclist injured in collision with car, pick-up truck or van [See before V10 for subdivisions]",PCI
V14,Pedal cyclist injured in collision with heavy transport vehicle or bus [See before V10 for subdivisions],PCI
V15,Pedal cyclist injured in collision with railway train or railway vehicle [See before V10 for subdivisions],PCI
V16,Pedal cyclist injured in collision with other nonmotor vehicle [See before V10 for subdivisions],PCI
V17,Pedal cyclist injured in collision with fixed or stationary object [See before V10 for subdivisions],PCI
V18,Pedal cyclist injured in noncollision transport accident [See before V10 for subdivisions],PCI
V19,Pedal cyclist injured in other and unspecified transport accidents,PCI NOS
V19.0,Driver injured in collision with other and unspecified motor vehicles in nontraffic accident,DII NOS
V19.1,Passenger injured in collision with other and unspecified motor vehicles in nontraffic accident,PII NOS
V19.2,"Unspecified pedal cyclist injured in collision with other and unspecified motor vehicles in nontraffic accident Pedal cycle collision NOS, nontraffic",PCI NOS
V19.3,"Pedal cyclist [any] injured in unspecified nontraffic accident Pedal cycle accident NOS, nontraffic Pedal cyclist injured in nontraffic accident NOS",PCI NOS
V19.4,Driver injured in collision with other and unspecified motor vehicles in traffic accident,DII NOS
V19.5,Passenger injured in collision with other and unspecified motor vehicles in traffic accident,PII NOS
V19.6,Unspecified pedal cyclist injured in collision with other and unspecified motor vehicles in traffic accident Pedal cycle collision NOS (traffic),PCI NOS
V19.8,Pedal cyclist [any] injured in other specified transport accidents Trapped by part of pedal cycle,PCI
V19.9,Pedal cyclist [any] injured in unspecified traffic accident Pedal cycle accident NOS,PCI NOS
V20,Motorcycle rider injured in collision with pedestrian or animal [See before V20 for subdivisions],MRI
V20–V29,Motorcycle rider injured in transport accident,MRI
V21,Motorcycle rider injured in collision with pedal cycle [See before V20 for subdivisions],MRI
V22,Motorcycle rider injured in collision with two- or three- wheeled motor vehicle [See before V20 for subdivisions],MRI
V23,"Motorcycle rider injured in collision with car, pick-up truck or van [See before V20 for subdivisions]",MRI
V24,Motorcycle rider injured in collision with heavy transport vehicle or bus [See before V20 for subdivisions],MRI
V25,Motorcycle rider injured in collision with railway train or railway vehicle [See before V20 for subdivisions],MRI
V26,Motorcycle rider injured in collision with other nonmotor vehicle [See before V20 for subdivisions],MRI
V27,Motorcycle rider injured in collision with fixed or stationary object [See before V20 for subdivisions],MRI
V28,Motorcycle rider injured in noncollision transport accident [See before V20 for subdivisions],MRI
V29,Motorcycle rider injured in other and unspecified transport accidents,MRI NOS
V29.0,Driver injured in collision with other and unspecified motor vehicles in nontraffic accident,DII NOS
V29.1,Passenger injured in collision with other and unspecified motor vehicles in nontraffic accident,PII NOS
V29.2,"Unspecified motorcycle rider injured in collision with other and unspecified motor vehicles in nontraffic accident Motorcycle collision NOS, nontraffic",MRI NOS
V29.3,"Motorcycle rider [any] injured in unspecified nontraffic accident Motorcycle accident NOS, nontraffic Motorcycle rider injured in nontraffic accident NOS",MRI NOS
V29.4,Driver injured in collision with other and unspecified motor vehicles in traffic accident,DII NOS
V29.5,Passenger injured in collision with other and unspecified motor vehicles in traffic accident,PII NOS
V29.6,Unspecified motorcycle rider injured in collision with other and unspecified motor vehicles in traffic accident Motorcycle collision NOS (traffic),MRI NOS
V29.8,Motorcycle rider [any] injured in other specified transport accidents Trapped by part of motorcycle,MRI
V29.9,Motorcycle rider [any] injured in unspecified traffic accident Motorcycle accident NOS Occupant of three-wheeled motor vehicle injured in transport accident (V30–V39),MRI NOS
V30,Occupant of three-wheeled motor vehicle injured in collision with pedestrian or animal [See before V30 for subdivisions],OTM
V30–V39,Occupant of three-wheeled motor vehicle injured in transport accident,OTM
V31,Occupant of three-wheeled motor vehicle injured in collision with pedal cycle [See before V30 for subdivisions],OTM
V32,Occupant of three-wheeled motor vehicle injured in collision with two- or three-wheeled motor vehicle [See before V30 for subdivisions],OTM
V33,"Occupant of three-wheeled motor vehicle injured in collision with car, pick-up truck or van [See before V30 for subdivisions]",OTM
V34,Occupant of three-wheeled motor vehicle injured in collision with heavy transport vehicle or bus [See before V30 for subdivisions],OTM
V35,Occupant of three-wheeled motor vehicle injured in collision with railway train or railway vehicle [See before V30 for subdivisions],OTM
V36,Occupant of three-wheeled motor vehicle injured in collision with other nonmotor vehicle [See before V30 for subdivisions],OTM
V37,Occupant of three-wheeled motor vehicle injured in collision with fixed or stationary object [See before V30 for subdivisions],OTM
V38,Occupant of three-wheeled motor vehicle injured in noncollision transport accident [See before V30 for subdivisions],OTM
V39,Occupant of three-wheeled motor vehicle injured in other and unspecified transport accidents,OTM NOS
V39.0,Driver injured in collision with other and unspecified motor vehicles in nontraffic accident,DII NOS
V39.1,Passenger injured in collision with other and unspecified motor vehicles in nontraffic accident,PII NOS
V39.2,"Unspecified occupant of three-wheeled motor vehicle injured in collision with other and unspecified motor vehicles in nontraffic accident Collision NOS involving three-wheeled motor vehicle, nontraffic",OTM NOS
V39.3,"Occupant [any] of three-wheeled motor vehicle injured in unspecified nontraffic accident Accident NOS involving three-wheeled motor vehicle, nontraffic Occupant of three-wheeled motor vehicle injured in nontraffic accident NOS",OTM NOS
V39.4,Driver injured in collision with other and unspecified motor vehicles in traffic accident,DII NOS
V39.5,Passenger injured in collision with other and unspecified motor vehicles in traffic accident,PII NOS
V39.6,Unspecified occupant of three-wheeled motor vehicle injured in collision with other and unspecified motor vehicles in traffic accident Collision NOS involving three-wheeled motor vehicle (traffic),OTM NOS
V39.8,Occupant [any] of three-wheeled motor vehicle injured in other specified transport accidents Trapped by door or other part of three-wheeled motor vehicle,OTM
V39.9,Occupant [any] of three-wheeled motor vehicle injured in unspecified traffic accident Accident NOS involving three-wheeled motor vehicle Car occupant injured in transport accident (V40–V49),OTM NOS
V40,Car occupant injured in collision with pedestrian or animal [See before V40 for subdivisions],COI
V40–V49,Car occupant injured in transport accident,COI
V41,Car occupant injured in collision with pedal cycle [See before V40 for subdivisions],COI
V42,Car occupant injured in collision with two- or three- wheeled motor vehicle [See before V40 for subdivisions],COI
V43,"Car occupant injured in collision with car, pick-up truck or van [See before V40 for subdivisions]",COI
V44,Car occupant injured in collision with heavy transport vehicle or bus [See before V40 for subdivisions],COI
V45,Car occupant injured in collision with railway train or railway vehicle [See before V40 for subdivisions],COI
V46,Car occupant injured in collision with other nonmotor vehicle [See before V40 for subdivisions],COI
V47,Car occupant injured in collision with fixed or stationary object [See before V40 for subdivisions],COI
V48,Car occupant injured in noncollision transport accident [See before V40 for subdivisions],COI
V49,Car occupant injured in other and unspecified transport accidents,COI NOS
V49.0,Driver injured in collision with other and unspecified motor vehicles in nontraffic accident,DII NOS
V49.1,Passenger injured in collision with other and unspecified motor vehicles in nontraffic accident,PII NOS
V49.2,"Unspecified car occupant injured in collision with other and unspecified motor vehicles in nontraffic accident Car collision NOS, nontraffic",COI NOS
V49.3,"Car occupant [any] injured in unspecified nontraffic accident Car accident NOS, nontraffic Car occupant injured in nontraffic accident NOS",COI NOS
V49.4,Driver injured in collision with other and unspecified motor vehicles in traffic accident,DII NOS
V49.5,Passenger injured in collision with other and unspecified motor vehicles in traffic accident,PII NOS
V49.6,Unspecified car occupant injured in collision with other and unspecified motor vehicles in traffic accident Car collision NOS (traffic),COI NOS
V49.8,Car occupant [any] injured in other specified transport accidents Trapped by door or other part of car,COI
V49.9,Car occupant [any] injured in unspecified traffic accident Car accident NOS Occupant of pick-up truck or van injured in transport accident (V50–V59),COI NOS
V50,Occupant of pick-up truck or van injured in collision with pedestrian or animal [See before V50 for subdivisions],OPT
V50–V59,Occupant of pick-up truck or van injured in transport accident,OPT
V51,Occupant of pick-up truck or van injured in collision with pedal cycle [See before V50 for subdivisions],OPT
V52,Occupant of pick-up truck or van injured in collision with two- or three-wheeled motor vehicle [See before V50 for subdivisions],OPT
V53,"Occupant of pick-up truck or van injured in collision with car, pick-up truck or van [See before V50 for subdivisions]",OPT
V54,Occupant of pick-up truck or van injured in collision with heavy transport vehicle or bus [See before V50 for subdivisions],OPT
V55,Occupant of pick-up truck or van injured in collision with railway train or railway vehicle [See before V50 for subdivisions],OPT
V56,Occupant of pick-up truck or van injured in collision with other nonmotor vehicle [See before V50 for subdivisions],OPT
V57,Occupant of pick-up truck or van injured in collision with fixed or stationary object [See before V50 for subdivisions],OPT
V58,Occupant of pick-up truck or van injured in noncollision transport accident [See before V50 for subdivisions],OPT
V59,Occupant of pick-up truck or van injured in other and unspecified transport accidents,OPT NOS
V59.0,Driver injured in collision with other and unspecified motor vehicles in nontraffic accident,DII NOS
V59.1,Passenger injured in collision with other and unspecified motor vehicles in nontraffic accident,PII NOS
V59.2,"Unspecified occupant of pick-up truck or van injured in collision with other and unspecified motor vehicles in nontraffic accident Collision NOS involving pick-up truck or van, nontraffic",OPT NOS
V59.3,"Occupant [any] of pick-up truck or van injured in unspecified nontraffic accident Accident NOS involving pick-up truck or van, nontraffic Occupant of pick-up truck or van injured in nontraffic accident NOS",OPT NOS
V59.4,Driver injured in collision with other and unspecified motor vehicles in traffic accident,DII NOS
V59.5,Passenger injured in collision with other and unspecified motor vehicles in traffic accident,PII NOS
V59.6,Unspecified occupant of pick-up truck or van injured in collision with other and unspecified motor vehicles in traffic accident Collision NOS involving pick-up truck or van (traffic),OPT NOS
V59.8,Occupant [any] of pick-up truck or van injured in other specified transport accidents Trapped by door or other part of pick-up truck or van,OPT
V59.9,Occupant [any] of pick-up truck or van injured in unspecified traffic accident Accident NOS involving pick-up truck or van Occupant of heavy transport vehicle injured in transport accident (V60–V69) The following fourth-character subdivisions are for use with categories V60–V68: .0 Driver injured in nontraffic accident .1 Passenger injured in nontraffic accident .2 Person on outside of vehicle injured in nontraffic accident .3 Unspecified occupant of heavy transport vehicle injured in nontraffic accident,OPT NOS
V60,Occupant of heavy transport vehicle injured in collision with pedestrian or animal [See before V60 for subdivisions],OHT
V60–V69,Occupant of heavy transport vehicle injured in transport accident,OHT
V61,Occupant of heavy transport vehicle injured in collision with pedal cycle [See before V60 for subdivisions],OHT
V62,Occupant of heavy transport vehicle injured in collision with two- or three-wheeled motor vehicle [See before V60 for subdivisions],OHT
V63,"Occupant of heavy transport vehicle injured in collision with car, pick-up truck or van [See before V60 for subdivisions]",OHT
V64,Occupant of heavy transport vehicle injured in collision with heavy transport vehicle or bus [See before V60 for subdivisions],OHT
V65,Occupant of heavy transport vehicle injured in collision with railway train or railway vehicle [See before V60 for subdivisions],OHT
V66,Occupant of heavy transport vehicle injured in collision with other nonmotor vehicle [See before V60 for subdivisions],OHT
V67,Occupant of heavy transport vehicle injured in collision with fixed or stationary object [See before V60 for subdivisions],OHT
V68,Occupant of heavy transport vehicle injured in noncollision transport accident [See before V60 for subdivisions],OHT
V69,Occupant of heavy transport vehicle injured in other and unspecified transport accidents,OHT NOS
V69.0,Driver injured in collision with other and unspecified motor vehicles in nontraffic accident,DII NOS
V69.1,Passenger injured in collision with other and unspecified motor vehicles in nontraffic accident,PII NOS
V69.2,"Unspecified occupant of heavy transport vehicle injured in collision with other and unspecified motor vehicles in nontraffic accident Collision NOS involving heavy transport vehicle, nontraffic",OHT NOS
V69.3,"Occupant [any] of heavy transport vehicle injured in unspecified nontraffic accident Accident NOS involving heavy transport vehicle, nontraffic Occupant of heavy transport vehicle injured in nontraffic accident NOS",OHT NOS
V69.4,Driver injured in collision with other and unspecified motor vehicles in traffic accident,DII NOS
V69.5,Passenger injured in collision with other and unspecified motor vehicles in traffic accident,PII NOS
V69.6,Unspecified occupant of heavy transport vehicle injured in collision with other and unspecified motor vehicles in traffic accident Collision NOS involving heavy transport vehicle (traffic),OHT NOS
V69.8,Occupant [any] of heavy transport vehicle injured in other specified transport accidents Trapped by door or other part of heavy transport vehicle,OHT
V69.9,Occupant [any] of heavy transport vehicle injured in unspecified traffic accident Accident NOS involving heavy transport vehicle,OHT NOS
V70,Bus occupant injured in collision with pedestrian or animal [See before V70 for subdivisions],BOI
V70–V79,Bus occupant injured in transport accident,BOI
V71,Bus occupant injured in collision with pedal cycle [See before V70 for subdivisions],BOI
V72,Bus occupant injured in collision with two- or three- wheeled motor vehicle [See before V70 for subdivisions],BOI
V73,"Bus occupant injured in collision with car, pick-up truck or van [See before V70 for subdivisions]",BOI
V74,Bus occupant injured in collision with heavy transport vehicle or bus [See before V70 for subdivisions],BOI
V75,Bus occupant injured in collision with railway train or railway vehicle [See before V70 for subdivisions],BOI
V76,Bus occupant injured in collision with other nonmotor vehicle [See before V70 for subdivisions],BOI
V77,Bus occupant injured in collision with fixed or stationary object [See before V70 for subdivisions],BOI
V78,Bus occupant injured in noncollision transport accident [See before V70 for subdivisions],BOI
V79,Bus occupant injured in other and unspecified transport accidents,BOI NOS
V79.0,Driver injured in collision with other and unspecified motor vehicles in nontraffic accident,DII NOS
V79.1,Passenger injured in collision with other and unspecified motor vehicles in nontraffic accident,PII NOS
V79.2,"Unspecified bus occupant injured in collision with other and unspecified motor vehicles in nontraffic accident Bus collision NOS, nontraffic",BOI NOS
V79.3,"Bus occupant [any] injured in unspecified nontraffic accident Bus accident NOS, nontraffic Bus occupant injured in nontraffic accident NOS",BOI NOS
V79.4,Driver injured in collision with other and unspecified motor vehicles in traffic accident,DII NOS
V79.5,Passenger injured in collision with other and unspecified motor vehicles in traffic accident,PII NOS
V79.6,Unspecified bus occupant injured in collision with other and unspecified motor vehicles in traffic accident Bus collision NOS (traffic),BOI NOS
V79.8,Bus occupant [any] injured in other specified transport accidents Trapped by door or other part of bus,BOI
V79.9,Bus occupant [any] injured in unspecified traffic accident Bus accident NOS,BOI NOS
V80,Animal-rider or occupant of animal-drawn vehicle injured in transport accident,AOO
V80.0,Rider or occupant injured by fall from or being thrown from animal or animal-drawn vehicle in noncollision accident Overturning: • NOS • without collision,ROO NOS
V80.1,Rider or occupant injured in collision with pedestrian or animal,ROO
V80.2,Rider or occupant injured in collision with pedal cycle,ROO
V80.3,Rider or occupant injured in collision with two- or three- wheeled motor vehicle,ROO
V80.4,"Rider or occupant injured in collision with car, pick-up truck, van, heavy transport vehicle or bus",ROO
V80.5,Rider or occupant injured in collision with other specified motor vehicle,ROO
V80.6,Rider or occupant injured in collision with railway train or railway vehicle,ROO
V80.7,Rider or occupant injured in collision with other nonmotor vehicle Collision with: • animal being ridden • animal-drawn vehicle • streetcar,ROO
V80.8,Rider or occupant injured in collision with fixed or stationary object,ROO
V80.9,Rider or occupant injured in other and unspecified transport accidents Animal-drawn vehicle accident NOS Animal-rider accident NOS,ROO NOS
V80–V89,Other land transport accidents,LTA
V81,Occupant of railway train or railway vehicle injured in transport accident,ORT
V81.0,Occupant of railway train or railway vehicle injured in collision with motor vehicle in nontraffic accident,ORT
V81.1,Occupant of railway train or railway vehicle injured in collision with motor vehicle in traffic accident,ORT
V81.2,Occupant of railway train or railway vehicle injured in collision with or hit by rolling stock,ORT
V81.3,Occupant of railway train or railway vehicle injured in collision with other object Railway collision NOS,ORT NOS
V81.4,Person injured while boarding or alighting from railway train or railway vehicle,PIW
V81.5,Occupant of railway train or railway vehicle injured by fall in railway train or railway vehicle,ORT
V81.6,Occupant of railway train or railway vehicle injured by fall from railway train or railway vehicle,ORT
V81.7,Occupant of railway train or railway vehicle injured in derailment without antecedent collision,ORT
V81.8,Occupant of railway train or railway vehicle injured in other specified railway accidents Explosion or fire Hit by falling: • earth • rock • tree,ORT
V81.9,Occupant of railway train or railway vehicle injured in unspecified railway accident Railway accident NOS,ORT NOS
V82,Occupant of streetcar injured in transport accident,OSI
V82.0,Occupant of streetcar injured in collision with motor vehicle in nontraffic accident,OSI
V82.1,Occupant of streetcar injured in collision with motor vehicle in traffic accident,OSI
V82.2,Occupant of streetcar injured in collision with or hit by rolling stock,OSI
V82.3,Occupant of streetcar injured in collision with other object,OSI
V82.4,Person injured while boarding or alighting from streetcar,PIW
V82.5,Occupant of streetcar injured by fall in streetcar,OSI
V82.6,Occupant of streetcar injured by fall from streetcar,OSI
V82.7,Occupant of streetcar injured in derailment without antecedent collision,OSI
V82.8,Occupant of streetcar injured in other specified transport accidents Collision with train or other nonmotor vehicle,OSI
V82.9,Occupant of streetcar injured in unspecified traffic accident Streetcar accident NOS,OSI NOS
V83,Occupant of special vehicle mainly used on industrial premises injured in transport accident,OSV
V83.0,Driver of special industrial vehicle injured in traffic accident,DSI
V83.1,Passenger of special industrial vehicle injured in traffic accident,PSI
V83.2,Person on outside of special industrial vehicle injured in traffic accident,POO
V83.3,Unspecified occupant of special industrial vehicle injured in traffic accident,OSI NOS
V83.4,Person injured while boarding or alighting from special industrial vehicle,PIW
V83.5,Driver of special industrial vehicle injured in nontraffic accident,DSI
V83.6,Passenger of special industrial vehicle injured in nontraffic accident,PSI
V83.7,Person on outside of special industrial vehicle injured in nontraffic accident,POO
V83.9,Unspecified occupant of special industrial vehicle injured in nontraffic accident Special-industrial-vehicle accident NOS,OSI NOS
V84,Occupant of special vehicle mainly used in agriculture injured in transport accident,OSV
V84.0,Driver of special agricultural vehicle injured in traffic accident,DSA
V84.1,Passenger of special agricultural vehicle injured in traffic accident,PSA
V84.2,Person on outside of special agricultural vehicle injured in traffic accident,POO
V84.3,Unspecified occupant of special agricultural vehicle injured in traffic accident,OSA NOS
V84.4,Person injured while boarding or alighting from special agricultural vehicle,PIW
V84.5,Driver of special agricultural vehicle injured in nontraffic accident,DSA
V84.6,Passenger of special agricultural vehicle injured in nontraffic accident,PSA
V84.7,Person on outside of special agricultural vehicle injured in nontraffic accident,POO
V84.9,Unspecified occupant of special agricultural vehicle injured in nontraffic accident Special agricultural-vehicle accident NOS,OSA NOS
V85,Occupant of special construction vehicle injured in transport accident,OSC
V85.0,Driver of special construction vehicle injured in traffic accident,DSC
V85.1,Passenger of special construction vehicle injured in traffic accident,PSC
V85.2,Person on outside of special construction vehicle injured in traffic accident,POO
V85.3,Unspecified occupant of special construction vehicle injured in traffic accident,OSC NOS
V85.4,Person injured while boarding or alighting from special construction vehicle,PIW
V85.5,Driver of special construction vehicle injured in nontraffic accident,DSC
V85.6,Passenger of special construction vehicle injured in nontraffic accident,PSC
V85.7,Person on outside of special construction vehicle injured in nontraffic accident,POO
V85.9,Unspecified occupant of special construction vehicle injured in nontraffic accident Special construction-vehicle accident NOS,OSC NOS
V86,"Occupant of special all-terrain or other motor vehicle designed primarily for off-road use, injured in transport accident",OSA
V86.0,Driver of all-terrain or other off-road motor vehicle injured in traffic accident,DAO
V86.1,Passenger of all-terrain or other off-road motor vehicle injured in traffic accident,PAO
V86.2,Person on outside of all-terrain or other off-road motor vehicle injured in traffic accident,POO
V86.3,Unspecified occupant of all-terrain or other off-road motor vehicle injured in traffic accident,OAO NOS
V86.4,Person injured while boarding or alighting from all-terrain or other off-road motor vehicle,PIW
V86.5,Driver of all-terrain or other off-road motor vehicle injured in nontraffic accident,DAO
V86.6,Passenger of all-terrain or other off-road motor vehicle injured in nontraffic accident,PAO
V86.7,Person on outside of all-terrain or other off-road motor vehicle injured in nontraffic accident,POO
V86.9,Unspecified occupant of all-terrain or other off-road motor vehicle injured in nontraffic accident All-terrain motor-vehicle accident NOS Off-road motor-vehicle accident NOS,OAO NOS
V87,Traffic accident of specified type but victim’s mode of transport unknown,TAT
V87.0,Person injured in collision between car and two- or three- wheeled motor vehicle (traffic),PII
V87.1,Person injured in collision between other motor vehicle and two- or three-wheeled motor vehicle (traffic),PII
V87.2,Person injured in collision between car and pick-up truck or van (traffic),PII
V87.3,Person injured in collision between car and bus (traffic),PII
V87.4,Person injured in collision between car and heavy transport vehicle (traffic),PII
V87.5,Person injured in collision between heavy transport vehicle and bus (traffic),PII
V87.6,Person injured in collision between railway train or railway vehicle and car (traffic),PII
V87.7,Person injured in collision between other specified motor vehicles (traffic),PII
V87.8,Person injured in other specified noncollision transport accidents involving motor vehicle (traffic),PII
V87.9,Person injured in other specified (collision)(noncollision) transport accidents involving nonmotor vehicle (traffic),PII
V88,Nontraffic accident of specified type but victim’s mode of transport unknown,NAT
V88.0,"Person injured in collision between car and two- or three- wheeled motor vehicle, nontraffic",PII
V88.1,"Person injured in collision between other motor vehicle and two- or three-wheeled motor vehicle, nontraffic",PII
V88.2,"Person injured in collision between car and pick-up truck or van, nontraffic",PII
V88.3,"Person injured in collision between car and bus, nontraffic",PII
V88.4,"Person injured in collision between car and heavy transport vehicle, nontraffic",PII
V88.5,"Person injured in collision between heavy transport vehicle and bus, nontraffic",PII
V88.6,"Person injured in collision between railway train or railway vehicle and car, nontraffic",PII
V88.7,"Person injured in collision between other specified motor vehicles, nontraffic",PII
V88.8,"Person injured in other specified noncollision transport accidents involving motor vehicle, nontraffic",PII
V88.9,"Person injured in other specified (collision)(noncollision) transport accidents involving nonmotor vehicle, nontraffic",PII
V89,"Motor- or nonmotor-vehicle accident, type of vehicle unspecified",MON NOS
V89.0,"Person injured in unspecified motor-vehicle accident, nontraffic Motor-vehicle accident NOS, nontraffic",PII NOS
V89.1,"Person injured in unspecified nonmotor-vehicle accident, nontraffic Nonmotor-vehicle accident NOS (nontraffic)",PII NOS
V89.2,"Person injured in unspecified motor-vehicle accident, traffic Motor-vehicle accident [MVA] NOS Road (traffic) accident [RTA] NOS",PII NOS
V89.3,"Person injured in unspecified nonmotor-vehicle accident, traffic Nonmotor-vehicle traffic accident NOS",PII NOS
V89.9,Person injured in unspecified vehicle accident Collision NOS,PII NOS
V90,Accident to watercraft causing drowning and submersion [See before V90 for subdivisions],AWC
V90–V94,"watercraft other modes of transport (V01–V89, V98–V99)",WMT
V91,Accident to watercraft causing other injury [See before V90 for subdivisions],AWC
V92,Water-transport-related drowning and submersion without accident to watercraft [See before V90 for subdivisions],WDS
V93,"Accident on board watercraft without accident to watercraft, not causing drowning and submersion [See before V90 for subdivisions]",AOB
V94,Other and unspecified water transport accidents [See before V90 for subdivisions],WTA NOS
V95,Accident to powered aircraft causing injury to occupant,APA
V95.0,Helicopter accident injuring occupant,HAI
V95.1,"Ultralight, microlight or powered-glider accident injuring occupant",UMO
V95.2,"Accident to other private fixed-wing aircraft, injuring occupant",APF
V95.3,"Accident to commercial fixed-wing aircraft, injuring occupant",ACF
V95.4,Spacecraft accident injuring occupant,SAI
V95.8,Other aircraft accidents injuring occupant,AAI
V95.9,Unspecified aircraft accident injuring occupant Aircraft accident NOS Air transport accident NOS,AAI NOS
V95–V97,aircraft and spacecraft,AS
V96,Accident to nonpowered aircraft causing injury to occupant,ANA
V96.0,Balloon accident injuring occupant,BAI
V96.1,Hang-glider accident injuring occupant,HAI
V96.2,Glider (nonpowered) accident injuring occupant,GAI
V96.8,Other nonpowered-aircraft accidents injuring occupant Kite carrying a person,NAI
V96.9,Unspecified nonpowered-aircraft accident injuring occupant Nonpowered-aircraft accident NOS,NAI NOS
V97,Other specified air transport accidents,ATA
V97.0,"Occupant of aircraft injured in other specified air transport accidents Fall in, on or from aircraft in air transport accident",OAI
V97.1,Person injured while boarding or alighting from aircraft,PIW
V97.2,Parachutist injured in air transport accident,PII
V97.3,Person on ground injured in air transport accident Hit by object falling from aircraft Injured by rotating propeller Sucked into jet,POG
V97.8,"Other air transport accidents, not elsewhere classified Injury from machinery on aircraft",ATA
V98,Other specified transport accidents,TA
V98–V99,Other and unspecified transport accidents,TA NOS
V99,Unspecified transport accident Other external causes of accidental injury (W00–X59) Falls (W00–W19) [See at the beginning of this chapter for the classification of the place of occurrence and activity],TAE NOS
W00,Fall on same level involving ice and snow,FOS
W00–W19,Falls,FALL
W00–X59,car door assault by crashing of motor vehicle (Y03),CDA
W01,"Fall on same level from slipping, tripping and stumbling",FOS
W02,"Fall involving ice-skates, skis, roller-skates or skateboards",FII
W03,"Other fall on same level due to collision with, or pushing by, another person",FOS
W04,Fall while being carried or supported by other persons,FWB
W05,Fall involving wheelchair,FIW
W06,Fall involving bed,FIB
W07,Fall involving chair,FIC
W08,Fall involving other furniture,FIF
W09,Fall involving playground equipment,FIP
W10,Fall on and from stairs and steps,FOF
W11,Fall on and from ladder,FOF
W12,Fall on and from scaffolding,FOF
W13,"Fall from, out of or through building or structure",FFO
W14,Fall from tree,FFT
W15,Fall from cliff,FFC
W16,Diving or jumping into water causing injury other than drowning or submersion,DOJ
W17,Other fall from one level to another,FFO
W18,Other fall on same level,FOS
W19,Unspecified fall,FALL NOS
W20,"Struck by thrown, projected or falling object",SBT
W20–W22,struck by objects,SBO
W20–W49,Exposure to inanimate mechanical forces,EIM
W21,Striking against or struck by sports equipment,SAO
W22,Striking against or struck by other objects,SAO
W23,"Caught, crushed, jammed or pinched in or between objects",CCJ
W24,"Contact with lifting and transmission devices, not elsewhere classified",CLT
W25,Contact with sharp glass,CSG
W25–W27,• cutting or piercing instruments • lifting and transmission devices (W24),•CO
W26,Contact with other sharp objects,CSO
W26.0,"Contact with knife, sword or dagger",CKS
W26.8,"Contact with other sharp object(s), not elsewhere classified Edge of stiff paper Tin can lid",CSO
W26.9,Contact with unspecified sharp object(s),CSO NOS
W27,Contact with nonpowered hand tool,CNH
W27–W29,"• hand tools (nonpowered)(powered) • hypodermic needle (W46) • knife, sword or dagger (W26) • sharp glass (W25)",•HT
W28,Contact with powered lawnmower,CPL
W28–W31,"• machinery • nonpowered hand tools (W27) • transport vehicle being used as a means of transportation (V01–V99) struck by thrown, projected or falling object (W20)",•M•
W29,Contact with other powered hand tools and household machinery,CPH
W30,Contact with agricultural machinery,CAM
W31,Contact with other and unspecified machinery,CM NOS
W32,Handgun discharge,HD
W32–W34,• firearm sports equipment (W21),•FS
W32–W40,flying glass due to explosion or firearm discharge glass embedded in skin (W45),FGE
W33,"Rifle, shotgun and larger firearm discharge",RSL
W34,Discharge from other and unspecified firearms,DFF NOS
W35,Explosion and rupture of boiler,ERB
W35–W40,secondary fire resulting from explosion,SFR
W36,Explosion and rupture of gas cylinder,ERG
W37,"Explosion and rupture of pressurized tyre, pipe or hose",ERP
W38,Explosion and rupture of other specified pressurized devices,ERP
W39,Discharge of firework,DF
W40,Explosion of other materials,EM
W41,Exposure to high-pressure jet,EHJ
W42,Exposure to noise,EN
W43,Exposure to vibration,EV
W44,Foreign body entering into or through eye or natural orifice,FBE
W45,Foreign body or object entering through skin,FBO
W46,Contact with hypodermic needle,CHN
W49,Exposure to other and unspecified inanimate mechanical forces,EIM NOS
W50,"Hit, struck, kicked, twisted, bitten or scratched by another person",HSK
W50–W64,contact or collision with animals or persons,COC
W51,Striking against or bumped into by another person,SAO
W52,"Crushed, pushed or stepped on by crowd or human stampede",CPO
W53,Bitten by rat,BBR
W54,Bitten or struck by dog,BOS
W55,Bitten or struck by other mammals,BOS
W56,Contact with marine animal,CMA
W57,Bitten or stung by nonvenomous insect and other nonvenomous arthropod,BOS
W58,Bitten or struck by crocodile or alligator,BOS
W59,Bitten or crushed by other reptiles,BOC
W60,Contact with plant thorns and spines and sharp leaves,CPT
W64,Exposure to other and unspecified animate mechanical forces,EAM NOS
W65,Drowning and submersion while in bath-tub,DSW
W65–W74,• into water (with drowning or submersion),•IW
W66,Drowning and submersion following fall into bath-tub,DSF
W67,Drowning and submersion while in swimming-pool,DSW
W68,Drowning and submersion following fall into swimming-pool,DSF
W69,Drowning and submersion while in natural water,DSW
W70,Drowning and submersion following fall into natural water,DSF
W73,Other specified drowning and submersion,DS
W74,Unspecified drowning and submersion,DS NOS
W75,Accidental suffocation and strangulation in bed,ASS
W75–W84,Other accidental threats to breathing,ATB
W76,Other accidental hanging and strangulation,AHS
W77,"Threat to breathing due to cave-in, falling earth and other substances",TBC
W78,Inhalation of gastric contents,IGC
W78–W80,respiratory tract,RT
W79,Inhalation and ingestion of food causing obstruction of respiratory tract,IIF
W80,Inhalation and ingestion of other objects causing obstruction of respiratory tract,IIO
W81,Confined to or trapped in a low-oxygen environment,COT
W83,Other specified threats to breathing,TB
W84,Unspecified threat to breathing,TB NOS
W85,Exposure to electric transmission lines,EET
W85–W99,"Exposure to electric current, radiation and extreme ambient air temperature and pressure",EEC
W86,Exposure to other specified electric current,EEC
W87,Exposure to unspecified electric current,EEC NOS
W88,Exposure to ionizing radiation,EIR
W89,Exposure to man-made visible and ultraviolet light,EMV
W90,Exposure to other nonionizing radiation,ENR
W91,Exposure to unspecified type of radiation,ETR NOS
W92,Exposure to excessive heat of man-made origin,EEH
W93,Exposure to excessive cold of man-made origin,EEC
W94,Exposure to high and low air pressure and changes in air pressure,EHL
W99,"Exposure to other and unspecified man-made environmental factors Exposure to smoke, fire and flames (X00–X09) [See at the beginning of this chapter for the classification of the place of occurrence and activity]",EME NOS
X00,Exposure to uncontrolled fire in building or structure,EUF
X00–X09,house fire,HF
X01,"Exposure to uncontrolled fire, not in building or structure",EUF
X02,Exposure to controlled fire in building or structure,ECF
X03,"Exposure to controlled fire, not in building or structure",ECF
X04,Exposure to ignition of highly flammable material,EIH
X05,Exposure to ignition or melting of nightwear,EIO
X06,Exposure to ignition or melting of other clothing and apparel,EIO
X08,"Exposure to other specified smoke, fire and flames",ESF
X09,"Exposure to unspecified smoke, fire and flames",ESF NOS
X10,"Contact with hot drinks, food, fats and cooking oils",CHD
X10–X19,Contact with heat and hot substances,CHH
X11,Contact with hot tap-water,CHT
X12,Contact with other hot fluids,CHF
X13,Contact with steam and hot vapours,CSH
X14,Contact with hot air and gases,CHA
X15,Contact with hot household appliances,CHH
X16,"Contact with hot heating appliances, radiators and pipes",CHH
X17,"Contact with hot engines, machinery and tools",CHE
X18,Contact with other hot metals,CHM
X19,Contact with other and unspecified heat and hot substances,CHH NOS
X20,Contact with venomous snakes and lizards,CVS
X20–X29,stings (venomous),STIN
X21,Contact with venomous spiders,CVS
X22,Contact with scorpions,CS
X23,"Contact with hornets, wasps and bees",CHW
X24,Contact with centipedes and venomous millipedes (tropical),CCV
X25,Contact with other venomous arthropods,CVA
X26,Contact with venomous marine animals and plants,CVM
X27,Contact with other specified venomous animals,CVA
X28,Contact with other specified venomous plants,CVP
X29,Contact with unspecified venomous animal or plant,CVA NOS
X30,Exposure to excessive natural heat,EEN
X30–X39,Exposure to forces of nature,EFN
X31,Exposure to excessive natural cold,EEN
X32,Exposure to sunlight,ES
X33,Victim of lightning,VL
X34,Victim of earthquake,VE
X34.0,Victim of cataclysmic earth movements caused by earthquake Trapped in or injured by collapsing building or other structure due to earthquake,VCE
X34.1,Victim of tsunami,VT
X34.8,Victim of other specified effects of earthquake,VEE
X34.9,Victim of unspecified effect of earthquake,VEE NOS
X34–X39,• cataclysm,•C
X35,Victim of volcanic eruption,VVE
X36,"Victim of avalanche, landslide and other earth movements",VAL
X37,Victim of cataclysmic storm,VCS
X38,Victim of flood,VF
X39,Exposure to other and unspecified forces of nature,EFN NOS
X40,"Accidental poisoning by and exposure to nonopioid analgesics, antipyretics and antirheumatics",APB
X40–X49,Accidental poisoning by and exposure to noxious substances,APB
X41,"Accidental poisoning by and exposure to antiepileptic, sedative-hypnotic, antiparkinsonism and psychotropic drugs, not elsewhere classified",APB
X42,"Accidental poisoning by and exposure to narcotics and psychodysleptics [hallucinogens], not elsewhere classified",APB
X43,Accidental poisoning by and exposure to other drugs acting on the autonomic nervous system,APB
X44,"Accidental poisoning by and exposure to other and unspecified drugs, medicaments and biological substances",APB NOS
X45,Accidental poisoning by and exposure to alcohol,APB
X46,Accidental poisoning by and exposure to organic solvents and halogenated hydrocarbons and their vapours,APB
X47,Accidental poisoning by and exposure to other gases and vapours,APB
X48,Accidental poisoning by and exposure to pesticides,APB
X49,Accidental poisoning by and exposure to other and unspecified chemicals and noxious substances,APB NOS
X50,Overexertion and strenuous or repetitive movements,OSO
X50–X57,"Overexertion, travel and privation",OTP
X51,Travel and motion,TM
X52,Prolonged stay in weightless environment,PSI
X53,Lack of food,LF
X54,Lack of water,LW
X57,Unspecified privation,PRIV NOS
X58,Exposure to other specified factors,EF
X58–X59,Accidental exposure to other and unspecified factors,AEF NOS
X59,Exposure to unspecified factor,EF NOS
X59.0,Exposure to unspecified factor causing fracture,EFC NOS
X59.9,Exposure to unspecified factor causing other and unspecified injury accident NOS exposure NOS Intentional self-harm (X60–X84) [See at the beginning of this chapter for the classification of the place of occurrence and activity],EFC NOS
X60,"Intentional self-poisoning by and exposure to nonopioid analgesics, antipyretics and antirheumatics",ISB
X60–X84,intentional self-harm,IS
X61,"Intentional self-poisoning by and exposure to antiepileptic, sedative-hypnotic, antiparkinsonism and psychotropic drugs, not elsewhere classified",ISB
X62,"Intentional self-poisoning by and exposure to narcotics and psychodysleptics [hallucinogens], not elsewhere classified",ISB
X63,Intentional self-poisoning by and exposure to other drugs acting on the autonomic nervous system,ISB
X64,"Intentional self-poisoning by and exposure to other and unspecified drugs, medicaments and biological substances",ISB NOS
X65,Intentional self-poisoning by and exposure to alcohol,ISB
X66,Intentional self-poisoning by and exposure to organic solvents and halogenated hydrocarbons and their vapours,ISB
X67,Intentional self-poisoning by and exposure to other gases and vapours,ISB
X68,Intentional self-poisoning by and exposure to pesticides,ISB
X69,Intentional self-poisoning by and exposure to other and unspecified chemicals and noxious substances,ISB NOS
X70,"Intentional self-harm by hanging, strangulation and suffocation",ISB
X71,Intentional self-harm by drowning and submersion,ISB
X72,Intentional self-harm by handgun discharge,ISB
X73,"Intentional self-harm by rifle, shotgun and larger firearm discharge",ISB
X74,Intentional self-harm by other and unspecified firearm discharge,ISB NOS
X75,Intentional self-harm by explosive material,ISB
X76,"Intentional self-harm by smoke, fire and flames",ISB
X77,"Intentional self-harm by steam, hot vapours and hot objects",ISB
X78,Intentional self-harm by sharp object,ISB
X79,Intentional self-harm by blunt object,ISB
X80,Intentional self-harm by jumping from a high place,ISB
X80–X81,intentional self-harm,IS
X81,Intentional self-harm by jumping or lying before moving object,ISB
X81–X83,"intentional self-harm Definitions related to transport accidents a) A transport accident (V01–V99) is any accident involving a device designed primarily for, or being used at the time primarily for, conveying persons or goods from one place to another. b) A public highway [trafficway] or street is the entire width between property lines (or other boundary lines) of land open to the public as a matter of right or custom, for purposes of moving persons or property from one place to another. A roadway is that part of the public highway designed, improved and customarily used for vehicular traffic. c) A traffic accident is any vehicle accident occurring on the public highway [i.e. originating on, terminating on, or involving a vehicle partially on the highway]. A vehicle accident is assumed to have occurred on the public highway unless another place is specified, except in the case of accidents involving only off-road motor vehicles, which are classified as nontraffic accidents unless the contrary is stated.",ISD
X82,Intentional self-harm by crashing of motor vehicle,ISB
X83,Intentional self-harm by other specified means,ISB
X84,Intentional self-harm by unspecified means,ISB NOS
X85,"Assault by drugs, medicaments and biological substances",ABD
X85–Y09,Assault,ASSA
X86,Assault by corrosive substance,ABC
X87,Assault by pesticides,ABP
X88,Assault by gases and vapours,ABG
X89,Assault by other specified chemicals and noxious substances,ABC
X90,Assault by unspecified chemical or noxious substance,ABC NOS
X91,"Assault by hanging, strangulation and suffocation",ABH
X92,Assault by drowning and submersion,ABD
X93,Assault by handgun discharge,ABH
X94,"Assault by rifle, shotgun and larger firearm discharge",ABR
X95,Assault by other and unspecified firearm discharge,ABF NOS
X96,Assault by explosive material,ABE
X97,"Assault by smoke, fire and flames",ABS
X98,"Assault by steam, hot vapours and hot objects",ABS
X99,Assault by sharp object,ABS
Y00,Assault by blunt object,ABB
Y01,Assault by pushing from high place,ABP
Y02,Assault by pushing or placing victim before moving object,ABP
Y03,Assault by crashing of motor vehicle,ABC
Y04,Assault by bodily force,ABB
Y05,Sexual assault by bodily force,SAB
Y06,Neglect and abandonment,NA
Y06.0,By spouse or partner,BSO
Y06.1,By parent,BP
Y06.2,By acquaintance or friend,BAO
Y06.8,By other specified persons,BP
Y06.9,By unspecified person,BP NOS
Y07,Other maltreatment,MALT
Y07.0,By spouse or partner,BSO
Y07.1,By parent,BP
Y07.2,By acquaintance or friend,BAO
Y07.3,By official authorities,BOA
Y07.8,By other specified persons,BP
Y07.9,By unspecified person,BP NOS
Y08,Assault by other specified means,ABM
Y09,Assault by unspecified means,ABM NOS
Y10,"Poisoning by and exposure to nonopioid analgesics, antipyretics and antirheumatics, undetermined intent",PBE
Y10–Y34,Event of undetermined intent,EUI
Y11,"Poisoning by and exposure to antiepileptic, sedative- hypnotic, antiparkinsonism and psychotropic drugs, not elsewhere classified, undetermined intent",PBE
Y12,"Poisoning by and exposure to narcotics and psychodysleptics [hallucinogens], not elsewhere classified, undetermined intent",PBE
Y13,"Poisoning by and exposure to other drugs acting on the autonomic nervous system, undetermined intent",PBE
Y14,"Poisoning by and exposure to other and unspecified drugs, medicaments and biological substances, undetermined intent",PBE NOS
Y15,"Poisoning by and exposure to alcohol, undetermined intent",PBE
Y16,"Poisoning by and exposure to organic solvents and halogenated hydrocarbons and their vapours, undetermined intent",PBE
Y17,"Poisoning by and exposure to other gases and vapours, undetermined intent",PBE
Y18,"Poisoning by and exposure to pesticides, undetermined intent",PBE
Y19,"Poisoning by and exposure to other and unspecified chemicals and noxious substances, undetermined intent",PBE NOS
Y20,"Hanging, strangulation and suffocation, undetermined intent",HSS
Y21,"Drowning and submersion, undetermined intent",DSU
Y22,"Handgun discharge, undetermined intent",HDU
Y23,"Rifle, shotgun and larger firearm discharge, undetermined intent",RSL
Y24,"Other and unspecified firearm discharge, undetermined intent",FDU NOS
Y25,"Contact with explosive material, undetermined intent",CEM
Y26,"Exposure to smoke, fire and flames, undetermined intent",ESF
Y27,"Contact with steam, hot vapours and hot objects, undetermined intent",CSH
Y28,"Contact with sharp object, undetermined intent",CSO
Y29,"Contact with blunt object, undetermined intent",CBO
Y30,"Falling, jumping or pushed from a high place, undetermined intent",FJO
Y31,"Falling, lying or running before or into moving object, undetermined intent",FLO
Y31–Y33,event of undetermined intent,EUI
Y32,"Crashing of motor vehicle, undetermined intent",CMV
Y33,"Other specified events, undetermined intent",EUI
Y34,"Unspecified event, undetermined intent Legal intervention and operations of war (Y35–Y36)",EUI NOS
Y35,Legal intervention,LI
Y35.0,Legal intervention involving firearm discharge Legal intervention with: • machine gun • revolver • rifle pellet or rubber bullet,LII
Y35.1,Legal intervention involving explosives Legal intervention with: • dynamite • explosive shell • grenade • mortar bomb,LII
Y35.2,Legal intervention involving gas Asphyxiation by gas Injury by tear gas due to legal intervention Poisoning by gas,LII
Y35.3,"Legal intervention involving blunt objects Hit, struck by: • baton during legal intervention • blunt object • stave",LII
Y35.4,Legal intervention involving sharp objects Cut Injured by bayonet during legal intervention Stabbed,LII
Y35.5,"Legal execution Any execution performed at the behest of the judiciary or ruling authority [whether permanent or temporary], such as: • asphyxiation by gas • beheading, decapitation (by guillotine) • capital punishment • electrocution • hanging • poisoning • shooting",LEA
Y35.6,Legal intervention involving other specified means Manhandling,LII
Y35.7,"Legal intervention, means unspecified",LIM NOS
Y35–Y36,Legal intervention and operations of war,LIO
Y36,Operations of war,OW
Y36.0,"War operations involving explosion of marine weapons Depth-charge Marine mine Mine NOS, at sea or in harbour Sea-based artillery shell Torpedo Underwater blast",WOI NOS
Y36.1,War operations involving destruction of aircraft Aircraft: • burned • exploded • shot down Crushed by falling aircraft,WOI
Y36.2,War operations involving other explosions and fragments Accidental explosion of: • munitions being used in war • own weapons Antipersonnel bomb (fragments) Explosion (of): • artillery shell • breech-block • cannon block • mortar bomb Fragments from: during war operations • artillery shell • bomb • grenade • guided missile • land-mine • rocket • shell • shrapnel Mine NOS,WOI NOS
Y36.3,"War operations involving fires, conflagrations and hot substances Asphyxia originating from fire caused directly by Burns a fire-producing device or indirectly by Other injury any conventional weapon Petrol bomb",WOI
Y36.4,War operations involving firearm discharge and other forms of conventional warfare Battle wounds Bayonet injury Bullet: • carbine • machine gun • pistol • rifle • rubber (rifle) Drowned in war operations NOS Pellets (shotgun),WOI NOS
Y36.5,War operations involving nuclear weapons Blast effects Exposure to ionizing radiation from nuclear weapon Fireball effects Heat Other direct and secondary effects of nuclear weapons,WOI
Y36.6,War operations involving biological weapons,WOI
Y36.7,"War operations involving chemical weapons and other forms of unconventional warfare Gases, fumes and chemicals Lasers",WOI
Y36.8,"War operations occurring after cessation of hostilities Injuries by explosion of bombs or mines placed in the course of operations of war, if the explosion occurred after cessation of hostilities Injuries due to operations of war and classifiable to Y36.0–Y36.7 or",WOO
Y36.9,"War operations, unspecified Complications of medical and surgical care (Y40–Y84)",WOC NOS
Y40,Systemic antibiotics,SA
Y40.0,Penicillins,PENI
Y40.1,Cefalosporins and other beta-lactam antibiotics,CBA
Y40.2,Chloramphenicol group,CG
Y40.3,Macrolides,MACR
Y40.4,Tetracyclines,TETR
Y40.5,Aminoglycosides Streptomycin,AS
Y40.6,Rifamycins,RIFA
Y40.7,"Antifungal antibiotics, systemically used",AAS
Y40.8,Other systemic antibiotics,SA
Y40.9,"Systemic antibiotic, unspecified",SA NOS
Y40–Y59,dosage as the cause of any adverse effect,DAC
Y40–Y84,Complications of medical and surgical care,CMS
Y41,Other systemic anti-infectives and antiparasitics,SAA
Y41.0,Sulfonamides,SULF
Y41.1,Antimycobacterial drugs,AD
Y41.2,Antimalarials and drugs acting on other blood protozoa,ADA
Y41.3,Other antiprotozoal drugs,AD
Y41.4,Anthelminthics,ANTH
Y41.5,Antiviral drugs,AD
Y41.8,Other specified systemic anti-infectives and antiparasitics Hydroxyquinoline derivatives,SAA
Y41.9,"Systemic anti-infective and antiparasitic, unspecified",SAA NOS
Y42,"Hormones and their synthetic substitutes and antagonists, not elsewhere classified",HTS
Y42.0,Glucocorticoids and synthetic analogues,GSA
Y42.1,Thyroid hormones and substitutes,THS
Y42.2,Antithyroid drugs,AD
Y42.3,Insulin and oral hypoglycaemic [antidiabetic] drugs,IOH
Y42.4,Oral contraceptives Multiple- and single-ingredient preparations,OCM
Y42.5,Other estrogens and progestogens Mixtures and substitutes,EPM
Y42.6,"Antigonadotrophins, antiestrogens, antiandrogens, not elsewhere classified Tamoxifen",AAA
Y42.7,Androgens and anabolic congeners,AAC
Y42.8,Other and unspecified hormones and their synthetic substitutes Anterior pituitary [adenohypophyseal] hormones,HTS NOS
Y42.9,Other and unspecified hormone antagonists,HA NOS
Y43,Primarily systemic agents,PSA
Y43.0,Antiallergic and antiemetic drugs,AAD
Y43.1,Antineoplastic antimetabolites Cytarabine,AAC
Y43.2,Antineoplastic natural products,ANP
Y43.3,Other antineoplastic drugs Antineoplastic antibiotics,ADA
Y43.4,Immunosuppressive agents,IA NOS
Y43.5,Acidifying and alkalizing agents,AAA
Y43.6,"Enzymes, not elsewhere classified",ENE
Y43.8,"Other primarily systemic agents, not elsewhere classified Heavy-metal antagonists",PSA
Y43.9,"Primarily systemic agent, unspecified",PSA NOS
Y44,Agents primarily affecting blood constituents,APA
Y44.0,Iron preparations and other anti-hypochromic-anaemia preparations,IPA
Y44.1,"Vitamin B , folic acid and other anti-megaloblastic-anaemia",VBF
Y44.2,Anticoagulants,ANTI
Y44.3,"Anticoagulant antagonists, vitamin K and other coagulants",AAV
Y44.4,Antithrombotic drugs [platelet-aggregation inhibitors],AD
Y44.5,Thrombolytic drugs,TD
Y44.6,Natural blood and blood products,NBB
Y44.7,Plasma substitutes,PS
Y44.9,Other and unspecified agents affecting blood constituents,AAB NOS
Y45,"Analgesics, antipyretics and anti-inflammatory drugs",AAA
Y45.0,Opioids and related analgesics,ORA
Y45.1,Salicylates,SALI
Y45.2,Propionic acid derivatives Propanoic acid derivatives,PAD
Y45.3,Other nonsteroidal anti-inflammatory drugs [NSAID],NAD
Y45.4,Antirheumatics,ANTI
Y45.5,4-Aminophenol derivatives,4D
Y45.8,Other analgesics and antipyretics,AA
Y45.9,"Analgesic, antipyretic and anti-inflammatory drug, unspecified",AAA NOS
Y46,Antiepileptics and antiparkinsonism drugs,AAD
Y46.0,Succinimides,SUCC
Y46.1,Oxazolidinediones,OXAZ
Y46.2,Hydantoin derivatives,HD
Y46.3,Deoxybarbiturates,DEOX
Y46.4,Iminostilbenes Carbamazepine,IC NOS
Y46.5,Valproic acid,VA
Y46.6,Other and unspecified antiepileptics,ANTI NOS
Y46.7,Antiparkinsonism drugs Amantadine,ADA
Y46.8,Antispasticity drugs,AD
Y47,"Sedatives, hypnotics and antianxiety drugs",SHA
Y47.0,"Barbiturates, not elsewhere classified",BNE
Y47.1,Benzodiazepines,BENZ
Y47.2,Cloral derivatives,CD
Y47.3,Paraldehyde,PARA
Y47.4,Bromine compounds,BC
Y47.5,"Mixed sedatives and hypnotics, not elsewhere classified",MSH
Y47.8,"Other sedatives, hypnotics and antianxiety drugs Methaqualone",SHA
Y47.9,"Sedative, hypnotic and antianxiety drug, unspecified Sleeping: • draught NOS • drug • tablet",SHA NOS
Y48,Anaesthetics and therapeutic gases,ATG
Y48.0,Inhaled anaesthetics,IA
Y48.1,Parenteral anaesthetics Thiobarbiturates,PAT
Y48.2,Other and unspecified general anaesthetics,GA NOS
Y48.3,Local anaesthetics,LA
Y48.4,"Anaesthetic, unspecified",ANAE NOS
Y48.5,Therapeutic gases,TG
Y49,"Psychotropic drugs, not elsewhere classified",PDN
Y49.0,Tricyclic and tetracyclic antidepressants,TTA
Y49.1,Monoamine-oxidase-inhibitor antidepressants,MA
Y49.2,Other and unspecified antidepressants,ANTI NOS
Y49.3,Phenothiazine antipsychotics and neuroleptics,PAN
Y49.4,Butyrophenone and thioxanthene neuroleptics,BTN
Y49.5,Other antipsychotics and neuroleptics,AN
Y49.6,Psychodysleptics [hallucinogens],PSYC
Y49.7,Psychostimulants with abuse potential,PAP
Y49.8,"Other psychotropic drugs, not elsewhere classified",PDN
Y49.9,"Psychotropic drug, unspecified",PD NOS
Y50,"Central nervous system stimulants, not elsewhere classified",CNS
Y50.0,Analeptics,ANAL
Y50.1,Opioid receptor antagonists,ORA
Y50.2,"Methylxanthines, not elsewhere classified Caffeine",MNE
Y50.8,Other central nervous system stimulants,CNS
Y50.9,"Central nervous system stimulant, unspecified",CNS NOS
Y51,Drugs primarily affecting the autonomic nervous system,DPA
Y51.0,Anticholinesterase agents,AA
Y51.1,Other parasympathomimetics [cholinergics],PARA
Y51.2,"Ganglionic blocking drugs, not elsewhere classified",GBD
Y51.3,"Other parasympatholytics [anticholinergics and antimuscarinics] and spasmolytics, not elsewhere classified Papaverine",PSN
Y51.4,"Predominantly alpha-adrenoreceptor agonists, not elsewhere classified Metaraminol",PAA
Y51.5,"Predominantly beta-adrenoreceptor agonists, not elsewhere classified",PBA
Y51.6,"Alpha-adrenoreceptor antagonists, not elsewhere classified",AAN
Y51.7,"Beta-adrenoreceptor antagonists, not elsewhere classified",BAN
Y51.8,"Centrally acting and adrenergic-neuron-blocking agents, not elsewhere classified",CAA
Y51.9,Other and unspecified drugs primarily affecting the autonomic nervous system Drugs stimulating both alpha- and beta-adrenoreceptors,DPA NOS
Y52,Agents primarily affecting the cardiovascular system,APA
Y52.0,Cardiac-stimulant glycosides and drugs of similar action,CGD
Y52.1,Calcium-channel blockers,CB
Y52.2,"Other antidysrhythmic drugs, not elsewhere classified",ADN
Y52.3,"Coronary vasodilators, not elsewhere classified Dipyridamole",CVN
Y52.4,Angiotensin-converting-enzyme inhibitors,AI
Y52.5,"Other antihypertensive drugs, not elsewhere classified Clonidine Guanethidine Rauwolfia",ADN
Y52.6,Antihyperlipidaemic and antiarteriosclerotic drugs,AAD
Y52.7,Peripheral vasodilators Nicotinic acid (derivatives),PVN
Y52.8,"Antivaricose drugs, including sclerosing agents",ADI
Y52.9,Other and unspecified agents primarily affecting the cardiovascular system,APA NOS
Y53,Agents primarily affecting the gastrointestinal system,APA
Y53.0,Histamine H-receptor antagonists,HHA
Y53.1,Other antacids and anti-gastric-secretion drugs,AAD
Y53.2,Stimulant laxatives,SL
Y53.3,Saline and osmotic laxatives,SOL
Y53.4,Other laxatives Intestinal atonia drugs,LIA
Y53.5,Digestants,DIGE
Y53.6,Antidiarrhoeal drugs,AD
Y53.7,Emetics,EMET
Y53.8,Other agents primarily affecting the gastrointestinal system,APA
Y53.9,"Agent primarily affecting the gastrointestinal system, unspecified",APA NOS
Y54,Agents primarily affecting water-balance and mineral and uric acid metabolism,APA
Y54.0,Mineralocorticoids,MINE
Y54.1,Mineralocorticoid antagonists [aldosterone antagonists],MA
Y54.2,Carbonic-anhydrase inhibitors Acetazolamide,CIA
Y54.3,Benzothiadiazine derivatives,BD
Y54.4,Loop [high-ceiling] diuretics,LD
Y54.5,Other diuretics,DIUR
Y54.6,"Electrolytic, caloric and water-balance agents Oral rehydration salts",ECW
Y54.7,Agents affecting calcification Parathyroid hormones and derivatives Vitamin D group,AAC
Y54.8,Agents affecting uric acid metabolism,AAU
Y54.9,"Mineral salts, not elsewhere classified",MSN
Y55,Agents primarily acting on smooth and skeletal muscles and the respiratory system,APA
Y55.0,Oxytocic drugs Ergot alkaloids,ODE
Y55.1,Skeletal muscle relaxants [neuromuscular blocking agents],SMR
Y55.2,Other and unspecified agents primarily acting on muscles,APA NOS
Y55.3,Antitussives,ANTI
Y55.4,Expectorants,EXPE
Y55.5,Anti-common-cold drugs,AD
Y55.6,"Antiasthmatics, not elsewhere classified Aminophylline Salbutamol Theobromine Theophylline",ANE
Y55.7,Other and unspecified agents primarily acting on the respiratory system,APA NOS
Y56,"Topical agents primarily affecting skin and mucous membrane and ophthalmological, otorhinolaryngological and dental drugs",TAP
Y56.0,"Local antifungal, anti-infective and anti-inflammatory drugs, not elsewhere classified",LAA
Y56.1,Antipruritics,ANTI
Y56.2,Local astringents and local detergents,LAL
Y56.3,"Emollients, demulcents and protectants",EDP
Y56.4,"Keratolytics, keratoplastics and other hair treatment drugs and preparations",KKH
Y56.5,Ophthalmological drugs and preparations,ODP
Y56.6,Otorhinolaryngological drugs and preparations,ODP
Y56.7,"Dental drugs, topically applied",DDT
Y56.8,Other topical agents Spermicides,TAS
Y56.9,"Topical agent, unspecified",TA NOS
Y57,Other and unspecified drugs and medicaments,DM NOS
Y57.0,Appetite depressants [anorectics],AD
Y57.1,Lipotropic drugs,LD
Y57.2,"Antidotes and chelating agents, not elsewhere classified",ACA
Y57.3,Alcohol deterrents,AD
Y57.4,Pharmaceutical excipients,PE
Y57.5,X-ray contrast media,XCM
Y57.6,Other diagnostic agents,DA NOS
Y57.7,"Vitamins, not elsewhere classified",VNE
Y57.8,Other drugs and medicaments,DM
Y57.9,"Drug or medicament, unspecified",DOM NOS
Y58,Bacterial vaccines,BV
Y58.0,BCG vaccine,BV
Y58.1,Typhoid and paratyphoid vaccine,TPV
Y58.2,Cholera vaccine,CV
Y58.3,Plague vaccine,PV
Y58.4,Tetanus vaccine,TV
Y58.5,Diphtheria vaccine,DV
Y58.6,"Pertussis vaccine, including combinations with a pertussis component",PVI
Y58.8,"Mixed bacterial vaccines, except combinations with a pertussis component",MBV
Y58.9,Other and unspecified bacterial vaccines,BV NOS
Y59,Other and unspecified vaccines and biological substances,VBS NOS
Y59.0,Viral vaccines,VV
Y59.1,Rickettsial vaccines,RV
Y59.2,Protozoal vaccines,PV
Y59.3,Immunoglobulin,IMMU
Y59.8,Other specified vaccines and biological substances,VBS
Y59.9,"Vaccine or biological substance, unspecified Misadventures to patients during surgical and medical care (Y60–Y69)",VOB NOS
Y60,"Unintentional cut, puncture, perforation or haemorrhage during surgical and medical care",UCP
Y60.0,During surgical operation,DSO
Y60.1,During infusion or transfusion,DIO
Y60.2,During kidney dialysis or other perfusion,DKD
Y60.3,During injection or immunization,DIO
Y60.4,During endoscopic examination,DEE
Y60.5,During heart catheterization,DHC
Y60.6,"During aspiration, puncture and other catheterization",DAP
Y60.7,During administration of enema,DAE
Y60.8,During other surgical and medical care,DSM
Y60.9,During unspecified surgical and medical care,DSM NOS
Y60–Y69,Y60–Y69,Y60–
Y61,Foreign object accidentally left in body during surgical and medical care,FOA
Y61.0,During surgical operation,DSO
Y61.1,During infusion or transfusion,DIO
Y61.2,During kidney dialysis or other perfusion,DKD
Y61.3,During injection or immunization,DIO
Y61.4,During endoscopic examination,DEE
Y61.5,During heart catheterization,DHC
Y61.6,"During aspiration, puncture and other catheterization",DAP
Y61.7,During removal of catheter or packing,DRC
Y61.8,During other surgical and medical care,DSM
Y61.9,During unspecified surgical and medical care,DSM NOS
Y62,Failure of sterile precautions during surgical and medical care,FSP
Y62.0,During surgical operation,DSO
Y62.1,During infusion or transfusion,DIO
Y62.2,During kidney dialysis or other perfusion,DKD
Y62.3,During injection or immunization,DIO
Y62.4,During endoscopic examination,DEE
Y62.5,During heart catheterization,DHC
Y62.6,"During aspiration, puncture and other catheterization",DAP
Y62.8,During other surgical and medical care,DSM
Y62.9,During unspecified surgical and medical care,DSM NOS
Y63,Failure in dosage during surgical and medical care,FID
Y63.0,Excessive amount of blood or other fluid given during transfusion or infusion,EAB
Y63.1,Incorrect dilution of fluid used during infusion,IDF
Y63.2,Overdose of radiation given during therapy,ORG
Y63.3,Inadvertent exposure of patient to radiation during medical care,IEP
Y63.4,Failure in dosage in electroshock or insulin-shock therapy,FID
Y63.5,Inappropriate temperature in local application and packing,ITI
Y63.6,"Nonadministration of necessary drug, medicament or biological substance",NND
Y63.8,Failure in dosage during other surgical and medical care,FID
Y63.9,Failure in dosage during unspecified surgical and medical care,FID NOS
Y64,Contaminated medical or biological substances,CMO
Y64.0,"Contaminated medical or biological substance, transfused or infused",CMO
Y64.1,"Contaminated medical or biological substance, injected or used for immunization",CMO
Y64.8,Contaminated medical or biological substance administered by other means,CMO
Y64.9,Contaminated medical or biological substance administered by unspecified means Administered contaminated medical or biological substance NOS,CMO NOS
Y65,Other misadventures during surgical and medical care,MDS
Y65.0,Mismatched blood used in transfusion,MBU
Y65.1,Wrong fluid used in infusion,WFU
Y65.2,Failure in suture or ligature during surgical operation,FIS
Y65.3,Endotracheal tube wrongly placed during anaesthetic procedure,ETW
Y65.4,Failure to introduce or to remove other tube or instrument,FIO
Y65.5,Performance of inappropriate operation,PIO
Y65.8,Other specified misadventures during surgical and medical care,MDS
Y66,Nonadministration of surgical and medical care,NSM
Y69,Unspecified misadventure during surgical and medical care Medical devices associated with adverse incidents in diagnostic and therapeutic use (Y70–Y82),MDS NOS
Y70,Anaesthesiology devices associated with adverse incidents [See before Y70 for subdivisions],ADA
Y70–Y82,"implantation)(ongoing use) medical devices associated with adverse incidents due to external causes classified elsewhere (V01–Y59, Y85–Y87, Y89) misadventures to patients during surgical and medical care, classifiable to",IMD
Y71,Cardiovascular devices associated with adverse incidents [See before Y70 for subdivisions],CDA
Y72,Otorhinolaryngological devices associated with adverse incidents [See before Y70 for subdivisions],ODA
Y73,Gastroenterology and urology devices associated with adverse incidents [See before Y70 for subdivisions],GUD
Y74,General hospital and personal-use devices associated with adverse incidents [See before Y70 for subdivisions],GHP
Y75,Neurological devices associated with adverse incidents [See before Y70 for subdivisions],NDA
Y76,Obstetric and gynaecological devices associated with adverse incidents [See before Y70 for subdivisions],OGD
Y77,Ophthalmic devices associated with adverse incidents [See before Y70 for subdivisions],ODA
Y78,Radiological devices associated with adverse incidents [See before Y70 for subdivisions],RDA
Y79,Orthopaedic devices associated with adverse incidents [See before Y70 for subdivisions],ODA
Y80,Physical medicine devices associated with adverse incidents [See before Y70 for subdivisions],PMD
Y81,General- and plastic-surgery devices associated with adverse incidents [See before Y70 for subdivisions],GPD
Y82,Other and unspecified medical devices associated with adverse incidents [See before Y70 for subdivisions],MDA NOS
Y83,"Surgical operation and other surgical procedures as the cause of abnormal reaction of the patient, or of later complication, without mention of misadventure at the time of the procedure",SOS
Y83.0,Surgical operation with transplant of whole organ,SOT
Y83.1,Surgical operation with implant of artificial internal device,SOI
Y83.2,"Surgical operation with anastomosis, bypass or graft",SOA
Y83.3,Surgical operation with formation of external stoma,SOF
Y83.4,Other reconstructive surgery,RS
Y83.5,Amputation of limb(s),AL
Y83.6,Removal of other organ (partial) (total),RO
Y83.8,Other surgical procedures,SP
Y83.9,"Surgical procedure, unspecified",SP NOS
Y83–Y84,"breakdown or malfunctioning of medical device medical devices associated with adverse incidents due to external causes classified elsewhere (V01- Y59,Y85–Y87, Y89) misadventure to patients during surgical and medical care, classifiable to",BOM
Y84,"Other medical procedures as the cause of abnormal reaction of the patient, or of later complication, without mention of misadventure at the time of the procedure",MPA
Y84.0,Cardiac catheterization,CC
Y84.1,Kidney dialysis,KD
Y84.2,Radiological procedure and radiotherapy,RPR
Y84.3,Shock therapy,ST
Y84.4,Aspiration of fluid,AF
Y84.5,Insertion of gastric or duodenal sound,IGO
Y84.6,Urinary catheterization,UC
Y84.7,Blood-sampling,BLOO
Y84.8,Other medical procedures,MP
Y84.9,"Medical procedure, unspecified",MP NOS
Y85,Sequelae of transport accidents,STA
Y85.0,Sequelae of motor-vehicle accident,SMA
Y85.9,Sequelae of other and unspecified transport accidents,STA NOS
Y85–Y89,Sequelae of external causes of morbidity and mortality,SEC
Y86,Sequelae of other accidents,SA
Y87,"Sequelae of intentional self-harm, assault and events of undetermined intent",SIS
Y87.0,Sequelae of intentional self-harm,SIS
Y87.1,Sequelae of assault,SA
Y87.2,Sequelae of events of undetermined intent,SEU
Y88,Sequelae with surgical and medical care as external cause,SSM
Y88.0,"Sequelae of adverse effects caused by drugs, medicaments and biological substances in therapeutic use",SAE
Y88.1,Sequelae of misadventures to patients during surgical and medical procedures,SMP
Y88.2,Sequelae of adverse incidents associated with medical devices in diagnostic and therapeutic use,SAI NOS
Y88.3,"Sequelae of surgical and medical procedures as the cause of abnormal reaction of the patient, or of later complication, without mention of misadventure at the time of the procedure",SSM
Y89,Sequelae of other external causes,SEC
Y89.0,Sequelae of legal intervention,SLI
Y89.1,Sequelae of war operations,SWO
Y89.9,Sequelae of unspecified external cause,SEC NOS
Y90,Evidence of alcohol involvement determined by blood alcohol level,EAI
Y90.0,Blood alcohol level of less than 20 mg/100 ml,BAL
Y90.1,Blood alcohol level of 20–39 mg/100 ml,BAL
Y90.2,Blood alcohol level of 40–59 mg/100 ml,BAL
Y90.3,Blood alcohol level of 60–79 mg/100 ml,BAL
Y90.4,Blood alcohol level of 80–99 mg/100 ml,BAL
Y90.5,Blood alcohol level of 100–119 mg/100 ml,BAL
Y90.6,Blood alcohol level of 120–199 mg/100 ml,BAL
Y90.7,Blood alcohol level of 200–239 mg/100 ml,BAL
Y90.8,Blood alcohol level of 240 mg/100 ml or more,BAL
Y90.9,"Presence of alcohol in blood, level not specified",PAI
Y90–Y98,Supplementary factors related to causes of morbidity and mortality classified elsewhere,SFR
Y91,Evidence of alcohol involvement determined by level of intoxication,EAI
Y91.0,"Mild alcohol intoxication Smell of alcohol on breath, slight behavioural disturbance in functions and responses, or slight difficulty in coordination.",MAI
Y91.1,"Moderate alcohol intoxication Smell of alcohol on breath, moderate behavioural disturbance in functions and responses, or moderate difficulty in coordination.",MAI
Y91.2,"Severe alcohol intoxication Severe disturbance in functions and responses, severe difficulty in coordination, or impaired ability to cooperate.",SAI
Y91.3,"Very severe alcohol intoxication Very severe disturbance in functions and responses, very severe difficulty in coordination, or loss of ability to cooperate.",VSA
Y91.9,"Alcohol involvement, not otherwise specified Suspected alcohol involvement NOS",AIN NOS
Y95,Nosocomial condition,NC NOS
Y96,Work-related condition,WC
Y97,Environmental-pollution-related condition,EC
Y98,Lifestyle-related condition,LC
Z00,General examination and investigation of persons without complaint and reported diagnosis,GEI NOS
Z00.0,General medical examination Health check-up NOS Periodic examination (annual)(physical),GME NOS
Z00.1,Routine child health examination Development testing of infant or child,RCH
Z00.2,Examination for period of rapid growth in childhood,EFP
Z00.3,Examination for adolescent development state Puberty development state,EFA
Z00.4,"General psychiatric examination, not elsewhere classified",GPE
Z00.5,Examination of potential donor of organ and tissue,EPD
Z00.6,Examination for normal comparison and control in clinical research programme,EFN
Z00.8,Other general examinations Health examination in population surveys,GEH
Z00–Z13,examination or investigation when the possibility that the fetus might be affected is the reason for observation or action during pregnancy (O35.-),EOI
Z01,Other special examinations and investigations of persons without complaint or reported diagnosis,SEI NOS
Z01.0,Examination of eyes and vision,EEV
Z01.1,Examination of ears and hearing,EEH
Z01.2,Dental examination,DE
Z01.3,Examination of blood pressure,EBP
Z01.4,Gynaecological examination (general)(routine) Papanicolaou smear of cervix Pelvic examination (annual)(periodic),GEP
Z01.5,Diagnostic skin and sensitization tests Allergy tests Skin tests for: • bacterial disease • hypersensitivity,DSS NOS
Z01.6,"Radiological examination, not elsewhere classified Routine: • chest X-ray • mammogram",REN
Z01.7,Laboratory examination,LE
Z01.8,Other specified special examinations,SE
Z01.9,"Special examination, unspecified",SE NOS
Z02,Examination and encounter for administrative purposes,EEF
Z02.0,Examination for admission to educational institution Examination for admission to preschool (education),EFA
Z02.1,Pre-employment examination,PE
Z02.2,Examination for admission to residential institutions,EFA
Z02.3,Examination for recruitment to armed forces,EFR
Z02.4,Examination for driving licence,EFD
Z02.5,Examination for participation in sport,EFP
Z02.6,Examination for insurance purposes,EFI
Z02.7,Issue of medical certificate Issue of medical certificate of: • cause of death • fitness • incapacity • invalidity,IMC
Z02.8,Other examinations for administrative purposes Examination (for): • admission to: – prison – summer camp • adoption • immigration • naturalization • premarital,EFA
Z02.9,"Examination for administrative purposes, unspecified",EFA NOS
Z03,Medical observation and evaluation for suspected diseases and conditions,MOE
Z03.0,Observation for suspected tuberculosis,TB
Z03.1,Observation for suspected malignant neoplasm,OFS
Z03.2,Observation for suspected mental and behavioural disorders Observation for: • dissocial behaviour • fire-setting without manifest psychiatric disorder • gang activity • shop-lifting,OFS
Z03.3,Observation for suspected nervous system disorder,OFS
Z03.4,Observation for suspected myocardial infarction,MI
Z03.5,Observation for other suspected cardiovascular diseases,OFS
Z03.6,Observation for suspected toxic effect from ingested substance Observation for suspected: • adverse effect from drug • poisoning,OFS
Z03.8,Observation for other suspected diseases and conditions,OFS
Z03.9,"Observation for suspected disease or condition, unspecified",OFS NOS
Z04,Examination and observation for other reasons,EOF
Z04.0,Blood-alcohol and blood-drug test,BBT
Z04.1,Examination and observation following transport accident,EOF
Z04.2,Examination and observation following work accident,EOF
Z04.3,Examination and observation following other accident,EOF
Z04.4,Examination and observation following alleged rape and seduction Examination of victim or culprit following alleged rape or seduction,EOF
Z04.5,Examination and observation following other inflicted injury Examination of victim or culprit following other inflicted injury,EOF
Z04.6,"General psychiatric examination, requested by authority",GPE
Z04.8,Examination and observation for other specified reasons Request for expert evidence,EOF
Z04.9,Examination and observation for unspecified reason Observation NOS,EOF NOS
Z08,Follow-up examination after treatment for malignant neoplasms,FEA
Z08.0,Follow-up examination after surgery for malignant neoplasm,FEA
Z08.1,Follow-up examination after radiotherapy for malignant neoplasm,FEA
Z08.2,Follow-up examination after chemotherapy for malignant neoplasm,FEA
Z08.7,Follow-up examination after combined treatment for malignant neoplasm,FEA
Z08.8,Follow-up examination after other treatment for malignant neoplasm,FEA
Z08.9,Follow-up examination after unspecified treatment for malignant neoplasm,FEA NOS
Z09,Follow-up examination after treatment for conditions other than malignant neoplasms,FEA
Z09.0,Follow-up examination after surgery for other conditions,FEA
Z09.1,Follow-up examination after radiotherapy for other conditions,FEA
Z09.2,Follow-up examination after chemotherapy for other conditions,FEA
Z09.3,Follow-up examination after psychotherapy,FEA
Z09.4,Follow-up examination after treatment of fracture,FEA
Z09.7,Follow-up examination after combined treatment for other conditions,FEA
Z09.8,Follow-up examination after other treatment for other conditions,FEA
Z09.9,Follow-up examination after unspecified treatment for other conditions,FEA NOS
Z10,Routine general health check-up of defined subpopulation,RGH
Z10.0,Occupational health examination,OHE
Z10.1,Routine general health check-up of inhabitants of institutions,RGH
Z10.2,Routine general health check-up of armed forces,RGH
Z10.3,Routine general health check-up of sports teams,RGH
Z10.8,Routine general health check-up of other defined subpopulations Schoolchildren Students,RGH
Z11,Special screening examination for infectious and parasitic diseases,SSE
Z11.0,Special screening examination for intestinal infectious diseases,SSE
Z11.1,Special screening examination for respiratory tuberculosis,PTB
Z11.2,Special screening examination for other bacterial diseases,SSE
Z11.3,Special screening examination for infections with a predominantly sexual mode of transmission,SSE
Z11.4,Special screening examination for human immunodeficiency virus [HIV],HIV
Z11.5,Special screening examination for other viral diseases,SSE
Z11.6,Special screening examination for other protozoal diseases and helminthiases,SSE
Z11.8,Special screening examination for other infectious and parasitic diseases Chlamydial Rickettsial diseases Spirochaeta Mycoses,SSE
Z11.9,"Special screening examination for infectious and parasitic diseases, unspecified",SSE NOS
Z11–Z13,special screening examinations,SSE
Z12,Special screening examination for neoplasms,SSE
Z12.0,Special screening examination for neoplasm of stomach,SSE
Z12.1,Special screening examination for neoplasm of intestinal tract,SSE
Z12.2,Special screening examination for neoplasm of respiratory organs,SSE
Z12.3,Special screening examination for neoplasm of breast,SSE
Z12.4,Special screening examination for neoplasm of cervix,SSE
Z12.5,Special screening examination for neoplasm of prostate,SSE
Z12.6,Special screening examination for neoplasm of bladder,SSE
Z12.8,Special screening examination for neoplasms of other sites,SSE
Z12.9,"Special screening examination for neoplasm, unspecified",SSE NOS
Z13,Special screening examination for other diseases and disorders,SSE
Z13.0,Special screening examination for diseases of the blood and blood-forming organs and certain disorders involving the immune mechanism,SSE
Z13.1,Special screening examination for diabetes mellitus,DM
Z13.2,Special screening examination for nutritional disorders,SSE
Z13.3,Special screening examination for mental and behavioural disorders Alcoholism Depression Mental retardation,SSE
Z13.4,Special screening examination for certain developmental disorders in childhood,SSE
Z13.5,Special screening examination for eye and ear disorders,SSE
Z13.6,Special screening examination for cardiovascular disorders,SSE
Z13.7,"Special screening examination for congenital malformations, deformations and chromosomal abnormalities",SSE
Z13.8,Special screening examination for other specified diseases and disorders Dental disorder Endocrine and metabolic disorders,SSE
Z13.9,"Special screening examination, unspecified Persons with potential health hazards related to communicable diseases (Z20–Z29)",SSE NOS
Z20,Contact with and exposure to communicable diseases,CEC
Z20.0,Contact with and exposure to intestinal infectious diseases,CEI
Z20.1,Contact with and exposure to tuberculosis,TB
Z20.2,Contact with and exposure to infections with a predominantly sexual mode of transmission,CEI
Z20.3,Contact with and exposure to rabies,CER
Z20.4,Contact with and exposure to rubella,CER
Z20.5,Contact with and exposure to viral hepatitis,CEV
Z20.6,Contact with and exposure to human immunodeficiency virus [HIV],HIV
Z20.7,"Contact with and exposure to pediculosis, acariasis and other infestations",CEP
Z20.8,Contact with and exposure to other communicable diseases,CEC
Z20.9,Contact with and exposure to unspecified communicable disease,CEC NOS
Z20–Z29,Persons with potential health hazards related to communicable diseases,PPH
Z21,Asymptomatic human immunodeficiency virus [HIV] infection status,HIV
Z22,Carrier of infectious disease,CID
Z22.0,Carrier of typhoid,CT
Z22.1,Carrier of other intestinal infectious diseases,CII
Z22.2,Carrier of diphtheria,CD
Z22.3,Carrier of other specified bacterial diseases Carrier of bacterial disease due to: • meningococci • staphylococci • streptococci,CBD
Z22.4,Carrier of infections with a predominantly sexual mode of transmission Carrier of: • gonorrhoea • syphilis,CIA
Z22.6,Carrier of human T-lymphotropic virus type- 1 [HTLV-1] infection,CHT
Z22.8,Carrier of other infectious diseases,CID
Z22.9,"Carrier of infectious disease, unspecified",CID NOS
Z23,Need for immunization against single bacterial diseases,NFI
Z23.0,Need for immunization against cholera alone,NFI
Z23.1,Need for immunization against typhoid-paratyphoid alone [TAB],NFI
Z23.2,Need for immunization against tuberculosis [BCG],TB
Z23.3,Need for immunization against plague,NFI
Z23.4,Need for immunization against tularaemia,NFI
Z23.5,Need for immunization against tetanus alone,NFI
Z23.6,Need for immunization against diphtheria alone,NFI
Z23.7,Need for immunization against pertussis alone,NFI
Z23.8,Need for immunization against other single bacterial diseases,NFI
Z24,Need for immunization against certain single viral diseases,NFI
Z24.0,Need for immunization against poliomyelitis,NFI
Z24.1,Need for immunization against arthropod-borne viral encephalitis,NFI
Z24.2,Need for immunization against rabies,NFI
Z24.3,Need for immunization against yellow fever,NFI
Z24.4,Need for immunization against measles alone,NFI
Z24.5,Need for immunization against rubella alone,NFI
Z24.6,Need for immunization against viral hepatitis,NFI
Z25,Need for immunization against other single viral diseases,NFI
Z25.0,Need for immunization against mumps alone,NFI
Z25.1,Need for immunization against influenza,NFI
Z25.8,Need for immunization against other specified single viral diseases,NFI
Z26,Need for immunization against other single infectious diseases,NFI
Z26.0,Need for immunization against leishmaniasis,NFI
Z26.8,Need for immunization against other specified single infectious diseases,NFI
Z26.9,Need for immunization against unspecified infectious disease Need for immunization NOS,NFI NOS
Z27,Need for immunization against combinations of infectious diseases,NFI
Z27.0,Need for immunization against cholera with typhoid- paratyphoid [cholera + TAB],NFI
Z27.1,"Need for immunization against diphtheria-tetanus-pertussis, combined [DTP]",NFI
Z27.2,Need for immunization against diphtheria-tetanus-pertussis with typhoid-paratyphoid [DTP + TAB],NFI
Z27.3,Need for immunization against diphtheria-tetanus-pertussis with poliomyelitis [DTP + polio],NFI
Z27.4,Need for immunization against measles-mumps-rubella [MMR],NFI
Z27.8,Need for immunization against other combinations of infectious diseases,NFI
Z27.9,Need for immunization against unspecified combinations of infectious diseases,NFI NOS
Z28,Immunization not carried out,INC
Z28.0,Immunization not carried out because of contraindication,INC
Z28.1,Immunization not carried out because of patient’s decision for reasons of belief or group pressure,INC
Z28.2,Immunization not carried out because of patient’s decision for other and unspecified reasons,INC NOS
Z28.8,Immunization not carried out for other reasons,INC
Z28.9,Immunization not carried out for unspecified reason,INC NOS
Z29,Need for other prophylactic measures,NFP
Z29.0,Isolation Admission to protect the individual from his or her surroundings or for isolation of individual after contact with infectious disease,IAP
Z29.1,Prophylactic immunotherapy Administration of immunoglobulin,PIA
Z29.2,Other prophylactic chemotherapy Chemoprophylaxis Prophylactic antibiotic therapy,PCC
Z29.8,Other specified prophylactic measures,PM
Z29.9,"Prophylactic measure, unspecified Persons encountering health services in circumstances related to reproduction (Z30–Z39)",PMP NOS
Z30,Contraceptive management,CM
Z30.0,General counselling and advice on contraception Family planning advice NOS Initial prescription of contraceptives,GCA NOS
Z30.1,Insertion of (intrauterine) contraceptive device,ICD
Z30.2,Sterilization Admission for interruption of fallopian tubes or vasa deferentia,SAF
Z30.3,Menstrual extraction Interception of pregnancy Menstrual regulation,MEI
Z30.4,Surveillance of contraceptive drugs Repeat prescription for contraceptive pill or other contraceptive drugs Routine examination for contraceptive maintenance,SCD
Z30.5,"Surveillance of (intrauterine) contraceptive device Checking, reinsertion or removal of (intrauterine) contraceptive device",SCD
Z30.8,Other contraceptive management Postvasectomy sperm count,CMP
Z30.9,"Contraceptive management, unspecified",CM NOS
Z30–Z39,Persons encountering health services in circumstances related to reproduction,PEH
Z31,Procreative management,PM
Z31.0,Tuboplasty or vasoplasty after previous sterilization,TOV
Z31.1,Artificial insemination,AI
Z31.2,In vitro fertilization Admission for harvesting or implantation of ova,IVF
Z31.3,Other assisted fertilization methods,AFM
Z31.4,Procreative investigation and testing Fallopian insufflation Sperm count,PIT
Z31.5,Genetic counselling,GC
Z31.6,General counselling and advice on procreation,GCA
Z31.8,Other procreative management,PM
Z31.9,"Procreative management, unspecified",PM NOS
Z32,Pregnancy examination and test,PET
Z32.0,"Pregnancy, not (yet) confirmed",PNC
Z32.1,Pregnancy confirmed,PC
Z33,"Pregnant state, incidental",PSI
Z34,Supervision of normal pregnancy,SNP
Z34.0,Supervision of normal first pregnancy,SNF
Z34.8,Supervision of other normal pregnancy,SNP
Z34.9,"Supervision of normal pregnancy, unspecified",SNP NOS
Z34–Z35,routine prenatal care,RPC
Z35,Supervision of high-risk pregnancy,SHP
Z35.0,Supervision of pregnancy with history of infertility,SPH
Z35.1,Supervision of pregnancy with history of abortive outcome Supervision of pregnancy with history of: • hydatidiform mole • vesicular mole,SPH
Z35.2,Supervision of pregnancy with other poor reproductive or obstetric history Supervision of pregnancy with history of: • conditions classifiable to O10–O92 • neonatal death • stillbirth,SPP
Z35.3,Supervision of pregnancy with history of insufficient antenatal care Pregnancy: • concealed • hidden,SPH
Z35.4,Supervision of pregnancy with grand multiparity,SPG
Z35.5,Supervision of elderly primigravida,SEP
Z35.6,Supervision of very young primigravida,SVY
Z35.7,Supervision of high-risk pregnancy due to social problems,SHP
Z35.8,Supervision of other high-risk pregnancies,SHP
Z35.9,"Supervision of high-risk pregnancy, unspecified",SHP NOS
Z36,Antenatal screening,AS
Z36.0,Antenatal screening for chromosomal anomalies Amniocentesis Placental sample (taken vaginally),ASF
Z36.1,Antenatal screening for raised alphafetoprotein level,ASF
Z36.2,Other antenatal screening based on amniocentesis,ASB
Z36.3,Antenatal screening for malformations using ultrasound and other physical methods,ASF
Z36.4,Antenatal screening for fetal growth retardation using ultrasound and other physical methods,ASF
Z36.5,Antenatal screening for isoimmunization,ASF
Z36.8,Other antenatal screening Screening for haemoglobinopathy,ASS
Z36.9,"Antenatal screening, unspecified",AS NOS
Z37,Outcome of delivery,OD
Z37.0,Single live birth,SLB
Z37.1,Single stillbirth,SS
Z37.2,"Twins, both liveborn",TBL
Z37.3,"Twins, one liveborn and one stillborn",TOL
Z37.4,"Twins, both stillborn",TBS
Z37.5,"Other multiple births, all liveborn",MBA
Z37.6,"Other multiple births, some liveborn",MBS
Z37.7,"Other multiple births, all stillborn",MBA
Z37.9,"Outcome of delivery, unspecified Multiple birth NOS Single birth NOS",ODM NOS
Z38,Liveborn infants according to place of birth,LIA
Z38.0,"Singleton, born in hospital",SBI
Z38.1,"Singleton, born outside hospital",SBO
Z38.2,"Singleton, unspecified as to place of birth Liveborn infant NOS",SAP NOS
Z38.3,"Twin, born in hospital",TBI
Z38.4,"Twin, born outside hospital",TBO
Z38.5,"Twin, unspecified as to place of birth",TAP NOS
Z38.6,"Other multiple, born in hospital",MBI
Z38.7,"Other multiple, born outside hospital",MBO
Z38.8,"Other multiple, unspecified as to place of birth",MAP NOS
Z39,Postpartum care and examination,PCE
Z39.0,Care and examination immediately after delivery Care and observation in uncomplicated cases,CEI
Z39.1,Care and examination of lactating mother Supervision of lactation,CEL
Z39.2,Routine postpartum follow-up,RPF
Z40,Prophylactic surgery,PS
Z40.0,Prophylactic surgery for risk-factors related to malignant neoplasms Admission for prophylactic organ removal,PSF
Z40.8,Other prophylactic surgery,PS
Z40.9,"Prophylactic surgery, unspecified",PS NOS
Z40–Z54,Persons encountering health services for specific procedures and health care,PEH
Z41,Procedures for purposes other than remedying health state,PFP
Z41.0,Hair transplant,HT
Z41.1,Other plastic surgery for unacceptable cosmetic appearance Breast implant,PSF
Z41.2,Routine and ritual circumcision,RRC
Z41.3,Ear piercing,EP
Z41.8,Other procedures for purposes other than remedying health state,PFP
Z41.9,"Procedure for purposes other than remedying health state, unspecified",PFP NOS
Z42,Follow-up care involving plastic surgery,FCI
Z42.0,Follow-up care involving plastic surgery of head and neck,FCI
Z42.1,Follow-up care involving plastic surgery of breast,FCI
Z42.2,Follow-up care involving plastic surgery of other parts of trunk,FCI
Z42.3,Follow-up care involving plastic surgery of upper extremity,FCI
Z42.4,Follow-up care involving plastic surgery of lower extremity,FCI
Z42.8,Follow-up care involving plastic surgery of other body part,FCI
Z42.9,"Follow-up care involving plastic surgery, unspecified",FCI NOS
Z43,Attention to artificial openings,AAO
Z43.0,Attention to tracheostomy,AT
Z43.1,Attention to gastrostomy,AG
Z43.2,Attention to ileostomy,AI
Z43.3,Attention to colostomy,AC
Z43.4,Attention to other artificial openings of digestive tract,AAO
Z43.5,Attention to cystostomy,AC
Z43.6,Attention to other artificial openings of urinary tract Nephrostomy Ureterostomy Urethrostomy,AAO
Z43.7,Attention to artificial vagina,AAV
Z43.8,Attention to other artificial openings,AAO
Z43.9,Attention to unspecified artificial opening,AAO NOS
Z44,Fitting and adjustment of external prosthetic device,FAE
Z44.0,Fitting and adjustment of artificial arm (complete)(partial),FAA
Z44.1,Fitting and adjustment of artificial leg (complete)(partial),FAA
Z44.2,Fitting and adjustment of artificial eye,FAA
Z44.3,Fitting and adjustment of external breast prosthesis,FAE
Z44.8,Fitting and adjustment of other external prosthetic devices,FAE
Z44.9,Fitting and adjustment of unspecified external prosthetic device,FAE NOS
Z44–Z46,fitting and adjustment of prosthetic and other devices presence of cerebrospinal fluid drainage device (Z98.2),FAP
Z45,Adjustment and management of implanted device,AMI
Z45.0,Adjustment and management of cardiac devices Checking and testing of cardiac devices,AMC
Z45.1,Adjustment and management of infusion pump,AMI
Z45.2,Adjustment and management of vascular access device,AMV
Z45.3,Adjustment and management of implanted hearing device Bone conduction device Cochlear device,AMI
Z45.8,Adjustment and management of other implanted devices,AMI
Z45.9,Adjustment and management of unspecified implanted device,AMI NOS
Z46,Fitting and adjustment of other devices,FAD
Z46.0,Fitting and adjustment of spectacles and contact lenses,FAS
Z46.1,Fitting and adjustment of hearing aid,FAH
Z46.2,Fitting and adjustment of other devices related to nervous system and special senses,FAD
Z46.3,Fitting and adjustment of dental prosthetic device,FAD
Z46.4,Fitting and adjustment of orthodontic device,FAO
Z46.5,Fitting and adjustment of ileostomy and other intestinal appliances,FAI
Z46.6,Fitting and adjustment of urinary device,FAU
Z46.7,Fitting and adjustment of orthopaedic device Orthopaedic: • brace • cast • corset • shoes,FAO
Z46.8,Fitting and adjustment of other specified devices Wheelchair,FAD
Z46.9,Fitting and adjustment of unspecified device,FAD NOS
Z47,Other orthopaedic follow-up care,OFC
Z47.0,Follow-up care involving removal of fracture plate and other internal fixation device Removal of: • pins • plates • rods • screws,FCI
Z47.8,"Other specified orthopaedic follow-up care Change, checking or removal of: • external fixation or traction device • plaster cast",OFC
Z47.9,"Orthopaedic follow-up care, unspecified",OFC NOS
Z48,Other surgical follow-up care,SFC
Z48.0,Attention to surgical dressings and sutures Change of dressings Removal of sutures,ASD
Z48.8,Other specified surgical follow-up care,SFC
Z48.9,"Surgical follow-up care, unspecified",SFC NOS
Z49,Care involving dialysis,CID
Z49.0,Preparatory care for dialysis,PCF
Z49.1,Extracorporeal dialysis Dialysis (renal) NOS,EDD NOS
Z49.2,Other dialysis Peritoneal dialysis,DPD
Z50,Care involving use of rehabilitation procedures,CIU
Z50.0,Cardiac rehabilitation,CR
Z50.1,Other physical therapy Therapeutic and remedial exercises,PTT
Z50.2,Alcohol rehabilitation,AR
Z50.3,Drug rehabilitation,DR
Z50.4,"Psychotherapy, not elsewhere classified",PNE
Z50.5,Speech therapy,ST
Z50.6,Orthoptic training,OT
Z50.7,"Occupational therapy and vocational rehabilitation, not elsewhere classified",OTV
Z50.8,Care involving use of other rehabilitation procedures Tobacco rehabilitation Training in activities of daily living [ADL] NEC,CIU
Z50.9,"Care involving use of rehabilitation procedure, unspecified Rehabilitation NOS",CIU NOS
Z51,Other medical care,MC
Z51.0,Radiotherapy session,RS
Z51.1,Chemotherapy session for neoplasm,CSF
Z51.2,Other chemotherapy Maintenance chemotherapy NOS,CMC NOS
Z51.3,Blood transfusion (without reported diagnosis),BT NOS
Z51.4,"Preparatory care for subsequent treatment, not elsewhere classified",PCF
Z51.5,Palliative care,PC
Z51.6,Desensitization to allergens,DA
Z51.8,Other specified medical care,MC
Z51.9,"Medical care, unspecified",MC NOS
Z52,Donors of organs and tissues,DOT
Z52.0,"Blood donor Blood components such as lymphocytes, platelets or stem cells",BDB
Z52.1,Skin donor,SD
Z52.2,Bone donor,BD
Z52.3,Bone marrow donor,BMD
Z52.4,Kidney donor,KD
Z52.5,Cornea donor,CD
Z52.6,Liver donor,LD
Z52.7,Heart donor,HD
Z52.8,Donor of other organs and tissues,DOT
Z52.9,Donor of unspecified organ or tissue Donor NOS,DOO NOS
Z53,"Persons encountering health services for specific procedures, not carried out",PEH
Z53.0,Procedure not carried out because of contraindication,PNC
Z53.1,Procedure not carried out because of patient’s decision for reasons of belief and group pressure,PNC
Z53.2,Procedure not carried out because of patient’s decision for other and unspecified reasons,PNC NOS
Z53.8,Procedure not carried out for other reasons,PNC
Z53.9,"Procedure not carried out, unspecified reason",PNC NOS
Z54,Convalescence,CONV
Z54.0,Convalescence following surgery,CFS
Z54.1,Convalescence following radiotherapy,CFR
Z54.2,Convalescence following chemotherapy,CFC
Z54.3,Convalescence following psychotherapy,CFP
Z54.4,Convalescence following treatment of fracture,CFT
Z54.7,Convalescence following combined treatment Convalescence following any combination of treatments classified to Z54.0–Z54.4,CFC
Z54.8,Convalescence following other treatment,CFT
Z54.9,Convalescence following unspecified treatment,CFT NOS
Z55,Problems related to education and literacy,PRE
Z55.0,Illiteracy and low-level literacy,ILL
Z55.1,Schooling unavailable and unattainable,SUU
Z55.2,Failed examinations,FE
Z55.3,Underachievement in school,UIS
Z55.4,Educational maladjustment and discord with teachers and classmates,EMD
Z55.8,Other problems related to education and literacy Inadequate teaching,PRE
Z55.9,"Problem related to education and literacy, unspecified",PRE NOS
Z55–Z65,circumstances,CIRC
Z56,Problems related to employment and unemployment,PRE
Z56.0,"Unemployment, unspecified",UNEM NOS
Z56.1,Change of job,CJ
Z56.2,Threat of job loss,TJL
Z56.3,Stressful work schedule,SWS
Z56.4,Discord with boss and workmates,DBW
Z56.5,Uncongenial work Difficult conditions at work,UWD
Z56.6,Other physical and mental strain related to work,PMS
Z56.7,Other and unspecified problems related to employment,PRE NOS
Z57,Occupational exposure to risk-factors,OER
Z57.0,Occupational exposure to noise,OEN
Z57.1,Occupational exposure to radiation,OER
Z57.2,Occupational exposure to dust,OED
Z57.3,Occupational exposure to other air contaminants,OEA
Z57.4,"Occupational exposure to toxic agents in agriculture Solids, liquids, gases or vapours",OET
Z57.5,"Occupational exposure to toxic agents in other industries Solids, liquids, gases or vapours",OET
Z57.6,Occupational exposure to extreme temperature,OEE
Z57.7,Occupational exposure to vibration,OEV
Z57.8,Occupational exposure to other risk-factors,OER
Z57.9,Occupational exposure to unspecified risk-factor,OER NOS
Z58,Problems related to physical environment,PRP
Z58.0,Exposure to noise,EN
Z58.1,Exposure to air pollution,EAP
Z58.2,Exposure to water pollution,EWP
Z58.3,Exposure to soil pollution,ESP
Z58.4,Exposure to radiation,ER
Z58.5,Exposure to other pollution,EP
Z58.6,Inadequate drinking-water supply,IDS
Z58.7,Exposure to tobacco smoke Passive smoking,ETS
Z58.8,Other problems related to physical environment,PRP
Z58.9,"Problem related to physical environment, unspecified",PRP NOS
Z59,Problems related to housing and economic circumstances,PRH
Z59.0,Homelessness,HOME
Z59.1,Inadequate housing Lack of heating Restriction of space Technical defects in home preventing adequate care Unsatisfactory surroundings,IHL
Z59.2,"Discord with neighbours, lodgers and landlord",DNL
Z59.3,Problems related to living in residential institution Boarding-school resident,PRL
Z59.4,Lack of adequate food,LAF
Z59.5,Extreme poverty,EP
Z59.6,Low income,LI
Z59.7,Insufficient social insurance and welfare support,ISI
Z59.8,Other problems related to housing and economic circumstances Foreclosure on loan Isolated dwelling Problems with creditors,PRH
Z59.9,"Problem related to housing and economic circumstances, unspecified",PRH NOS
Z60,Problems related to social environment,PRS
Z60.0,Problems of adjustment to life-cycle transitions Adjustment to retirement [pension] Empty nest syndrome,PAL
Z60.1,Atypical parenting situation Problems related to a parenting situation (rearing of children) with a single parent or other than that of two cohabiting biological parents.,APS
Z60.2,Living alone,LA
Z60.3,Acculturation difficulty Migration Social transplantation,ADM
Z60.4,"Social exclusion and rejection Exclusion and rejection on the basis of personal characteristics, such as unusual physical appearance, illness or behaviour.",SER
Z60.5,"Target of perceived adverse discrimination and persecution Persecution or discrimination, perceived or real, on the basis of membership of some group (as defined by skin colour, religion, ethnic origin, etc.) rather than personal characteristics.",TPA
Z60.8,Other problems related to social environment,PRS
Z60.9,"Problem related to social environment, unspecified",PRS NOS
Z61,Problems related to negative life events in childhood,PRN
Z61.0,"Loss of love relationship in childhood Loss of an emotionally close relationship, such as of a parent, a sibling, a very special friend or a loved pet, by death or permanent departure or rejection.",LLR
Z61.1,"Removal from home in childhood Admission to a foster home, hospital or other institution causing psychosocial stress, or forced conscription into an activity away from home for a prolonged period.",RFH
Z61.2,Altered pattern of family relationships in childhood Arrival of a new person into a family resulting in adverse change in child’s relationships. May include new marriage by a parent or birth of a sibling.,APF
Z61.3,Events resulting in loss of self-esteem in childhood Events resulting in a negative self-reappraisal by the child such as failure in tasks with high personal investment; disclosure or discovery of a shameful or stigmatizing personal or family event; and other humiliating experiences.,ERI
Z61.4,"Problems related to alleged sexual abuse of child by person within primary support group Problems related to any form of physical contact or exposure between an adult member of the child’s household and the child that has led to sexual arousal, whether or not the child has willingly engaged in the sexual acts (e.g. any genital contact or manipulation or deliberate exposure of breasts or genitals).",PRA
Z61.5,"Problems related to alleged sexual abuse of child by person outside primary support group Problems related to contact or attempted contact with the child’s or the other person’s breasts or genitals, sexual exposure in close confrontation or attempt to undress or seduce the child, by a substantially older person outside the child’s family, either on the basis of this person’s position or status or against the will of the child.",PRA
Z61.6,"Problems related to alleged physical abuse of child Problems related to incidents in which the child has been injured in the past by any adult in the household to a medically significant extent (e.g. fractures, marked bruising) or that involved abnormal forms of violence (e.g. hitting the child with hard or sharp implements, burning or tying up of the child).",PRA
Z61.7,"Personal frightening experience in childhood Experience carrying a threat for the child’s future, such as a kidnapping, natural disaster with a threat to life, injury with a threat to self-image or security, or witnessing a severe trauma to a loved one.",PFE
Z61.8,Other negative life events in childhood,NLE
Z61.9,"Negative life event in childhood, unspecified",NLE NOS
Z62,Other problems related to upbringing,PRU
Z62.0,Inadequate parental supervision and control Lack of parental knowledge of what the child is doing or where the child is; poor control; lack of concern or lack of attempted intervention when the child is in risky situations.,IPS
Z62.1,Parental overprotection Pattern of upbringing resulting in infantilization and prevention of independent behaviour.,POP
Z62.2,"Institutional upbringing Group foster care in which parenting responsibilities are largely taken over by some form of institution (such as residential nursery, orphanage, or children’s home), or therapeutic care over a prolonged period in which the child is in a hospital, convalescent home or the like, without at least one parent living with the child.",IUG
Z62.3,"Hostility towards and scapegoating of child Negative parental behaviour specifically focused on the child as an individual, persistent over time and pervasive over several child behaviours (e.g. automatically blaming the child for any problems in the household or attributing negative characteristics to the child).",HTS
Z62.4,"Emotional neglect of child Parent talking to the child in a dismissive or insensitive way. Lack of interest in the child, of sympathy for the child’s difficulties and of praise and encouragement. Irritated reaction to anxious behaviour and absence of sufficient physical comforting and emotional warmth.",ENC
Z62.5,Other problems related to neglect in upbringing Lack of learning and play experience,PRN
Z62.6,"Inappropriate parental pressure and other abnormal qualities of upbringing Parents forcing the child to be different from the local norm, either sex-inappropriate (e.g. dressing a boy in girl’s clothes), age-inappropriate (e.g. forcing a child to take on responsibilities above her or his own age) or otherwise inappropriate (e.g. pressing the child to engage in unwanted or too difficult activities).",IPP
Z62.8,Other specified problems related to upbringing,PRU
Z62.9,"Problem related to upbringing, unspecified",PRU NOS
Z63,"Other problems related to primary support group, including family circumstances",PRP
Z63.0,"Problems in relationship with spouse or partner Discord between partners resulting in severe or prolonged loss of control, in generalization of hostile or critical feelings or in a persisting atmosphere of severe interpersonal violence (hitting or striking).",PIR
Z63.1,Problems in relationship with parents and in-laws,PIR
Z63.2,Inadequate family support,IFS
Z63.3,Absence of family member,AFM
Z63.4,Disappearance and death of family member Assumed death of family member,DDF
Z63.5,Disruption of family by separation and divorce Estrangement,DFB
Z63.6,Dependent relative needing care at home,DRN
Z63.7,Other stressful life events affecting family and household Anxiety (normal) about sick person in family Health problems within family Ill or disturbed family member Isolated family,SLE
Z63.8,Other specified problems related to primary support group Family discord NOS High expressed emotional level within family Inadequate or distorted communication within family,PRP NOS
Z63.9,"Problem related to primary support group, unspecified",PRP NOS
Z64,Problems related to certain psychosocial circumstances,PRC
Z64.0,Problems related to unwanted pregnancy,PRU
Z64.1,Problems related to multiparity,PRM
Z64.2,"Seeking and accepting physical, nutritional and chemical interventions known to be hazardous and harmful",SAP
Z64.3,Seeking and accepting behavioural and psychological interventions known to be hazardous and harmful,SAB
Z64.4,Discord with counsellors Discord with: • probation officer • social worker,DCD
Z65,Problems related to other psychosocial circumstances,PRP
Z65.0,Conviction in civil and criminal proceedings without imprisonment,CIC
Z65.1,Imprisonment and other incarceration,II
Z65.2,Problems related to release from prison,PRR
Z65.3,Problems related to other legal circumstances Arrest Child custody or support proceedings Litigation Prosecution,PRL
Z65.4,Victim of crime and terrorism Victim of torture,VCT
Z65.5,"Exposure to disaster, war and other hostilities",EDW
Z65.8,Other specified problems related to psychosocial circumstances,PRP
Z65.9,Problem related to unspecified psychosocial circumstances Persons encountering health services in other circumstances (Z70–Z76),PRP NOS
Z70,"Counselling related to sexual attitude, behaviour and orientation",CRS
Z70.0,"Counselling related to sexual attitude Person concerned regarding embarrassment, timidity or other negative response to sexual matters",CRS
Z70.1,Counselling related to patient’s sexual behaviour and orientation Patient concerned regarding: • impotence • non-responsiveness • promiscuity • sexual orientation,CRP
Z70.2,Counselling related to sexual behaviour and orientation of third party Advice sought regarding sexual behaviour and orientation of: • child • partner • spouse,CRS
Z70.3,"Counselling related to combined concerns regarding sexual attitude, behaviour and orientation",CRC
Z70.8,Other sex counselling Sex education,SCS
Z70.9,"Sex counselling, unspecified",SC NOS
Z70–Z76,Persons encountering health services in other circumstances,PEH
Z71,"Persons encountering health services for other counselling and medical advice, not elsewhere classified",PEH
Z71.0,Person consulting on behalf of another person Advice or treatment for non-attending third party,PCO
Z71.1,Person with feared complaint in whom no diagnosis is made Feared condition not demonstrated Problem was normal state ‘Worried well’,PFC NOS
Z71.2,Person consulting for explanation of investigation findings,PCF
Z71.3,Dietary counselling and surveillance Dietary counselling and surveillance (for): • NOS • colitis • diabetes mellitus • food allergies or intolerance • gastritis • hypercholesterolaemia • obesity,DM
Z71.4,Alcohol abuse counselling and surveillance,AAC
Z71.5,Drug abuse counselling and surveillance,DAC
Z71.6,Tobacco abuse counselling,TAC
Z71.7,Human immunodeficiency virus [HIV] counselling,HIV
Z71.8,Other specified counselling Consanguinity counselling,CCC
Z71.9,"Counselling, unspecified Medical advice NOS",CMA NOS
Z72,Problems related to lifestyle,PRL
Z72.0,Tobacco use,TU
Z72.1,Alcohol use,AU
Z72.2,Drug use,DU
Z72.3,Lack of physical exercise,LPE
Z72.4,Inappropriate diet and eating habits,IDE
Z72.5,High-risk sexual behaviour,HSB
Z72.6,Gambling and betting,GB
Z72.8,Other problems related to lifestyle Self-damaging behaviour,PRL
Z72.9,"Problem related to lifestyle, unspecified",PRL NOS
Z73,Problems related to life-management difficulty,PRL
Z73.0,Burn-out State of vital exhaustion,BSV
Z73.1,"Accentuation of personality traits Type A behaviour pattern (characterized by unbridled ambition, a need for high achievement, impatience, competitiveness and a sense of urgency)",APT
Z73.2,Lack of relaxation and leisure,LRL
Z73.3,"Stress, not elsewhere classified Physical and mental strain NOS",SNE NOS
Z73.4,"Inadequate social skills, not elsewhere classified",ISS
Z73.5,"Social role conflict, not elsewhere classified",SRC
Z73.6,Limitation of activities due to disability,LAD
Z73.8,Other problems related to life-management difficulty,PRL
Z73.9,"Problem related to life-management difficulty, unspecified",PRL NOS
Z74,Problems related to care-provider dependency,PRC
Z74.0,Need for assistance due to reduced mobility,NFA
Z74.1,Need for assistance with personal care,NFA
Z74.2,Need for assistance at home and no other household member able to render care,NFA
Z74.3,Need for continuous supervision,NFC
Z74.8,Other problems related to care-provider dependency,PRC
Z74.9,"Problem related to care-provider dependency, unspecified",PRC NOS
Z75,Problems related to medical facilities and other health care,PRM
Z75.0,Medical services not available in home,MSN
Z75.1,Person awaiting admission to adequate facility elsewhere,PAA
Z75.2,Other waiting period for investigation and treatment,WPF
Z75.3,Unavailability and inaccessibility of health-care facilities,UIH
Z75.4,Unavailability and inaccessibility of other helping agencies,UIH
Z75.5,"Holiday relief care Provision of health-care facilities to a person normally cared for at home, in order to enable relatives to take a vacation. Respite care",HRC
Z75.8,Other problems related to medical facilities and other health care,PRM
Z75.9,Unspecified problem related to medical facilities and other health care,PRM NOS
Z76,Persons encountering health services in other circumstances,PEH
Z76.0,Issue of repeat prescription Issue of repeat prescription for: • appliance • medicaments • spectacles,IRP
Z76.1,Health supervision and care of foundling,HSC
Z76.2,Health supervision and care of other healthy infant and child Medical or nursing care or supervision of healthy infant under circumstances such as: • adverse socioeconomic conditions at home • awaiting foster or adoptive placement • maternal illness • number of children at home preventing or interfering with normal care,HSC
Z76.3,Healthy person accompanying sick person,HPA
Z76.4,Other boarder in health-care facility,BIH
Z76.5,Malingerer [conscious simulation] Person feigning illness (with obvious motivation),MPF
Z76.8,Persons encountering health services in other specified circumstances,PEH
Z76.9,Person encountering health services in unspecified circumstances Persons with potential health hazards related to family and personal history and certain conditions influencing health status (Z80–Z99),PEH NOS
Z80,Family history of malignant neoplasm,FHM
Z80.0,Family history of malignant neoplasm of digestive organs Conditions classifiable to C15–C26,FHM
Z80.1,"Family history of malignant neoplasm of trachea, bronchus and lung Conditions classifiable to C33–C34",FHM
Z80.2,"Family history of malignant neoplasm of other respiratory and intrathoracic organs Conditions classifiable to C30–C32, C37–C39",FHM
Z80.3,Family history of malignant neoplasm of breast Conditions classifiable to C50.-,FHM
Z80.4,Family history of malignant neoplasm of genital organs Conditions classifiable to C51–C63,FHM
Z80.5,Family history of malignant neoplasm of urinary tract Conditions classifiable to C64–C68,FHM
Z80.6,Family history of leukaemia Conditions classifiable to C91–C95,FHL
Z80.7,"Family history of other malignant neoplasms of lymphoid, haematopoietic and related tissues Conditions classifiable to C81–C90, C96.-",FHM
Z80.8,"Family history of malignant neoplasm of other organs or systems Conditions classifiable to C00–C14, C40–C49, C69–C79, C97",FHM
Z80.9,"Family history of malignant neoplasm, unspecified Conditions classifiable to C80.-",FHM NOS
Z80–Z99,Persons with potential health hazards related to family and personal history and certain conditions influencing health status,PPH
Z81,Family history of mental and behavioural disorders,FHM
Z81.0,Family history of mental retardation Conditions classifiable to F70–F79,FHM
Z81.1,Family history of alcohol abuse Conditions classifiable to F10.-,FHA
Z81.2,Family history of tobacco abuse Conditions classifiable to F17.-,FHT
Z81.3,"Family history of other psychoactive substance abuse Conditions classifiable to F11–F16, F18–F19",FHP
Z81.4,Family history of other substance abuse Conditions classifiable to F55,FHS
Z81.8,Family history of other mental and behavioural disorders Conditions classifiable elsewhere in F00–F99,FHM
Z82,Family history of certain disabilities and chronic diseases leading to disablement,FHC
Z82.0,Family history of epilepsy and other diseases of the nervous system Conditions classifiable to G00–G99,FHE
Z82.1,Family history of blindness and visual loss Conditions classifiable to H54.-,FHB
Z82.2,Family history of deafness and hearing loss Conditions classifiable to H90–H91,FHD
Z82.3,Family history of stroke Conditions classifiable to I60–I64,CVA
Z82.4,"Family history of ischaemic heart disease and other diseases of the circulatory system Conditions classifiable to I00–I52, I65–I99",FHI
Z82.5,Family history of asthma and other chronic lower respiratory diseases Conditions classifiable to J40–J47,FHA
Z82.6,Family history of arthritis and other diseases of the musculoskeletal system and connective tissue Conditions classifiable to M00–M99,FHA
Z82.7,"Family history of congenital malformations, deformations and chromosomal abnormalities Conditions classifiable to Q00–Q99",FHC
Z82.8,"Family history of other disabilities and chronic diseases leading to disablement, not elsewhere classified",FHD
Z83,Family history of other specific disorders,FHS
Z83.0,"Family history of human immunodeficiency virus [HIV] disease Conditions classifiable to B20–B24, O98.7",HIV
Z83.1,"Family history of other infectious and parasitic diseases Conditions classifiable to A00–B19, B25–B94, B99",FHI
Z83.2,Family history of diseases of the blood and blood-forming organs and certain disorders involving the immune mechanism Conditions classifiable to D50–D89,FHD
Z83.3,"Family history of diabetes mellitus Conditions classifiable to E10–E14, O24",DM
Z83.4,"Family history of other endocrine, nutritional and metabolic diseases Conditions classifiable to E00–E07, E15–E90",FHE
Z83.5,"Family history of eye and ear disorders Conditions classifiable to H00–H53, H55–H83, H92–H95",FHE
Z83.6,"Family history of diseases of the respiratory system Conditions classifiable to J00–J39, J60–J99",FHD
Z83.7,Family history of diseases of the digestive system Conditions classifiable to K00–K93,FHD
Z84,Family history of other conditions,FHC
Z84.0,Family history of diseases of the skin and subcutaneous tissue Conditions classifiable to L00–L99,FHD
Z84.1,Family history of disorders of kidney and ureter Conditions classifiable to N00–N29,FHD
Z84.2,Family history of other diseases of the genitourinary system Conditions classifiable to N30–N99,FHD
Z84.3,Family history of consanguinity,FHC
Z84.8,Family history of other specified conditions,FHC
Z85,Personal history of malignant neoplasm,PHM
Z85.0,Personal history of malignant neoplasm of digestive organs Conditions classifiable to C15–C26,PHM
Z85.1,"Personal history of malignant neoplasm of trachea, bronchus and lung Conditions classifiable to C33–C34",PHM
Z85.2,"Personal history of malignant neoplasm of other respiratory and intrathoracic organs Conditions classifiable to C30–C32, C37–C39",PHM
Z85.3,Personal history of malignant neoplasm of breast Conditions classifiable to C50.-,PHM
Z85.4,Personal history of malignant neoplasm of genital organs Conditions classifiable to C51–C63,PHM
Z85.5,Personal history of malignant neoplasm of urinary tract Conditions classifiable to C64–C68,PHM
Z85.6,Personal history of leukaemia Conditions classifiable to C91–C95,PHL
Z85.7,"Personal history of other malignant neoplasms of lymphoid, haematopoietic and related tissues Conditions classifiable to C81–C90, C96.-",PHM
Z85.8,"Personal history of malignant neoplasms of other organs and systems Conditions classifiable to C00–C14, C40–C49, C69–C79, C97",PHM
Z85.9,"Personal history of malignant neoplasm, unspecified Conditions classifiable to C80.-",PHM NOS
Z86,Personal history of certain other diseases,PHC
Z86.0,Personal history of other neoplasms Conditions classifiable to D00–D48,PHN
Z86.1,"Personal history of infectious and parasitic diseases Conditions classifiable to A00–B89, B99",PHI
Z86.2,Personal history of diseases of the blood and blood-forming organs and certain disorders involving the immune mechanism Conditions classifiable to D50–D89,PHD
Z86.3,"Personal history of endocrine, nutritional and metabolic diseases Conditions classifiable to E00–E90",PHE
Z86.4,Personal history of psychoactive substance abuse Conditions classifiable to F10–F19,PHP
Z86.5,"Personal history of other mental and behavioural disorders Conditions classifiable to F00–F09, F20–F99",PHM
Z86.6,"Personal history of diseases of the nervous system and sense organs Conditions classifiable to G00–G99, H00–H95",PHD
Z86.7,Personal history of diseases of the circulatory system Conditions classifiable to I00–I99,PHD
Z87,Personal history of other diseases and conditions,PHD
Z87.0,Personal history of diseases of the respiratory system Conditions classifiable to J00–J99,PHD
Z87.1,Personal history of diseases of the digestive system Conditions classifiable to K00–K93,PHD
Z87.2,Personal history of diseases of the skin and subcutaneous tissue Conditions classifiable to L00–L99,PHD
Z87.3,Personal history of diseases of the musculoskeletal system and connective tissue Conditions classifiable to M00–M99,PHD
Z87.4,Personal history of diseases of the genitourinary system Conditions classifiable to N00–N99,PHD
Z87.5,"Personal history of complications of pregnancy, childbirth and the puerperium Conditions classifiable to O00–O99 Personal history of trophoblastic disease",PHC
Z87.6,Personal history of certain conditions arising in the perinatal period Conditions classifiable to P00–P96,PHC
Z87.7,"Personal history of congenital malformations, deformations and chromosomal abnormalities Conditions classifiable to Q00–Q99",PHC
Z87.8,Personal history of other specified conditions Conditions classifiable to S00–T98,PHC
Z88,"Personal history of allergy to drugs, medicaments and biological substances",PHA
Z88.0,Personal history of allergy to penicillin,PHA
Z88.1,Personal history of allergy to other antibiotic agents,PHA
Z88.2,Personal history of allergy to sulfonamides,PHA
Z88.3,Personal history of allergy to other anti-infective agents,PHA
Z88.4,Personal history of allergy to anaesthetic agent,PHA
Z88.5,Personal history of allergy to narcotic agent,PHA
Z88.6,Personal history of allergy to analgesic agent,PHA
Z88.7,Personal history of allergy to serum and vaccine,PHA
Z88.8,"Personal history of allergy to other drugs, medicaments and biological substances",PHA
Z88.9,"Personal history of allergy to unspecified drugs, medicaments and biological substances",PHA NOS
Z89,Acquired absence of limb,AAL
Z89.0,"Acquired absence of finger(s) [including thumb], unilateral",AAF
Z89.1,Acquired absence of hand and wrist,AAH
Z89.2,Acquired absence of upper limb above wrist Arm NOS,AAU NOS
Z89.3,"Acquired absence of both upper limbs [any level] Acquired absence of finger(s), bilateral",AAB
Z89.4,Acquired absence of foot and ankle Toe(s),AAF
Z89.5,Acquired absence of leg at or below knee,AAL
Z89.6,Acquired absence of leg above knee Leg NOS,AAL NOS
Z89.7,"Acquired absence of both lower limbs [any level, except toes alone]",AAB
Z89.8,Acquired absence of upper and lower limbs [any level],AAU
Z89.9,"Acquired absence of limb, unspecified",AAL NOS
Z89–Z90,• absence of limbs and organs,•AL
Z90,"Acquired absence of organs, not elsewhere classified",AAO
Z90.0,Acquired absence of part of head and neck Eye Larynx Nose,AAP NOS
Z90.1,Acquired absence of breast(s),AAB
Z90.2,Acquired absence of lung [part of],AAL
Z90.3,Acquired absence of part of stomach,AAP
Z90.4,Acquired absence of other parts of digestive tract,AAP
Z90.5,Acquired absence of kidney,AAK
Z90.6,Acquired absence of other organs of urinary tract,AAO
Z90.7,Acquired absence of genital organ(s),AAG
Z90.8,Acquired absence of other organs,AAO
Z91,"Personal history of risk-factors, not elsewhere classified",PHR
Z91.0,"Personal history of allergy, other than to drugs and biological substances",PHA
Z91.1,Personal history of noncompliance with medical treatment and regimen,PHN
Z91.2,Personal history of poor personal hygiene,PHP
Z91.3,Personal history of unhealthy sleep–wake schedule,PHU
Z91.4,"Personal history of psychological trauma, not elsewhere classified",PHP
Z91.5,Personal history of self-harm Parasuicide Self-poisoning Suicide attempt,PHS
Z91.6,Personal history of other physical trauma,PHP
Z91.7,Personal history of female genital mutilation Female circumcision Female genital cutting FGM types 1–4,PHF
Z91.8,"Personal history of other specified risk-factors, not elsewhere classified Abuse NOS Maltreatment NOS",PHR NOS
Z92,Personal history of medical treatment,PHM
Z92.0,Personal history of contraception,PHC
Z92.1,Personal history of long-term (current) use of anticoagulants,PHL
Z92.2,Personal history of long-term (current) use of other medicaments Aspirin,PHL
Z92.3,Personal history of irradiation Therapeutic radiation,PHI
Z92.4,"Personal history of major surgery, not elsewhere classified",PHM
Z92.5,Personal history of rehabilitation measures,PHR
Z92.6,Personal history of chemotherapy for neoplastic disease,PHC
Z92.8,Personal history of other medical treatment,PHM
Z92.9,"Personal history of medical treatment, unspecified",PHM NOS
Z93,Artificial opening status,AOS
Z93.0,Tracheostomy status,TS
Z93.1,Gastrostomy status,GS
Z93.2,Ileostomy status,IS
Z93.3,Colostomy status,CS
Z93.4,Other artificial openings of gastrointestinal tract status,AOG
Z93.5,Cystostomy status,CS
Z93.6,Other artificial openings of urinary tract status Nephrostomy Ureterostomy Urethrostomy,AOU
Z93.8,Other artificial opening status,AOS
Z93.9,"Artificial opening status, unspecified",AOS NOS
Z94,Transplanted organ and tissue status,TOT
Z94.0,Kidney transplant status,KTS
Z94.1,Heart transplant status,HTS
Z94.2,Lung transplant status,LTS
Z94.3,Heart and lungs transplant status,HLT
Z94.4,Liver transplant status,LTS
Z94.5,Skin transplant status Autogenous skin transplant status,STS
Z94.6,Bone transplant status,BTS
Z94.7,Corneal transplant status,CTS
Z94.8,Other transplanted organ and tissue status Bone marrow Intestine Pancreas Stem cells,TOT
Z94.9,"Transplanted organ and tissue status, unspecified",TOT NOS
Z95,Presence of cardiac and vascular implants and grafts,PCV
Z95.0,Presence of electronic cardiac devices Presence of: • cardiac pacemaker • cardiac resynchronization therapy defibrillator (CRT-D) • cardiac resynchronization therapy (CRT) pacemaker • cardioverter-defibrillator (ICD),PEC
Z95.1,Presence of aortocoronary bypass graft,PAB
Z95.2,Presence of prosthetic heart valve,PPH
Z95.3,Presence of xenogenic heart valve,PXH
Z95.4,Presence of other heart-valve replacement,PHR
Z95.5,Presence of coronary angioplasty implant and graft Presence of coronary artery prosthesis Status following coronary angioplasty NOS,PCA NOS
Z95.8,Presence of other cardiac and vascular implants and grafts Presence of intravascular prosthesis NEC Status following peripheral angioplasty NOS,PCV NOS
Z95.9,"Presence of cardiac and vascular implant and graft, unspecified",PCV NOS
Z95–Z96,presence of functional implants and grafts transplanted organ or tissue status (Z94.-),PFI
Z95–Z97,presence of prosthetic and other devices,PPD
Z96,Presence of other functional implants,PFI
Z96.0,Presence of urogenital implants,PUI
Z96.1,Presence of intraocular lens Pseudophakia,PIL
Z96.2,Presence of otological and audiological implants Bone-conduction hearing device Cochlear implant Eustachian tube stent Myringotomy tube(s) Stapes replacement,POA
Z96.3,Presence of artificial larynx,PAL
Z96.4,Presence of endocrine implants Insulin pump,PEI
Z96.5,Presence of tooth-root and mandibular implants,PTM
Z96.6,Presence of orthopaedic joint implants Finger-joint replacement Hip-joint replacement (partial)(total),POJ
Z96.7,Presence of other bone and tendon implants Skull plate,PBT
Z96.8,Presence of other specified functional implants,PFI
Z96.9,"Presence of functional implant, unspecified",PFI NOS
Z97,Presence of other devices,PD
Z97.0,Presence of artificial eye,PAE
Z97.1,Presence of artificial limb (complete)(partial),PAL
Z97.2,Presence of dental prosthetic device (complete)(partial),PDP
Z97.3,Presence of spectacles and contact lenses,PSC
Z97.4,Presence of external hearing-aid,PEH
Z97.5,Presence of (intrauterine) contraceptive device,PCD
Z97.8,Presence of other specified devices,PD
Z98,Other postsurgical states,PS
Z98.0,Intestinal bypass and anastomosis status,IBA
Z98.1,Arthrodesis status,AS
Z98.2,Presence of cerebrospinal fluid drainage device CSF shunt,PCF
Z98.8,Other specified postsurgical states,PS
Z99,"Dependence on enabling machines and devices, not elsewhere classified",DOE
Z99.0,Dependence on aspirator,DOA
Z99.1,Dependence on respirator Dependence on ventilator,DOR
Z99.2,Dependence on renal dialysis Presence of arteriovenous shunt for dialysis Renal dialysis status,DOR
Z99.3,Dependence on wheelchair,DOW
Z99.4,Dependence on artificial heart,DOA
Z99.8,Dependence on other enabling machines and devices,DOE
Z99.9,Dependence on unspecified enabling machine and device,DOE NOS
